{
    "title": "Mattia Ahmet Minguzzi cinayetinde yeni gelişme",
    "content": "Bu videoyu izlemek için lütfen JavaScript'i etkinleştirin İstanbul Kadıköy'de alışveriş yapmak için gittiği bit pazarında bıçaklı saldırıya uğrayan İtalyan şef Andrea Minguzzi ile çellist Yasemin Akıncılar'ın oğlu Mattia Ahmet Minguzzi, hayatını kaybetti. 15 yaşındaki çocuğun ölümüyle ilgili'Çocuğa karşı kasten öldürme'suçundan 24'er yıla kadar hapis cezası istemiyle açılan davada sanıkların yargılanması sürerken, davayla ilgili yeni bir gelişme yaşandı.. ORGANİZE SUÇ ÖRGÜTÜ KAPSAMINA ALINDI Minguzzi cinayeti soruşturması,“Organize Suç Örgütü”kapsamına alındı. AİLEYE TEHDİT Öte yandan Minguzzi'nin öldürülmesinin ardından ailesi tehdit edilmiş, genç çocuğun annesi Yasemin Minguzzi'ye gönderilen mesajlar, toplumda büyük tepki uyandırmıştı.. Tehdit sonrası emniyet güçleri tarafından yapılan operasyonda aileyi tehdit eden 4'ü çocuk 5 şüpheli tutuklanmıştı.. MEZARI TAHRİP EDİLDİ Minguzzi'nin davasının görüleceği gün ise mezarı tahrip edilmişti... Ailenin şikayetiyle mezarı tahrip eden şüpheli 67 yaşındaki Duran A. çıkarıldığı mahkeme tarafından tutuklanarak cezaevine gönderilmişti.",
    "url": "https://www.ensonhaber.com/gundem/mattia-ahmet-minguzzi-cinayetinde-yeni-gelisme",
    "source": "ensonhaber",
    "genre": "gundem",
    "article_date": "2025-04-22T12:17:56.220317",
    "request_date": "2025-04-22T12:17:56.220317",
    "is_empty": false
}