{
  "id": null,
  "articleId": "fd782e90-e9fa-4a4b-bf8a-2cd8bc24bea4",
  "title": "Fenerbahçe-Paris Basketbol Play-off Maçı",
  "content": "",
  "summary": "Fenerbahçe-Paris Basketbol playoff serisi, 22 ve 24 Nisan'da 20.45'te S Sport'ta.  Fenerbahçe saha avantajına sahip.",
  "longerSummary": "Fenerbahçe Beko, THY Avrupa Ligi play-off turunda Paris Basketbol ile karşılaşacak.  Seri, 22 Nisan Salı günü saat 20:45'te Ülker Spor ve Etkinlik Salonu'nda başlayacak ve S Sport'tan canlı yayınlanacak.  Normal sezonu ikinci sırada bitiren Fenerbahçe Beko, saha avantajına sahip.  Normal sezonu sekizinci sırada tamamlayan Paris Basketbol ise play-in turunda Real Madrid'i eleyerek play-off'a yükseldi.  Seride ilk iki maç Fenerbahçe Beko'nun ev sahipliğinde oynanacak; ikinci maç 24 Nisan Perşembe günü saat 20:45'te başlayacak.  Her iki takımın normal sezon karşılaşmalarını da Fenerbahçe Beko kazandı (87-83 ve 101-100).  Seriyi 3 maç kazanan takım Dörtlü Final'e yükselecek.  Fenerbahçe Beko'da Nigel Hayes-Davis normal sezonun en iyi 5'ine seçilirken, Sarunas Jasikevicius yılın koçu seçildi.",
  "category": "Spor",
  "tags": [],
  "source": [
    "https://www.cnnturk.com/spor/basketbol/fenerbahce-beko-paris-basketbol-maci-saat-kacta-hangi-kanalda-basketbolda-dortlu-final-mucadelesi-2273530",
    "https://www.sabah.com.tr/spor/basketbol/2025/04/21/fenerbahce-beko-play-off-macinda-paris-basketbolu-agirlayacak"
  ],
  "location": null,
  "popularityScore": 0,
  "createdAt": null,
  "image": "image.jpg",
  "priority": null
}