{
  "id": null,
  "articleId": "b59e3d6a-96a0-4d09-a838-8d5bb72238de",
  "title": "600 bin kamu işçisi toplu sözleşme görüşmeleri",
  "content": "",
  "summary": "Kamu işçileri toplu sözleşmesi 24 Nisan'da görüşülecek.  ABD'de Filistin yanlısı öğrenciler baskı altında.  İmamoğlu'nun babasına 3 daire verildiği iddia edildi.  23 Nisan şenlikleri 4 ilde yapılacak.  Türkiye-Cezayir ticaret hacmini 10 milyar dolara çıkaracak.  Sırrı Süreyya Önder'in hayati tehlikesi devam ediyor.  İstanbul'da FETÖ'ye yönelik büyük operasyon.  İHA gemileri deniz savaşlarında yeni rekabet başlattı.  İstanbul'da DEAŞ operasyonunda 14 gözaltı.  İmamoğlu, Eurofighter satışına ilişkin çağrıda bulundu.",
  "longerSummary": "Error during generation",
  "category": "Error during generation",
  "tags": [],
  "source": [
    "https://www.milliyet.com.tr/gundem/kitlikla-ortaya-cikan-gizli-lezzet-armut-ekmegi-insanlar-yedikce-yiyesi-geliyor-7355925",
    "https://www.turkiyegazetesi.com.tr/yasam/sahile-gidenler-kacisti-datcada-kopekbaligi-panigi-kamerada-1110443",
    "https://www.birgun.net/haber/kastamonu-da-hamile-kadinin-cansiz-bedeni-evde-bulundu-evli-oldugu-erkek-tutuklandi-617359",
    "https://www.ntv.com.tr/turkiye/sarachane-protestolari-davasi-49-sanikli-dava-ekim-ayina-ertelendi,ngSuUVr330iaqx4EaabazA",
    "https://www.turkiyegazetesi.com.tr/dunya/cinde-skandal-yolsuzlukla-mucadele-yetkilisi-rusvetten-tutuklandi-1110481",
    "https://t24.com.tr/haber/mahfi-egilmez-bu-faizle-uretim-yapmak-mumkun-degil,1234344",
    "https://bianet.org/haber/abd-de-musk-in-kamuda-giristigi-temizlik-guvenlik-riskine-donusuyor-306672",
    "https://www.ahaber.com.tr/gundem/2025/04/21/pkk-silah-mi-birakiyor-ak-parti-sozcusu-celik-bu-ay-yeni-gelismeler-olabilir",
    "https://www.cnnturk.com/turkiye/necati-ozkan-kimdir-ekrem-imamoglunun-danismani-necati-ozkan-nereli-kac-yasinda-2273572",
    "https://www.turkiyegazetesi.com.tr/yasam/manisada-pitbull-sahiplerine-304-bin-lira-ceza-kesildi-1110474",
    "https://www.birgun.net/haber/bakanin-kardesi-rusvet-mi-verdi-617320",
    "https://www.sabah.com.tr/yasam/son-dakika-diyanet-isleri-baskani-acikladi-2025-vekaletle-kurban-kesim-bedeli-belli-oldu-7339099",
    "https://t24.com.tr/haber/icisleri-bakani-yerlikaya-dan-emniyet-teskilatina-ovgu-sokaklari-terorize-etmeye-kalkanlarin-hayalleri-sizlerin-gayretleriyle-bosa-dustu,1232173",
    "https://www.ensonhaber.com/dunya/israilden-yeni-yerlesim-hamlesi-bati-seriada-haritali-isgal",
    "https://www.cnnturk.com/ekonomi/temu-icin-sure-daraliyor-erisim-engeli-kapida-2273528",
    "https://www.sabah.com.tr/spor/futbol/2025/04/21/tottenham-hotspur-evinde-nottingham-foresta-kaybetti",
    "https://www.takvim.com.tr/ekonomi/2025/04/22/emekli-farkli-zam-milyonlari-neler-bekliyor-gelirler-ne-kadar-artacak",
    "https://t24.com.tr/haber/bakan-simsek-brent-petrol-65-dolarin-altinda-kalirsa-yil-sonu-enflasyonu-yaklasik-1-ile-1-6-puan-asagida-olur,1232180",
    "https://www.birgun.net/haber/teskilat-dizisinin-yapimcisi-aybuke-pusat-a-iliskin-ilk-kez-konustu-617390",
    "https://www.birgun.net/haber/dostlarla-turku-soyleyelim-617351",
    "https://www.cnnturk.com/teknoloji/volkswagenden-surpriz-is-birligi-2273485",
    "https://www.cnnturk.com/dunya/cin-avrupa-ile-is-birligimizi-guclendirecegiz-2273562",
    "https://www.sabah.com.tr/spor/futbol/2025/04/21/fenerbahcede-kayserispor-maci-sonrasi-karar-cikti",
    "https://t24.com.tr/haber/sirri-sureyya-onder-in-kardesi-ulkuculer-hastaneye-gelip-kan-vermek-istedi-muhsin-yazicioglu-nun-koruma-amiri-ziyarete-geldi,1234302",
    "https://bianet.org/haber/uluslararasi-af-orgutunden-googlea-cagri-haklara-saygili-bir-yaklasima-gecilmeli-306657",
    "https://www.birgun.net/haber/ekolojik-arzin-yarattigi-distopya-617041",
    "https://www.dunya.com/sektorler/teknoloji/temuya-erisim-engeli-gundemde-haberi-773109",
    "https://www.ensonhaber.com/gundem/msb-paylasti-kahraman-askerlerimizin-zorlu-sartlarda-vatan-nobeti",
    "https://www.milliyet.com.tr/ekonomi/yatirimi-olanlara-risk-uyarisi-altinda-tarihi-rekor-7355816",
    "https://www.sabah.com.tr/dunya/almanyada-atlikarinca-kazasi-cok-sayida-yarali-var-7339101",
    "https://www.milliyet.com.tr/ekonomi/uzum-ureticilerine-asmalari-budamayin-uyarisi-7355992",
    "https://www.posta.com.tr/gundem/kurban-vekalet-ucretleri-aciklandi-2853149",
    "https://www.milliyet.com.tr/gundem/gozlerini-hic-kapatmadi-sessiz-bekleyis-13-yil-sonra-son-buldu-turkiyede-cok-ama-kimse-bilmiyor-7355963",
    "https://www.takvim.com.tr/spor/2025/04/19/galatasaray-ilk-transferini-bitiyor-anlasma-neredeyse-tamam",
    "https://www.cnnturk.com/spor/futbol/trabzonsporda-hedef-turkiye-kupasini-10-kez-muzeye-goturmek-2273604",
    "https://www.ntv.com.tr/dunya/alzheimer-teshisinde-yeni-donem-kan-testiyle-erken-tani-mumkun,opOVrUUjkEq1DxXlWLgFKg",
    "https://www.ahaber.com.tr/gundem/2025/04/22/istanbulda-deasa-darbe-14-gozalti-birden",
    "https://t24.com.tr/haber/kastamonu-da-erkek-dehseti-hamile-esini-oldurup-10-gun-cesediyle-birlikte-yasadi,1234289",
    "https://t24.com.tr/haber/piyasalar-baski-altindayken-bitcoin-yukseldi-son-dort-haftanin-en-yuksek-seviyesine-cikti,1234350",
    "https://www.cnnturk.com/turkiye/son-dakika-istanbulda-uyusturucu-operasyonu-801-5-kg-metamfetamin-ele-gecirildi-2273481",
    "https://t24.com.tr/haber/fatih-altayli-oso-israil-i-vurdu-mu,1234304",
    "https://www.takvim.com.tr/spor/2025/04/22/besiktasta-joao-mario-husrani",
    "https://www.birgun.net/haber/emineyi-olduren-sabikali-erkek-ahirda-yakalandi-617019",
    "https://www.turkiyegazetesi.com.tr/yasam/son-donemlerde-gundemden-dusmuyordu-aort-yirtilmasi-ile-ilgili-dikkat-ceken-detay-1110352",
    "https://www.birgun.net/haber/bir-dus-belgeseli-simdi-youtubeda-615461",
    "https://www.ahaber.com.tr/gundem/canli/canli-sirri-sureyya-onderin-saglik-durumu-nasil-hastaneden-yeni-aciklama-kalbin-sag-tarafinda-kasilmalar-basladi",
    "https://www.birgun.net/haber/sinema-ve-lezzet-bulusuyor-617042",
    "https://www.cnnturk.com/teknoloji/iphone-17-serisindeki-sizintilar-pro-max-modelinin-tasarimina-isik-tutuyor-2273483",
    "https://www.milliyet.com.tr/gundem/marmaray-duraklari-2022-halkali-gebze-tren-hareket-saatleri-seferleri-istasyonlari-ve-marmaray-durak-isimleri-6508197",
    "https://www.milliyet.com.tr/ekonomi/tarim-orman-surasi-bereketin-yuzyilina-rota-cizecek-7355991",
    "https://bianet.org/haber/murathan-munganin-50-sanat-yili-sempozyumla-kutlaniyor-306655",
    "https://www.milliyet.com.tr/gundem/igneadada-inanilmaz-olayi-herkes-izlemek-icin-seyir-terasina-akin-etti-7355862",
    "https://www.birgun.net/haber/krizi-kimler-firsata-cevirdi-yabanci-rasyonel-zeminden-kacti-617328",
    "https://www.turkiyegazetesi.com.tr/ekonomi/ons-ve-gramdan-yeni-rekor-1-asgari-ucret-artik-3-ceyrek-altin-1110427",
    "https://www.ahaber.com.tr/dunya/2025/04/21/netanyahu-kendisine-karsi-gosteri-yapanlari-fisledigi-ortaya-cikti",
    "https://www.cnnturk.com/teknoloji/katlanabilir-iphoneun-fiyat-bilgisini-ortaya-cikti-2273486",
    "https://www.milliyet.com.tr/dunya/wp-doge-danismanlarinin-milyonlarca-gocmenin-hassas-verisine-erisimine-izin-verildi-7355924",
    "https://www.cnnturk.com/ekonomi/22-nisan-doviz-kuru-bugun-dolar-kac-tl-euro-kac-tl-1-dolar-kac-lira-1-euro-kac-lira-22-nisan-serbest-piyasa-doviz-kurlari-2260064",
    "https://www.takvim.com.tr/spor/2025/04/22/fenerbahcede-kayserispor-beraberligi-bardagi-tasirdi-baskan-koc-cok-guvendigi-mourinhoya-isyan-bayragini-acti",
    "https://www.hurriyet.com.tr/gundem/antalyada-kres-servisinde-kaybolan-3-yasindaki-cocuk-8-saat-sonra-parkta-bulundu-42773231",
    "https://www.birgun.net/haber/ismail-kucukkaya-dan-bahceli-kulisi-bugun-aciklama-yapacak-617406",
    "https://t24.com.tr/haber/sosyal-medyadan-gonderdigi-emojiler-cinsel-taciz-sayildi-ceza-aldi,1234357",
    "https://www.takvim.com.tr/spor/2025/04/22/fenerbahcede-mourinho-karari",
    "https://www.turkiyegazetesi.com.tr/dunya/ermenistan-parlamentosunda-gerilim-tirmandi-inkar-tasarisi-kavgaya-donustu-1110502",
    "https://www.birgun.net/haber/yozgat-yol-gosteriyor-617337",
    "https://www.ensonhaber.com/gundem/ali-erbas-2025-yili-vekalet-yoluyla-kurban-kesim-bedellerini-acikladi",
    "https://t24.com.tr/haber/damacanadan-bir-bardak-su-1-lira-30-kurusa-doluyor-4-ayda-3-kere-zam-geldi,1234311",
    "https://www.turkiyegazetesi.com.tr/yasam/senede-bir-kere-acip-10-gun-yasiyor-koparmanin-cezasi-bu-yil-557-bin-tl-oldu-1110472",
    "https://www.birgun.net/haber/gungoren-de-kolonlarindan-ses-gelen-6-katli-bina-bosaltildi-617426",
    "https://www.sabah.com.tr/yazarlar/spor/timurlenk/2025/04/22/forma-buyuk-geldi",
    "https://bianet.org/haber/imamoglu-almanya-ya-seslendi-turkiye-erdogan-dan-buyuktur-eurofighter-kararini-geri-alin-306673",
    "https://www.cnnturk.com/teknoloji/samsung-android-15-yarisinda-geride-kaldi-2273484",
    "https://www.cnnturk.com/dunya/bm-haiti-geri-donusu-olmayan-bir-esige-yaklasiyor-2273573",
    "https://www.sabah.com.tr/yasam/abdest-nasil-alinir-kadin-erkek-abdest-alma-sirasi-ve-resimli-videolu-abdest-alinisi-5597586",
    "https://www.ensonhaber.com/dunya/abdde-usse-trumpin-fotografi-asilmadi-komutan-gorevden-alindi",
    "https://www.sabah.com.tr/dunya/abdde-federal-fon-krizi-harvard-universitesi-trump-yonetimine-karsi-direniyor-7339089",
    "https://t24.com.tr/haber/turizmin-kalbi-antalya-da-yangina-dayanikli-kapi-alarmi,1234313",
    "https://www.birgun.net/haber/erdogan-ve-ailesinin-sikayetiyle-dava-acilmisti-gazeteci-karabay-a-hapis-cezasi-verildi-616458",
    "https://www.cnnturk.com/turkiye/2025-kurban-kesim-bedeli-kurban-kesim-bedeli-ne-kadar-oldu-diyanet-isleri-yurt-ici-yurt-disi-kurban-kesim-bedelini-acikladi-2273615",
    "https://www.cnnturk.com/teknoloji/ust-duzey-donanimiyla-satisa-sunuldu-2273489",
    "https://www.milliyet.com.tr/ekonomi/dunya-gida-ambari-turkiye-olacak-7355752",
    "https://www.sabah.com.tr/spor/basketbol/2025/04/21/nbade-alperen-sengunden-golden-state-macinda-yeni-rekor",
    "https://www.birgun.net/haber/hatay-da-ahmet-sonmez-isimli-erkek-evli-oldugu-kadini-baltayla-katletti-616648",
    "https://www.takvim.com.tr/dunya/abdden-yemene-hava-saldirisi-hudeyde-ile-marib-illerini-hedef-aldi-6122282",
    "https://www.cnnturk.com/turkiye/kasapoglundan-zirai-don-mesaji-zor-gunde-de-emekcimizin-yanindayiz-ciftcimizin-hasar-masraflari-karsilanacak-2273566",
    "https://www.dunya.com/ekonomi/sanayici-ve-muteahhit-bulusmalarinin-ikincisi-yapildi-haberi-771905",
    "https://www.milliyet.com.tr/ekonomi/pidede-yeni-donem-bakanlik-harekete-gecti-7355813",
    "https://www.milliyet.com.tr/gundem/trabzonda-tuyleri-urperten-olay-jandarma-siren-ve-anonsla-vatandaslari-kurtardi-7355878",
    "https://www.milliyet.com.tr/dunya/turkiye-f-35e-mi-donuyor-2-iddia-gundemde-ucaklar-kisa-surede-katilabilir-7352991",
    "https://www.birgun.net/haber/venezuela-papa-nin-olumu-nedeniyle-3-gunluk-yas-ilan-etti-617386",
    "https://www.ntv.com.tr/teknoloji/nasanin-en-yasli-astronotu-uzayda-220-gun-70-yasindaki-birine-ne-yapar,caSEeNqqXUawb91miXjWMA",
    "https://bianet.org/haber/49-kisinin-yargilandigi-sarachane-davasi-24-ekim-e-ertelendi-306649",
    "https://www.ntv.com.tr/dunya/uzayda-yemek-uretimi-testi-biftek-isteyen-yazicidan-bastiracak,3ntw30r7B0C6Bg_GaXZg7Q",
    "https://www.ntv.com.tr/dunya/putinin-gizli-oglu-ilk-kez-goruntulendi-rusyanin-en-yalniz-cocugu,YAp0aviGt0SmOrbHt6S1Jw",
    "https://bianet.org/haber/ceren-onder-kandemir-ben-hastanedeyim-sarilmaya-da-barismaya-da-hazirim-306656",
    "https://t24.com.tr/haber/show-tv-nin-fenomen-dizisi-deha-hakkinda-surpriz-final-karari,1234361",
    "https://www.hurriyet.com.tr/gundem/stajyer-itfaiyecinin-kahreden-olumu-42773230",
    "https://www.birgun.net/haber/kastamonu-da-bir-evde-hamile-kadinin-cesedine-ulasildi-617243",
    "https://t24.com.tr/haber/sergen-yalcin-fenerbahce-den-ayrilacak-3-futbolcuyu-acikladi-seneye-bunlar-olmaz-mumkun-degil,1234319",
    "https://www.hurriyetdailynews.com/turkiye/",
    "https://www.cnnturk.com/turkiye/deprem-mi-oldu-afad-kandilli-rasathanesi-son-depremler-21-nisan-2025-2260472",
    "https://www.sabah.com.tr/spor/basketbol/2025/04/21/nbade-mvp-adaylari-belli-oldu",
    "https://www.sabah.com.tr/spor/futbol/2025/04/21/alanyaspor-zorlu-macta-samsunsporu-tek-golle-devirdi",
    "https://t24.com.tr/haber/uluslararasi-dunya-gunu-gezegenimiz-hakkinda-neler-biliyoruz,1234293",
    "https://www.birgun.net/haber/iskence-iddialari-emniyet-suc-duyurusu-yok-dedi-eren-uner-belge-paylasti-617404",
    "https://www.birgun.net/haber/pekin-abd-ile-anlasma-yapanlara-karsilik-verecek-617346",
    "https://www.dunya.com/ekonomi/yarin-bankalar-acik-mi-23-nisanda-bankalar-calisiyor-mu-eft-ve-havale-yapiliyor-mu-haberi-773154",
    "https://www.ahaber.com.tr/dunya/2025/04/21/fransa-ve-israil-arasindaki-kriz-derinlesiyor-tel-avivden-fransiz-heyete-vize-vetosu",
    "https://www.ahaber.com.tr/spor/galatasaray/2025/04/21/galatasarayda-lucas-torreiranin-sozlesmesi-2028-yilina-kadar-uzatildi",
    "https://www.sabah.com.tr/spor/futbol/2025/04/21/galatasaray-kafilesi-konyaya-geldi",
    "https://www.turkiyegazetesi.com.tr/ekonomi/yeni-halka-arz-nedir-ve-nasil-islem-gorur-1079904",
    "https://www.dunya.com/dunya/pekinden-abdnin-ucuncu-ulkelere-cinle-ticareti-sinirlama-baskisi-iddialarina-tepki-haberi-773034",
    "https://www.birgun.net/haber/siddetin-sorumlulari-6284e-goz-dikenlerdir-617318",
    "https://www.cnnturk.com/spor/futbol/italya-serie-a-maclari-ertelendi-2273278",
    "https://t24.com.tr/haber/ahmet-turk-un-akcigerinde-tumor-tespit-edildi-ankara-da-tedavisi-devam-ediyor,1234340",
    "https://t24.com.tr/haber/sendikalarin-1-mayis-karari-ortak-mutabakat-ile-alinmis,1234326",
    "https://t24.com.tr/haber/trump-in-powell-tehditleri-abd-borsalarini-sarsti,1234310",
    "https://www.ntv.com.tr/turkiye/chpden-23-nisan-karari,8ITfkgv1kk--t-wCJUYXBg",
    "https://www.dailysabah.com/turkiye/turkiye-detains-24-in-social-media-fraud-operation-across-9-cities/news",
    "https://t24.com.tr/haber/umit-ozdag-toplum-akp-nin-28-subat-ini-yasiyor,1234284",
    "https://www.hurriyet.com.tr/gundem/bagis-paralari-hesaplarina-aktarilmis-yasama-tutunan-patiler-dernegi-sorusturmasinda-istenen-ceza-belli-oldu-42773039",
    "https://www.cnnturk.com/spor/futbol/gaziantep-fk-fenerbahce-macinin-biletlerini-satisa-cikardi-2273609",
    "https://www.milliyet.com.tr/ekonomi/trumpin-politikalari-altin-ile-reel-faiz-arasindaki-korelasyonu-bozdu-7355988",
    "https://www.posta.com.tr/dunya/bideni-sonradan-koydular-paskalya-aile-fotografinda-photoshop-krizi-2853095",
    "https://www.sabah.com.tr/spor/futbol/2025/04/21/yunus-akgun-galatasaray-formasiyla-100-macina-cikiyor",
    "https://www.birgun.net/haber/bukeleden-tepki-ceken-tutuklu-karari-617349",
    "https://www.birgun.net/haber/altundan-secim-mesaisi-617334",
    "https://www.cnnturk.com/ekonomi/finans-sektorunun-guveni-2-yilin-zirvesini-gordu-2273575",
    "https://www.birgun.net/haber/cargill-istiyor-akp-veriyor-617310",
    "https://www.birgun.net/haber/yeni-safak-faiz-karari-icin-mehmet-simsek-i-hedef-aldi-ekonomiye-bir-darbe-daha-616415",
    "https://www.sabah.com.tr/spor/futbol/2025/04/21/recep-ucar-kupa-finaline-gitmek-en-buyuk-arzumuz",
    "https://www.cnnturk.com/dunya/997-ekonomistten-trumpa-cagri-derhal-vazgec-2273475",
    "https://www.dunya.com/gundem/ankarada-saganak-yagis-uyarisi-valilikten-sel-baskinlarina-karsi-kritik-aciklama-haberi-772816",
    "https://t24.com.tr/haber/infaz-yasasi-nda-sadelestirme-ve-esitlik-iktidar-kanadinda-hangi-secenekler-tartisiliyor,1234274",
    "https://www.takvim.com.tr/spor/2025/04/21/yunus-akgun-harekati-galatasaray-avrupa-kuluplerini-pesine-takan-genc-futbolcuya-hemen-imza-attirmak-istiyor",
    "https://www.birgun.net/haber/gozaltina-alinmisti-rasim-ozan-kutahyali-ekrandan-ayrildi-616970",
    "https://www.cnnturk.com/ekonomi/fed/fed-faiz-karari-ne-zaman-aciklanacak-fed-faiz-karari-ne-olur-fed-mayis-ayi-faiz-beklentisi-2273577",
    "https://www.ahaber.com.tr/dunya/2025/04/21/amerikada-gazze-destekcilerine-fisleme-ve-baski-canary-mission-ile-terorist-olarak-isaretliyorlar",
    "https://www.birgun.net/haber/daron-acemoglu-ndan-google-tepkisi-dijital-gelecegimizi-tekeller-degil-demokratik-kurumlar-sekillendirmeli-617429",
    "https://www.dunya.com/video-galeri/gundem/besiktasta-esiyle-kafeteryada-oturan-adama-sok-saldiri-ensesinden-silahla-vurularak-olduruldu-video-772947",
    "https://www.ensonhaber.com/yasam/bayburtta-kucuk-cocuklar-jandarma-personeline-siir-yazdi",
    "https://www.ensonhaber.com/yasam/elazigda-kaybolduktan-41-saat-sonra-buluna-yasli-adamin-duygulandiran-sozleri",
    "https://www.birgun.net/haber/euroleague-de-play-off-basliyor-617367",
    "https://bianet.org/haber/ozel-guvenlikler-ali-ismail-korkmazin-resmini-sildi-ogrenciler-yeniden-cizdi-306668",
    "https://www.ahaber.com.tr/dunya/2025/04/21/denizlerde-yeni-donem-turkiyeden-tcg-anadolu-oncu-oldu-iste-devrim-yaratan-3-ulke",
    "https://www.ensonhaber.com/gundem/fahrettin-altundan-cumhurbaskani-erdoganin-diplomasi-trafigine-iliskin-paylasim",
    "https://www.dunya.com/ekonomi/osblerde-lojman-projesinin-detaylari-belli-oldu-haberi-773177",
    "https://www.hurriyet.com.tr/gundem/ikiz-kardeslerin-intikam-plani-darbedildikleri-gece-kulubune-kursun-yagdirdilar-42773037",
    "https://www.hurriyet.com.tr/gundem/sezginin-tazminatini-odeyin-42772870",
    "https://www.ahaber.com.tr/dunya/2025/04/22/trump-yonetiminden-gocmenlere-sok-karar-7-gun-icinde-ulkeyi-terk-edin",
    "https://t24.com.tr/haber/dem-parti-den-kurt-gazetecilik-gunu-mesaji-gazetecilik-yalnizca-kutlama-degil-direnisin-ve-hakikatin-simgesidir,1234360",
    "https://www.cnnturk.com/yasam/23-nisan-siirleri-2025-2-kitalik-3-kitalik-4-kitalik-1-2-3-4-sinif-kisa-uzun-ulusal-egemenlik-ve-cocuk-bayrami-siirleri-2273078",
    "https://www.turkiyegazetesi.com.tr/gundem/tskdan-govde-gosterisi-mayista-iki-buyuk-tatbikat-yapilacak-yerli-ve-milli-sistemler-boy-gosterecek-1110419",
    "https://www.sabah.com.tr/spor/futbol/2025/04/21/hollandada-92-sene-sonra-bir-ilk-kupa-sahibini-buldu",
    "https://www.sabah.com.tr/spor/futbol/2025/04/22/trabzonsporda-yildiz-futbolcudan-dikkat-ceken-istatistik-sezona-damga-vurdu",
    "https://www.hurriyet.com.tr/dunya/film-degil-gercek-o-gece-neler-yasandi-skandal-pesini-oldukten-sonra-bile-birakmadi-titanicin-kaptaninin-tuyler-urperten-hikayesi-42772500",
    "https://www.ahaber.com.tr/gundem/2025/04/21/pkk-ne-zaman-silah-birakacak-dem-parti-heyeti-4-kez-imraliya-gidiyor",
    "https://www.ensonhaber.com/yasam/istanbulda-iett-garajlari-otobus-mezarligina-donustu",
    "https://www.ensonhaber.com/gundem/al-fuat-onder-ulkuculer-sirri-sureyyaya-kan-vermek-icin-hastaneye-akin-etti",
    "https://www.takvim.com.tr/spor/2025/04/22/okan-buruk-fbahcenin-puan-kaybi-sonrasi-sevinen-oyuncularina-rehavet-uyarisi-yapti",
    "https://www.ahaber.com.tr/gundem/2025/04/22/baba-ogul-yolsuzluk-sebekesi-haraca-baglanan-muteahhit-konustu-imamoglunun-babasi-da-carkin-icinde",
    "https://www.turkiyegazetesi.com.tr/yasam/cocuklar-istedi-belediye-baskani-2-mujde-birden-verdi-1110327",
    "https://www.turkiyegazetesi.com.tr/gundem/ismail-kapan-yazdi-55-yasindayiz-sevincimiz-buyuk--1110452",
    "https://www.milliyet.com.tr/gundem/instagram-dondurma-linki-2020-instagram-hesap-dondurma-gecici-ve-kalici-profili-durdurma-ekrani-6068467",
    "https://t24.com.tr/haber/kripto-para-borsalarinda-yeni-donem-kimlik-dogrulamayan-islem-yapamayacak,1234366",
    "https://www.takvim.com.tr/spor/2025/04/21/galatasarayda-morata-soku",
    "https://t24.com.tr/haber/temsilci-atamadi-temu-ya-erisim-engeli-yolda,1234305",
    "https://www.turkiyegazetesi.com.tr/yasam/2-gun-boyunca-aranmisti-bir-parca-ekmekle-hayatta-kalan-suat-daldan-duygulandiran-soz-1110480",
    "https://www.hurriyet.com.tr/gundem/imraliya-4-ziyaret-42772846",
    "https://www.ahaber.com.tr/gundem/2025/04/21/turksat-6a-devreye-alindi-baskan-erdogan-yapamazsiniz-diyenlere-inat-yapariz",
    "https://www.dunya.com/ekonomi/kurban-bayrami-oncesi-kurbanlik-fiyatlari-ne-kadar-oldu-2025-dana-duve-tosun-koyun-koc-ve-keci-fiyatlari-haberi-773068",
    "https://www.milliyet.com.tr/dunya/gazzede-gozunu-kaybeden-7-yasindaki-cocuk-tum-gorme-yetisini-kaybedebilir-7355974",
    "https://www.ntv.com.tr/dunya/oxfordda-insan-kafatasindan-yapilmiskapta-icecek-servis-edilmis,iIbWEh99uECLb2KiUQ1xyw",
    "https://www.ntv.com.tr/turkiye/bal-tenekelerinin-icinden-kilolarca-metamfetamin-cikti,AReUuYpLsEqFwP_CVOp9pQ",
    "https://www.hurriyet.com.tr/gundem/son-dakika-secil-erzan-davasinda-yeni-gelisme-tutukluluk-halinin-devamina-karar-verdi-42772672",
    "https://t24.com.tr/haber/zincirleme-trafik-cezasi-geliyor-yeni-duzenleme-yolda,1234269",
    "https://www.cnnturk.com/teknoloji/open-ai-twitter-benzeri-kendi-sosyal-agini-gelistiriyor-2273482",
    "https://www.sabah.com.tr/spor/futbol/2025/04/21/trabzonspor-goztepe-maci-hazirliklarini-surdurdu",
    "https://www.hurriyet.com.tr/dunya/norvec-kralicesi-hastaneye-kaldirildi-42773122",
    "https://www.ensonhaber.com/ekonomi/adanada-tarlada-sogan-fiyati-7-8-liraya-kadar-dustu",
    "https://www.dunya.com/gundem/trafik-kazasi-geciren-berk-atan-kimdir-kac-yasinda-nereli-saglik-durumu-nasil-haberi-772823",
    "https://www.cnnturk.com/ekonomi/son-dakika-borsa-istanbul-gune-yukselisle-basladi-bist-100-endeksi-9-378-puani-asti-2273538",
    "https://www.ntv.com.tr/teknoloji/dijital-dunya-zihinsel-gucu-koruyor-teknoloji-kullanimi-demansa-kalkan-olabilir,28G8ne5Nhki9SZdvoTaTwQ",
    "https://www.sabah.com.tr/spor/futbol/2025/04/21/ziraat-turkiye-kupasi-yari-final-maclarinin-hakemleri-aciklandi",
    "https://www.ensonhaber.com/dunya/cin-avrupa-ile-is-birligimizi-guclendirecegiz",
    "https://www.sabah.com.tr/spor/futbol/2025/04/21/joao-pereira-bugun-bu-galibiyete-cok-ihtiyacimiz-vardi",
    "https://www.turkiyegazetesi.com.tr/spor/fenerbahcenin-cilgin-aday-listesi-mourinhonun-yerine-bu-isimlerden-biri-gelebilir-1110453",
    "https://www.turkiyegazetesi.com.tr/ekonomi/ikinci-el-otomobilde-sahte-ilan-ve-fahis-fiyatin-onune-gecildi-1110487",
    "https://www.cnnturk.com/turkiye/izmirde-deas-operasyonu-13-gozalti-2273535",
    "https://www.birgun.net/haber/erdogan-iktidarini-savundu-kadin-dusmani-zihniyet-ak-parti-iktidariyla-tarihe-karismistir-616676",
    "https://bianet.org/haber/ikinci-can-atalay-vakasi-aym-kararina-ragmen-tahliye-edilmiyor-306681",
    "https://www.ntv.com.tr/turkiye/iraktan-getirildi-diyarbakirda-silah-operasyonu,Xqy3fdgjOUO8mGkhnhl2wA",
    "https://www.turkiyegazetesi.com.tr/ekonomi/zirai-don-o-urunun-fiyatini-ucurdu-185-liraya-kadar-yukseldi-1110454",
    "https://www.ntv.com.tr/turkiye/kacak-avlanan-1-3-ton-midye-ele-gecirildi,meWySD62FkOZ1wvC6jrkKA",
    "https://www.birgun.net/haber/don-olayinin-bilancosu-ortaya-cikiyor-yozgat-ciftcisi-endiseli-617428",
    "https://t24.com.tr/haber/bir-gun-yazari-anketlere-gore-erdogan-aday-olmazsa-akp-nin-oyu-yuzde-13-lere-dusuyor,1234320",
    "https://www.ahaber.com.tr/ekonomi/2025/04/21/600-bin-kamu-iscisini-ilgilendiriyor-bakan-isikhandan-toplu-sozlesme-ile-ilgili-flas-aciklama",
    "https://www.birgun.net/haber/tuketici-guveninde-sinirli-yukselis-sona-erdi-endeks-yeniden-dususte-617395",
    "https://www.birgun.net/haber/akpnin-yolsuzlugu-bir-beka-sorunudur-617333",
    "https://www.hurriyet.com.tr/gundem/meclis-cocuklarla-senlendi-42772848",
    "https://www.turkiyegazetesi.com.tr/teknoloji/gecmislerini-siliyorlar-cocuklar-internette-izlenmek-istemiyorlar-1109998",
    "https://www.cnnturk.com/teknoloji/ps5in-fiyati-kuresel-pazarda-2272995",
    "https://www.takvim.com.tr/spor/2025/04/21/galatasaraydan-fenerbahceye-yilin-calimi-devler-ligi-faktoru",
    "https://t24.com.tr/haber/zirai-don-hasari-sonrasi-uzum-ureticilerine-asmalari-budamayin-uyarisi,1234358",
    "https://www.birgun.net/haber/meteoroloji-den-cok-sayida-il-icin-uyari-gok-gurultulu-saganak-bekleniyor-617356",
    "https://www.ahaber.com.tr/gundem/2025/04/21/secil-erzan-davasinda-yeni-gelisme-ifadesi-ortaya-cikti-hapisten-cikarsam-zarar-vermem",
    "https://www.takvim.com.tr/spor/2025/04/22/solskjaerden-avrupa-mesaji",
    "https://www.turkiyegazetesi.com.tr/gundem/iraktan-diyarbakira-gelen-aracin-gizli-bolmelerinden-neler-cikti-neler-3-kisi-tutuklandi-1110503",
    "https://www.birgun.net/haber/dans-sanatcilari-da-baskilara-karsi-bir-araya-geldi-harekete-kimse-mani-olamaz-616926",
    "https://www.milliyet.com.tr/ekonomi/turkiyenin-enerji-uretimi-ozel-sektor-santralleriyle-buyuyor-7356006",
    "https://www.ahaber.com.tr/gundem/2025/04/21/bakan-fidan-cezayir-cumhurbaskani-ile-gorustu-ticaret-hedefi-10-milyar-dolar",
    "https://bianet.org/haber/ocalan-onder-on-yargilari-toplumda-kirdi-mecliste-kirdi-sokakta-kirdi-306671",
    "https://bianet.org/haber/istinaf-da-onadi-tuik-diske-madde-fiyat-listesini-vermemekte-israrci-306679",
    "https://www.milliyet.com.tr/gundem/instagram-silme-instagram-hesap-silme-ve-gecici-hesap-kapatma-yontemleri-6138150",
    "https://www.birgun.net/haber/disk-ten-1-mayis-aciklamasi-karar-ortak-mutabakatla-alindi-617392",
    "https://www.hurriyet.com.tr/dunya/abdde-hirsizlik-soku-guvenlik-bakani-kendi-cantasini-koruyamadi-42772956",
    "https://www.dunya.com/ekonomi/kearney-turkiyeye-yatirimci-ilgisi-suruyor-haberi-773167",
    "https://www.dunya.com/dunya/yeni-papa-adayi-peter-turkson-kimdir-nereli-ve-kac-yasinda-peter-turkson-turk-mu-haberi-773175",
    "https://www.ensonhaber.com/gundem/mhpden-devlet-bahceli-paylasimi",
    "https://www.turkiyegazetesi.com.tr/ekonomi/bu-hafta-hangi-sirketler-aciklayacak-borsada-bilanco-donemi-basladi-1110434",
    "https://www.milliyet.com.tr/ekonomi/yapay-zeka-istihdamda-beyaz-yakaliya-tehdit-7355764",
    "https://www.turkiyegazetesi.com.tr/ekonomi/yazlik-villa-kiralari-uctu-bodrumda-fiyatlar-1-milyon-tlyi-gecti-1110417",
    "https://www.hurriyet.com.tr/gundem/sorularla-turksat-6a-dunya-nufusunun-yuzde-65i-kapsamada-42772836",
    "https://www.sabah.com.tr/yasam/sabah-namazi-nasil-kilinir-ve-kac-rekat-sabah-namazi-kilinisi-anlatimi-5163257",
    "https://www.birgun.net/haber/isciye-aclik-topcuya-bodrumda-luks-villa-617326",
    "https://www.sabah.com.tr/ekonomi/dis-kaynak-girisleri-yeniden-basladi-7338725",
    "https://www.birgun.net/haber/dem-partili-sevilay-celenk-sosyal-medyayi-rtuk-ten-koruyan-yasa-teklifini-tbmm-ye-sundu-616189",
    "https://www.dunya.com/ekonomi/ecb-anketi-2025-yili-enflasyon-tahmini-yukseltildi-haberi-773178",
    "https://bianet.org/haber/savcilik-sarachanedeki-polis-siddetine-on-inceleme-baslatti-306653",
    "https://www.turkiyegazetesi.com.tr/ekonomi/idas-vites-yukseltti-ciroda-ihracatin-payini-yuzde-15e-cikaracak-1110421",
    "https://www.ahaber.com.tr/gundem/2025/04/22/fetonun-geri-donus-hamlesine-operasyon-aile-imami-yakalandi-operasyon-goruntuleri-ilk-kez-a-haberde",
    "https://www.birgun.net/haber/motorine-zam-geliyor-617364",
    "https://www.ensonhaber.com/yasam/diyarbakirda-cocuklarin-sus-havuzu-sezonu-basladi",
    "https://www.birgun.net/haber/rapci-sansar-salvo-icin-istenen-ceza-belli-oldu-617358",
    "https://www.cnnturk.com/teknoloji/project-moohan-adli-xr-basligi-gecikiyor-mu-2272319",
    "https://www.dunya.com/video-galeri/gundem/kocaelide-dehsete-dusuren-kaza-taksi-ve-motosiklet-kafa-kafaya-carpisti-video-772709",
    "https://www.milliyet.com.tr/gundem/sivrihisardaki-buyuk-guc-toryum-herkes-pesinde-turkiye-dengeleri-degistirebilir-7353663",
    "https://www.birgun.net/haber/ibb-sehir-tiyatrolari-nin-buyuk-turkiye-turnesi-diyarbakir-la-devam-etti-617213",
    "https://www.turkiyegazetesi.com.tr/ekonomi/zincirleme-trafik-cezasi-geliyor-kazalari-azaltacak-yeni-duzenleme-yolda-1110408",
    "https://www.ensonhaber.com/dunya/yunanistanda-turk-yatirimci-ve-turist-akini-krizi",
    "https://t24.com.tr/haber/mourinho-nun-cilgin-tazminati-30-milyon-euro,1234365",
    "https://www.dunya.com/ekonomi/son-dakika-net-uluslararasi-yatirim-pozisyonu-subatta-279-milyar-dolar-acik-verdi-haberi-773028",
    "https://t24.com.tr/haber/uyusturucu-operasyonunda-kalem-gorunumlu-suikast-silahi-ele-gecirildi,1232176",
    "https://www.ahaber.com.tr/spor/galatasaray/2025/04/22/galatasaraya-granit-xhaka-mujdesi-yesil-isik-yandi",
    "https://www.sabah.com.tr/spor/futbol/2025/04/21/igdir-fk-sakaryasporu-farkli-maglup-etti",
    "https://www.turkiyegazetesi.com.tr/gundem/55-yildir-ayni-cizgide-sadece-gazete-degil-bayrak-olduk-1110400",
    "https://t24.com.tr/haber/2-yilin-ardindan-zam-geldi-amazon-prime-uyeliklerinde-yuzde-25-lik-artis,1234355",
    "https://www.birgun.net/haber/birgunun-mobil-uygulamasi-yenilendi-615281",
    "https://www.hurriyet.com.tr/gundem/sadece-2-kisiye-verilen-berkeley-bursunu-aldi-42772874",
    "https://www.turkiyegazetesi.com.tr/yasam/ayetel-kursinin-faziletleri-ve-faydalari-turkce-okunusu-ve-anlamiyla-bu-sureyi-ne-zamanlar-okumaliyiz-1063859",
    "https://www.turkiyegazetesi.com.tr/gundem/erdogandan-tarihi-firsat-sozleri-hak-ettigimiz-yere-gelmeye-cok-yakiniz-1110411",
    "https://www.takvim.com.tr/ekonomi/2025/04/21/turkiye-ve-abd-arasinda-gumruk-vergileriyle-ilgili-kritik-temas-bakan-bolat-acikladi-turkiye-kimsenin-deposu-olmayacak",
    "https://www.turkiyegazetesi.com.tr/spor/sergen-yalcin-cok-net-konustu-fenerbahce-3-yildizina-veda-ediyor-1110459",
    "https://www.takvim.com.tr/spor/2025/04/21/galatasarayda-5-yildizin-yeri-hazir",
    "https://www.ahaber.com.tr/gundem/2025/04/22/bakanliktan-deprem-bolgesinde-23-nisan-programi",
    "https://www.ensonhaber.com/gundem/dilan-ve-engin-polatin-luks-araclari-bugun-satiliyor",
    "https://www.sabah.com.tr/spor/futbol/2025/04/21/thomas-reis-yarindan-itibaren-kesinlikle-kafamizi-tekrar-kaldirmamiz-gerekiyor",
    "https://www.dunya.com/ekonomi/bursali-ihracatcilar-sartlar-zor-ama-durmak-yok-haberi-772480",
    "https://www.ensonhaber.com/ekonomi/rekorlar-hizlandi-ceyrek-altin-7-bin-lirayi-gecti",
    "https://www.turkiyegazetesi.com.tr/yasam/uzmanlar-tek-tek-acikladi-uzun-sure-tedavi-edilmeyen-o-hastalik-kansere-yol-acabilir-1110499",
    "https://www.ntv.com.tr/dunya/cehennem-melekleri-uyesi-turkiyede-yakalandi-almanyada-gundem-oldu,HkI_qDM-_kC0ikJ6T6Vggw",
    "https://www.birgun.net/haber/dem-parti-heyeti-ocalan-ile-gorustu-617335",
    "https://bianet.org/haber/nimet-tanrikulu-nun-durusmasi-ertelendi-306682",
    "https://www.cnnturk.com/ekonomi/altin/canli-altin-fi-yatlari-bugun-22-nisan-gram-altin-fiyati-ne-ceyrek-altin-ne-kadar-gram-ceyrek-yarim-cumhuriyet-altini-ne-2257861",
    "https://www.takvim.com.tr/spor/2025/04/21/fenerbahceden-lucas-freitasa-yakin-takip",
    "https://www.turkiyegazetesi.com.tr/ekonomi/akilli-tarim-ureticiye-can-suyu-oldu-cilek-serasi-yeniden-hayat-buldu-1110420",
    "https://www.ensonhaber.com/dunya/bilim-insanlari-gormeyi-geri-getiren-ilac-gelistirdi",
    "https://www.sabah.com.tr/dunya/beslenme-teknolojisinde-devrim-uzayda-gida-uretimi-testi-yapiliyor-7339126",
    "https://www.sabah.com.tr/gundem/2025/04/22/kamuoyunun-vicdani",
    "https://www.turkiyegazetesi.com.tr/spor/gedson-fernandesin-alternatifi-italyada-siyah-beyazlilar-devrede-1110479",
    "https://www.birgun.net/haber/emeklilerin-seyahat-kosullari-kotulesiyor-ziyaretler-azaldi-konaklama-suresi-artti-617403",
    "https://www.turkiyegazetesi.com.tr/gundem/yarindan-itibaren-basliyor-meteorolojiden-3-buyuk-kent-dahil-kritik-uyari-1110430",
    "https://www.ntv.com.tr/teknoloji/gta-6-ne-zaman-cikacak-gozler-2025-sonbahara-cevrildi,XMWTW6v7P0iqWOydyKwxEg",
    "https://www.cnnturk.com/turkiye/trabzonda-hava-ulasimina-sis-engel-oldu-2273525",
    "https://www.milliyet.com.tr/ekonomi/bankada-parasi-olanlar-dikkat-faizde-dengeler-degisiyor-iste-yeni-oranlar-7355810",
    "https://www.milliyet.com.tr/dunya/yemenin-hemen-karsisinda-bir-garip-hikaye-trump-bizi-tanisin-en-buyuk-firsat-7351331",
    "https://www.takvim.com.tr/ekonomi/2025/04/21/dogum-izni-uzuyor-ucretli-iznin-1-yila-cikmasi-planlaniyor-annelere-kres-destegi-de-masada",
    "https://www.takvim.com.tr/ekonomi/2025/04/22/kiz-cocuklarina-yurt-destegi",
    "https://www.dunya.com/dunya/ispanya-papa-franciscusun-olumunden-dolayi-uc-gunluk-yas-ilan-etti-haberi-773051",
    "https://www.ntv.com.tr/turkiye/iett-otobusune-saldiri,ag6Laf_aA0-qTNXoFrwozQ",
    "https://t24.com.tr/haber/ertugrul-ozkok-mutevazi-papa-icin-hangi-mumyacilar-vatikan-a-cagrildi,1234266",
    "https://t24.com.tr/haber/amasra-davasinda-tanik-olarak-ifade-vermisti-basmuhendis-engin-pazar-olu-bulundu,1234352",
    "https://www.cnnturk.com/teknoloji/samsung-ust-duzey-izleme-deneyimini-ileri-tasiyor-2273487",
    "https://www.hurriyet.com.tr/gundem/bahceliye-mekkeden-hediye-42772837",
    "https://www.dunya.com/ekonomi/otomatik-pilotta-degiliz-anlik-tedbirler-aliyoruz-haberi-773115",
    "https://www.ntv.com.tr/turkiye/bakicidan-kucuk-cocuga-dayak,NNnF4qIL6EKvs98VAcbqMA",
    "https://www.takvim.com.tr/dunya/abd-ic-guvenlik-bakani-kristi-noem-cantasini-caldirdi-gizli-servis-yine-patladi-6122691",
    "https://t24.com.tr/haber/ikinci-el-otomobil-satislari-dogrulanmis-ilan-sistemiyle-fahis-fiyatlarin-onune-gecildi,1234356",
    "https://www.birgun.net/haber/altinda-yeni-zirve-neden-yukseliyor-617385",
    "https://www.turkiyegazetesi.com.tr/spor/fenerbahceli-isimden-galatasaray-itirafi-kariyerinin-en-mutlu-ani-1110445",
    "https://www.posta.com.tr/gundem/kasapoglundan-zirai-don-mesaji-ciftcilerimizin-yanindayiz-2853131",
    "https://www.takvim.com.tr/dunya/abd-baskani-trump-surec-olumlu-diyerek-rusya-ukrayna-anlasmasi-icin-tarih-gosterdi-bu-hafta-gerceklesme-ihtimali-yuksek-6122145",
    "https://bianet.org/haber/prof-dr-ali-cevat-tasiran-hayatini-kaybetti-306664",
    "https://www.sabah.com.tr/spor/futbol/2025/04/21/goztepede-gozler-turkiye-kupasina-cevrildi",
    "https://www.birgun.net/haber/altamira-karma-resim-sergisi-aciliyor-617193",
    "https://www.cnnturk.com/teknoloji/iphone-17-airin-bu-sefer-de-seffaf-kilifina-ait-fotograflar-paylasildi-2272996",
    "https://bianet.org/haber/pentagon-suriye-den-1-000-i-askin-askeri-cekiyoruz-306670",
    "https://www.takvim.com.tr/ekonomi/2025/04/21/tarim-ve-orman-bakani-ibrahim-yumaklidan-zirai-don-aciklamasi-hasar-tespitinden-sonra-paralari-hemen-verilecek",
    "https://www.dunya.com/gundem/erzurumda-yolcu-otobusunde-4-kilo-sentetik-uyusturucu-yakalandi-1-kisi-tutuklandi-haberi-773163"
  ],
  "location": null,
  "popularityScore": 0,
  "createdAt": null,
  "image": "image.jpg",
  "priority": null
}