{
    "title": "Premier Lig'e yükselen 2 takım belli oldu",
    "content": "İngiltereChampionship'in 44. haftasında oynadıkları maçları kazananLeeds UnitedileBurnley, İngilterePremier Lig'e yükseldi.Geçtiğimiz hafta Stoke City'yi 6-0 yenen Leeds United ile Sheffield United'ı 2-1 mağlup eden Burnley, bitime 2 hafta kala Premier Lig'e yükselmeyi garantiledi.Üçüncü sırada ise Sheffield United yer alıyor.Premier Lig'e Leicester City ile Southampton veda etti. Bu hafta ise Ipswich Town matematiksel olarak düşmeyi garantiliyebilir. Geçtiğimiz hafta Stoke City'yi 6-0 yenen Leeds United ile Sheffield United'ı 2-1 mağlup eden Burnley, bitime 2 hafta kala Premier Lig'e yükselmeyi garantiledi.Üçüncü sırada ise Sheffield United yer alıyor.Premier Lig'e Leicester City ile Southampton veda etti. Bu hafta ise Ipswich Town matematiksel olarak düşmeyi garantiliyebilir. Üçüncü sırada ise Sheffield United yer alıyor.Premier Lig'e Leicester City ile Southampton veda etti. Bu hafta ise Ipswich Town matematiksel olarak düşmeyi garantiliyebilir. Premier Lig'e Leicester City ile Southampton veda etti. Bu hafta ise Ipswich Town matematiksel olarak düşmeyi garantiliyebilir.",
    "url": "https://www.birgun.net/haber/premier-lig-e-yukselen-2-takim-belli-oldu-617384",
    "source": "birgun",
    "genre": "haber",
    "article_date": "2025-04-22T12:18:32.888860",
    "request_date": "2025-04-22T12:18:32.888860",
    "is_empty": false
}