{
    "title": "İngiltere Championship'te Leeds United ile Burnley, Premier Lig'e yükseldi",
    "content": "İngiltere Premier League'e yükselen iki takım belli oldu. Championship'in 44. haftasındaLeeds United, Stoke City'i 6-0 mağlup ederken;Burnleyise en yakın takipçisi Sheffield United'ı 2-1 yendi. İki takım da, 3. sıradaki Sheffield United ile puan farkını da 8'e çıkardı ve 94 puanlaPremier Lig'e yükselmeyi garantilediler.Burnley, geçtiğimiz sezon Premier Lig'de mücadele ederken, Leeds United ise 2 yıl sonra dönüş yaptı.",
    "url": "https://www.cnnturk.com/spor/futbol/ingiltere-championshipte-leeds-united-ile-burnley-premier-lige-yukseldi-2273524",
    "source": "cnnturk",
    "genre": "spor",
    "article_date": "2025-04-22T12:17:37.714961",
    "request_date": "2025-04-22T12:17:37.714961",
    "is_empty": false
}