{
    "title": "Leeds UnitedveBurnley,Premier Lig'e yükseldi",
    "content": "Leeds United ve Burnley İngiltere Premier Lig'e yükseldi. İngiltere 2. futbol Ligi'nin (Championship) 44. haftasında, ağırladığı Stoke City'yi 6-0 yenen Leeds United ile Sheffield United'ı 2-1 mağlup eden Burnley, bitime 2 hafta kala Premier Lig'e yükselmeyi garantiledi. Lider Leeds United ile ikinci sıradaki Burnley, 94 puan toplayarak üçüncü sıradaki Sheffield United'ın 8 puan önünde yer alıyor.",
    "url": "https://www.sabah.com.tr/spor/futbol/2025/04/21/leeds-united-ve-burnley-premier-lige-yukseldi",
    "source": "sabah",
    "genre": "spor",
    "article_date": "2025-04-22T12:17:42.863680",
    "request_date": "2025-04-22T12:17:42.863680",
    "is_empty": false
}