{
  "id": null,
  "articleId": "d0a167e4-4df3-4039-944a-ea8deddd2b3a",
  "title": "23 Nisan: Kurumlar Kapalı",
  "content": "",
  "summary": "23 Nisan resmi tatil. Okullar, üniversiteler, kamu kurumları, bankalar ve borsa kapalı. Özel sektör işletmelerinde durum değişken.  Eczaneler nöbetçi, hastaneler acil servislerle açık.",
  "longerSummary": "23 Nisan Ulusal Egemenlik ve Çocuk Bayramı, resmi tatil olması nedeniyle 23 Nisan 2025 Çarşamba günü okullar, üniversiteler, kamu kurum ve kuruluşları (belediyeler, valilikler, kaymakamlıklar dahil), bankalar (hem özel hem kamu) ve Borsa İstanbul kapalı olacaktır.  PTT ve kargo firmaları da hizmet vermeyecektir. Sağlık ocakları kapalı olacak, ancak hastanelerde acil servisler açık kalacaktır. Eczaneler nöbet sistemiyle hizmet verecektir. Özel sektör kuruluşlarının çalışma durumu ise kuruluşlara göre değişiklik gösterebilir.  FAST sistemi üzerinden para transferleri resmi tatilde de mümkün olsa da, farklı bankalar arası EFT işlemleri bankaların açıldığı 24 Nisan Perşembe gününden itibaren gerçekleştirilecektir.  81 ilde kutlamalar ve okullarda etkinlikler düzenlenecektir.",
  "category": "Genel",
  "tags": [],
  "source": [
    "https://www.dunya.com/gundem/23-nisan-liselere-tatil-mi-yarin-liselere-okul-var-mi-haberi-773159",
    "https://www.cnnturk.com/turkiye/23-nisan-bankalar-acik-mi-yarin-borsa-istanbulda-islem-yapilacak-mi-carsamba-gunu-kapali-olan-kurumlar-2273186"
  ],
  "location": null,
  "popularityScore": 0,
  "createdAt": null,
  "image": "image.jpg",
  "priority": null
}