{
    "title": "Oyuncu Sevil Akdağ “Kendimi savundum” dedi, öldürdüğü Elif Kırav’ın kardeşi: 30 değil, 53 bıçak darbesiyle katletti!",
    "content": "İstanbul’da sosyal medya fenomeniElif Kırav’ı bıçakla öldürdüğü için tutuklanan oyuncuSevil Akdağ, ifadesinde, bıçaklayıp bıçaklamadığını hatırlamadığını, kendisini savunduğunu söyledi. Kırav’ın erkek kardeşi ise, televizyon programında, “Ablamı 30 değil, 53 bıçak darbesiyle katletti” ifadelerini kullandı. Hürriyet’in haberine göre, 19 Nisan sabaha karşı Kırav’ın Fatih’teki evine gelen Akdağ, Kırav tarafından bıçaklanarak öldürüldü. Olayın ardından yakalanarak gözaltına alınan Akdağ tutuklandı. Akdağ, hakimlik ifadesinde, “Nasıl bir tartışma oldu hatırlamıyorum. Bir anda bıçak çıkardı. Elinden almaya çalıştım. Bıçaklayıp bıçaklamadığımı hatırlamıyorum. Sadece kendimi savundum” dedi. Kanal D'nin programına katılan Kırav’ın erkek kardeşi Furkan Kırav ise, “Ablamı 30 değil, 53 bıçak darbesiyle katlediyor. Eve zaten bıçakla gelmiş. Demek ki planlamış. Kendi bileklerini de ‘psikolojim bozuk’ süsü vermek için kesmiş” iddiasında bulundu. TIKLAYIN -Arkadaşını 30 bıçak yarasıyla öldüren oyuncu Sevil Akdağ’ın ifadesi ortaya çıktı TIKLAYIN -Arkadaşını öldüren oyuncu Sevil Akdağ tutuklandı TIKLAYIN -Oyuncu Sevil Akdağ arkadaşını öldürdü!",
    "url": "https://t24.com.tr/haber/oyuncu-sevil-akdag-kendimi-savundum-dedi-oldurdugu-elif-kirav-in-kardesi-30-degil-53-bicak-darbesiyle-katletti,1234297",
    "source": "t24",
    "genre": "haber",
    "article_date": "2025-04-22T12:18:36.448539",
    "request_date": "2025-04-22T12:18:36.448539",
    "is_empty": false
}