{
    "title": "Hüseyin Ersöz, Şişli Belediyesi'ne yapılan kayyum atamasının iptali için mahkemeye başvurduklarını açıkladı",
    "content": "ŞişliBelediye BaşkanıResul Emrah Şahan’ın avukatı Hüseyin Ersöz, İBB'ye yapılan operasyon kapsamında Şahan'ın tutuklanması ve Şişli Belediyesi'nekayyumatanmasına yönelik kararların iptali için iİstanbul İdare Mahkemesi’ne başvurduklarını açıkladı.Sosyal medya hesabından paylaşım yapan Ersöz, dava kapsamında söz konusu idari işlemlerin dayanağını oluşturan Belediye Kanunu’nun 45 ve 46. maddelerinin Anayasa Mahkemesi’ne taşınarak somut norm denetimi yapılmasının da talep edildiği belirtildi.Öte yandan Esenyurt Belediye Başkanı Ahmet Özer hakkında da benzer bir sürecin sürdüğü ve bu konuda açılaniptaldavasının da halen derdest olduğu kaydedildi.23 Mart'ta İçişleri Bakanlığı'nın üç belediye için yaptığı 'görevden alma' paylaşımını alıntılayan Ersöz'ün açıklaması şu şekilde:Şişli Belediye Başkanı Resul Emrah Şahan (@REmrahSahan) hakkında verilen tutuklama kararı sonrasında İç İşleri Bakanlığı’nca gerçekleştirilen “görevden uzaklaştırma” ve İstanbul Valiliği’nce yapılan “başkan vekili görevlendirmesi/kayyım atama” işlemlerinin hukuka aykırı…https://t.co/IkM3VkU55bpic.twitter.com/AVNYbQcI6e— Hüseyin Ersöz (@ersozhuseyin)April 22, 2025 Sosyal medya hesabından paylaşım yapan Ersöz, dava kapsamında söz konusu idari işlemlerin dayanağını oluşturan Belediye Kanunu’nun 45 ve 46. maddelerinin Anayasa Mahkemesi’ne taşınarak somut norm denetimi yapılmasının da talep edildiği belirtildi.Öte yandan Esenyurt Belediye Başkanı Ahmet Özer hakkında da benzer bir sürecin sürdüğü ve bu konuda açılaniptaldavasının da halen derdest olduğu kaydedildi.23 Mart'ta İçişleri Bakanlığı'nın üç belediye için yaptığı 'görevden alma' paylaşımını alıntılayan Ersöz'ün açıklaması şu şekilde:Şişli Belediye Başkanı Resul Emrah Şahan (@REmrahSahan) hakkında verilen tutuklama kararı sonrasında İç İşleri Bakanlığı’nca gerçekleştirilen “görevden uzaklaştırma” ve İstanbul Valiliği’nce yapılan “başkan vekili görevlendirmesi/kayyım atama” işlemlerinin hukuka aykırı…https://t.co/IkM3VkU55bpic.twitter.com/AVNYbQcI6e— Hüseyin Ersöz (@ersozhuseyin)April 22, 2025 Öte yandan Esenyurt Belediye Başkanı Ahmet Özer hakkında da benzer bir sürecin sürdüğü ve bu konuda açılaniptaldavasının da halen derdest olduğu kaydedildi.23 Mart'ta İçişleri Bakanlığı'nın üç belediye için yaptığı 'görevden alma' paylaşımını alıntılayan Ersöz'ün açıklaması şu şekilde:Şişli Belediye Başkanı Resul Emrah Şahan (@REmrahSahan) hakkında verilen tutuklama kararı sonrasında İç İşleri Bakanlığı’nca gerçekleştirilen “görevden uzaklaştırma” ve İstanbul Valiliği’nce yapılan “başkan vekili görevlendirmesi/kayyım atama” işlemlerinin hukuka aykırı…https://t.co/IkM3VkU55bpic.twitter.com/AVNYbQcI6e— Hüseyin Ersöz (@ersozhuseyin)April 22, 2025 23 Mart'ta İçişleri Bakanlığı'nın üç belediye için yaptığı 'görevden alma' paylaşımını alıntılayan Ersöz'ün açıklaması şu şekilde:Şişli Belediye Başkanı Resul Emrah Şahan (@REmrahSahan) hakkında verilen tutuklama kararı sonrasında İç İşleri Bakanlığı’nca gerçekleştirilen “görevden uzaklaştırma” ve İstanbul Valiliği’nce yapılan “başkan vekili görevlendirmesi/kayyım atama” işlemlerinin hukuka aykırı…https://t.co/IkM3VkU55bpic.twitter.com/AVNYbQcI6e— Hüseyin Ersöz (@ersozhuseyin)April 22, 2025 Şişli Belediye Başkanı Resul Emrah Şahan (@REmrahSahan) hakkında verilen tutuklama kararı sonrasında İç İşleri Bakanlığı’nca gerçekleştirilen “görevden uzaklaştırma” ve İstanbul Valiliği’nce yapılan “başkan vekili görevlendirmesi/kayyım atama” işlemlerinin hukuka aykırı…https://t.co/IkM3VkU55bpic.twitter.com/AVNYbQcI6e",
    "url": "https://www.birgun.net/haber/huseyin-ersoz-sisli-belediyesi-ne-yapilan-kayyum-atamasinin-iptali-icin-mahkemeye-basvurduklarini-acikladi-617409",
    "source": "birgun",
    "genre": "haber",
    "article_date": "2025-04-22T12:18:31.626029",
    "request_date": "2025-04-22T12:18:31.626029",
    "is_empty": false
}