{
    "title": "Avukat Ersöz açıkladı: Şişli Belediyesi'ne kayyım atamasının iptali için başvuru yapıldı",
    "content": "T24 Haber Merkezi AvukatHüseyin Ersöz,Şişli Belediyesi BaşkanıResul Emrah Şahan'ın görevden uzaklaştırılması ve belediyeye kayyım atanmasının iptali için mahkemeye başvurduklarını açıkladı. Şişli Belediye Başkanı Resul Emrah Şahan’ın avukatı Hüseyin Ersöz, İBB'ye yapılan operasyon kapsamında Şahan'ın tutuklanması ve Şişli Belediyesi'ne kayyım atanmasına yönelik kararların iptali için iİstanbul İdare Mahkemesi’ne başvurduklarını açıkladı. Sosyal medya hesabından paylaşım yapan Ersöz, dava kapsamında söz konusu idari işlemlerin dayanağını oluşturan Belediye Kanunu’nun 45 ve 46. maddelerinin Anayasa Mahkemesi’ne taşınarak somut norm denetimi yapılmasının da talep edildiği belirtildi. Öte yandan Esenyurt Belediye Başkanı Ahmet Özer hakkında da benzer bir sürecin sürdüğü ve bu konuda açılan iptal davasının da halen derdest olduğu kaydedildi.     ",
    "url": "https://t24.com.tr/haber/avukat-ersoz-acikladi-sisli-belediyesi-ne-kayyim-atamasinin-iptali-icin-basvuru-yapildi,1234362",
    "source": "t24",
    "genre": "haber",
    "article_date": "2025-04-22T12:18:37.303565",
    "request_date": "2025-04-22T12:18:37.303565",
    "is_empty": false
}