{
  "id": null,
  "articleId": "c02d3929-7da9-430e-a378-7c86bc9c6ed9",
  "title": "Ev Kadınlarına Emeklilik Hakkı",
  "content": "",
  "summary": "Ev kadınlarına Bağ-Kur kapsamında isteğe bağlı sigorta imkanı sağlanacak. Devlet, primlerin üçte birini karşılayacak. 15 yıllık ödeme sonrası emeklilik hakkı kazanılacak. Çocuk sayısına göre esneklikler ve erken emeklilik avantajları olacak.",
  "longerSummary": "Aile Koruma Kalkanı paketi kapsamında, 18 yaşını doldurmuş tüm Türkiye Cumhuriyeti vatandaşı ev kadınlarına sosyal güvence ve emeklilik hakkı tanınacak.  Bu hak, daha önce sigorta girişi olup olmamasına bakılmaksızın tüm ev kadınlarına sunulacak.\n\nEv kadınları, Bağ-Kur kapsamında isteğe bağlı sigorta sistemine internet üzerinden başvurarak her ay prim ödeyecekler.  Devlet, ödenecek aylık primlerin üçte birini karşılayacak. 15 yıllık ödeme süreci sonunda, mevcut asgari ücret seviyelerine göre devlet desteği 500.000 TL'ye ulaşabilecek.\n\nProje, çocuk sayısına bağlı esneklikler ve \"yıpranma payı\" benzeri erken emeklilik avantajları da içeriyor.  Çocuklu anneler, erken emeklilik konusunda daha avantajlı olacaklar.  Çalışma ve Sosyal Güvenlik Bakanı Vedat Işıkhan, bu projenin Cumhurbaşkanı tarafından desteklendiğini ve uygulanacağının garantisini vermiştir.",
  "category": "Siyaset",
  "tags": [],
  "source": [
    "https://www.dunya.com/ekonomi/sosyal-guvence-genisliyor-ev-kadinlarina-emeklilik-hakki-geliyor-haberi-773153",
    "https://www.turkiyegazetesi.com.tr/ekonomi/ev-kadinlarina-emeklilik-hakki-yolda-primlerin-3te-birini-devlet-odeyecek-1110440",
    "https://www.ensonhaber.com/gundem/ev-kadinlarina-emeklilik-hakki-yolda-primlerin-3te-birini-devlet-odeyecek"
  ],
  "location": null,
  "popularityScore": 0,
  "createdAt": null,
  "image": "image.jpg",
  "priority": null
}