{
    "title": "Dolar/TL güne nasıl başladı?",
    "content": "Liranındolarveeurokarşısındaki eriyişi devam ediyor.İstanbul serbest piyasada dolar 38,2510 liradan, euro 44,1440 liradan güne başladı.Serbest piyasada 38,2490 liradan alınan dolar, 38,2510 liradan satılıyor.44,1420 liradan alınan euronun satış fiyatı ise 44,1440liraolarak belirlendi.Dün doların satış fiyatı 38,1920 lira, euronun satış fiyatı ise 44,0020 lira olmuştu.KÜRESEL PİYASALAR KARIŞIK SEYREDİYORKüresel piyasalarda, ABD Başkanı Donald Trump'ın ABD Merkez Bankası (Fed) Başkanı Jerome Powell'a yönelik eleştirilerinin dozunu artırması ve ABD'nin ticaret politikalarına yönelik belirsizliklerin etkisiyle karışık bir seyir izleniyor.ABD yönetiminin izlediği korumacı ticaret politikasından kaynaklanan belirsizlikler devam ederken, Fed ve Trump arasında politika uyumsuzluğu olabileceği endişeleri varlık fiyatları üzerinde etkili oluyor.Altın rekor üstüne rekor kırıyorMotorine zam geliyor İstanbul serbest piyasada dolar 38,2510 liradan, euro 44,1440 liradan güne başladı.Serbest piyasada 38,2490 liradan alınan dolar, 38,2510 liradan satılıyor.44,1420 liradan alınan euronun satış fiyatı ise 44,1440liraolarak belirlendi.Dün doların satış fiyatı 38,1920 lira, euronun satış fiyatı ise 44,0020 lira olmuştu.KÜRESEL PİYASALAR KARIŞIK SEYREDİYORKüresel piyasalarda, ABD Başkanı Donald Trump'ın ABD Merkez Bankası (Fed) Başkanı Jerome Powell'a yönelik eleştirilerinin dozunu artırması ve ABD'nin ticaret politikalarına yönelik belirsizliklerin etkisiyle karışık bir seyir izleniyor.ABD yönetiminin izlediği korumacı ticaret politikasından kaynaklanan belirsizlikler devam ederken, Fed ve Trump arasında politika uyumsuzluğu olabileceği endişeleri varlık fiyatları üzerinde etkili oluyor.Altın rekor üstüne rekor kırıyorMotorine zam geliyor Serbest piyasada 38,2490 liradan alınan dolar, 38,2510 liradan satılıyor.44,1420 liradan alınan euronun satış fiyatı ise 44,1440liraolarak belirlendi.Dün doların satış fiyatı 38,1920 lira, euronun satış fiyatı ise 44,0020 lira olmuştu.KÜRESEL PİYASALAR KARIŞIK SEYREDİYORKüresel piyasalarda, ABD Başkanı Donald Trump'ın ABD Merkez Bankası (Fed) Başkanı Jerome Powell'a yönelik eleştirilerinin dozunu artırması ve ABD'nin ticaret politikalarına yönelik belirsizliklerin etkisiyle karışık bir seyir izleniyor.ABD yönetiminin izlediği korumacı ticaret politikasından kaynaklanan belirsizlikler devam ederken, Fed ve Trump arasında politika uyumsuzluğu olabileceği endişeleri varlık fiyatları üzerinde etkili oluyor.Altın rekor üstüne rekor kırıyorMotorine zam geliyor 44,1420 liradan alınan euronun satış fiyatı ise 44,1440liraolarak belirlendi.Dün doların satış fiyatı 38,1920 lira, euronun satış fiyatı ise 44,0020 lira olmuştu.KÜRESEL PİYASALAR KARIŞIK SEYREDİYORKüresel piyasalarda, ABD Başkanı Donald Trump'ın ABD Merkez Bankası (Fed) Başkanı Jerome Powell'a yönelik eleştirilerinin dozunu artırması ve ABD'nin ticaret politikalarına yönelik belirsizliklerin etkisiyle karışık bir seyir izleniyor.ABD yönetiminin izlediği korumacı ticaret politikasından kaynaklanan belirsizlikler devam ederken, Fed ve Trump arasında politika uyumsuzluğu olabileceği endişeleri varlık fiyatları üzerinde etkili oluyor.Altın rekor üstüne rekor kırıyorMotorine zam geliyor Dün doların satış fiyatı 38,1920 lira, euronun satış fiyatı ise 44,0020 lira olmuştu.KÜRESEL PİYASALAR KARIŞIK SEYREDİYORKüresel piyasalarda, ABD Başkanı Donald Trump'ın ABD Merkez Bankası (Fed) Başkanı Jerome Powell'a yönelik eleştirilerinin dozunu artırması ve ABD'nin ticaret politikalarına yönelik belirsizliklerin etkisiyle karışık bir seyir izleniyor.ABD yönetiminin izlediği korumacı ticaret politikasından kaynaklanan belirsizlikler devam ederken, Fed ve Trump arasında politika uyumsuzluğu olabileceği endişeleri varlık fiyatları üzerinde etkili oluyor.Altın rekor üstüne rekor kırıyorMotorine zam geliyor Küresel piyasalarda, ABD Başkanı Donald Trump'ın ABD Merkez Bankası (Fed) Başkanı Jerome Powell'a yönelik eleştirilerinin dozunu artırması ve ABD'nin ticaret politikalarına yönelik belirsizliklerin etkisiyle karışık bir seyir izleniyor.ABD yönetiminin izlediği korumacı ticaret politikasından kaynaklanan belirsizlikler devam ederken, Fed ve Trump arasında politika uyumsuzluğu olabileceği endişeleri varlık fiyatları üzerinde etkili oluyor.Altın rekor üstüne rekor kırıyorMotorine zam geliyor ABD yönetiminin izlediği korumacı ticaret politikasından kaynaklanan belirsizlikler devam ederken, Fed ve Trump arasında politika uyumsuzluğu olabileceği endişeleri varlık fiyatları üzerinde etkili oluyor.Altın rekor üstüne rekor kırıyorMotorine zam geliyor",
    "url": "https://www.birgun.net/haber/dolar-tl-gune-nasil-basladi-617362",
    "source": "birgun",
    "genre": "haber",
    "article_date": "2025-04-22T12:18:32.337160",
    "request_date": "2025-04-22T12:18:32.337160",
    "is_empty": false
}