{
    "title": "Dolar ve Euro güne nasıl başladı?",
    "content": "Liranın dolar ve Euro karşısındaki eriyişi devam ediyor. İstanbul serbest piyasada dolar 38,2510 liradan, euro 44,1440 liradan güne başladı. Serbest piyasada 38,2490 liradan alınan dolar, 38,2510 liradan satılıyor. 44,1420 liradan alınan Euro'nun satış fiyatı ise 44,1440 lira olarak belirlendi. Dün doların satış fiyatı 38,1920 lira, Euro'nun satış fiyatı ise 44,0020 lira olmuştu.   ",
    "url": "https://t24.com.tr/haber/dolar-ve-euro-gune-nasil-basladi,1234303",
    "source": "t24",
    "genre": "haber",
    "article_date": "2025-04-22T12:18:37.027680",
    "request_date": "2025-04-22T12:18:37.027680",
    "is_empty": false
}