{
  "id": null,
  "articleId": "cc237fc6-2e52-45a6-813c-a67affaa2645",
  "title": "Fenerbahçe-Kayserispor: 3-3 Berabere, Tepkiler",
  "content": "",
  "summary": "Fenerbahçe, Kayserispor'u 3-3'lük skorla evinde ağırladı. Maçtan sonra Ali Koç'a istifa çağrıları yapıldı.  Mourinho'nun geleceği belirsizleşti.",
  "longerSummary": "Fenerbahçe, Trendyol Süper Lig'in 32. haftasında evinde Kayserispor ile 3-3 berabere kaldı. Maçın ilk yarısı 1-1 sona erdi. Kayserispor, 7. dakikada Ramazan Civelek'in golüyle öne geçti. Fenerbahçe, 36. dakikada Talisca'nın golüyle eşitliği yakaladı. İkinci yarıda Kayserispor, 49. dakikada Nazon'un golüyle tekrar öne geçti. Fenerbahçe, 64. dakikada Saint-Maximin ve 79. dakikada Talisca'nın penaltı golüyle 3-2 öne geçti. Ancak Kayserispor, 90+4. dakikada Talha Sarıarslan'ın golüyle beraberliği sağladı.\n\nMaç öncesinde 23 Nisan Ulusal Egemenlik ve Çocuk Bayramı kutlandı ve Fenerbahçe'nin eski teknik direktörü Werner Lorant için saygı duruşunda bulunuldu. Fenerbahçe, Mert Hakan Yandaş, Sofyan Amrabat ve Alexander Djiku'dan yoksundu. Diego Carlos, 10 maç sonra ilk 11'de yer aldı. En-Nesyri de 2 maç sonra ilk 11'e döndü. Ramazan Civelek, eski kulübü karşısında gol attı ancak sevinmedi. Talisca, takımının son 10 golünün 7'sinde etkili oldu.\n\nBeraberlik sonrası Fenerbahçe taraftarları başkan Ali Koç'un istifasını istedi ve bazı taraftarlar DJ kabinine saldırdı. Bazı futbolcuların takımdan ayrılacağı belirtildi.  Jose Mourinho'nun Rangers'a geçebileceği ve bunun Fenerbahçe'ye tazminat bedeli getireceği iddia edildi.  Mourinho'nun ayrılması durumunda Carlo Ancelotti'nin Fenerbahçe'nin öncelikli teknik direktör adayı olacağı belirtildi. Eski Fenerbahçe futbolcusu Serhat Akın, Ali Koç'u sert bir şekilde eleştirdi ve Fenerbahçe-Galatasaray rekabetinin sona erdiğini söyledi.",
  "category": "Spor",
  "tags": [],
  "source": [
    "https://www.takvim.com.tr/spor/2025/04/22/fenerbahceden-cilgin-hamle-herkes-bunu-konusacak",
    "https://www.takvim.com.tr/spor/2025/04/20/fenerbahcenin-kayserispor-maci-ilk-11i-belli-oldu",
    "https://www.takvim.com.tr/spor/2025/04/21/fenerbahce-tribunlerinden-ali-koc-ve-yonetimine-istifa-tepkisi",
    "https://www.turkiyegazetesi.com.tr/spor/serhat-akin-canli-yayinda-adeta-cildirdi-yapiymis-mapiymis-hepsi-hikaye-1110469"
  ],
  "location": null,
  "popularityScore": 0,
  "createdAt": null,
  "image": "image.jpg",
  "priority": null
}