{
  "id": null,
  "articleId": "1077f27c-c4a6-44e8-8385-74e4fab374bc",
  "title": "CHP Kurultayı: Oy Alım Soruşturması",
  "content": "",
  "summary": "CHP'nin 38. Olağan Kurultayı'ndaki  \"para karşılığı oy\" iddialarıyla ilgili 86 kişi hakkında soruşturma başlatıldı.  İmamoğlu ve Çelik de ifade verdi.  Soruşturma, MASAK raporu ve diğer belgelerle destekleniyor.",
  "longerSummary": "Ankara Cumhuriyet Başsavcılığı, CHP'nin 38. Olağan Kurultayı'nda \"para karşılığı oy kullanımı\" iddialarıyla ilgili soruşturma başlattı.  Soruşturma, Siyasi Partiler Kanunu'nun 112. maddesi ve ilgili mevzuatlar çerçevesinde yürütülüyor.\n\nŞu ana kadar 86 kişi şüpheli sıfatıyla ifade vermeye başladı.  Bunlar arasında İstanbul Büyükşehir Belediye Başkanı Ekrem İmamoğlu, CHP İstanbul İl Başkanı Özgür Çelik ve gazeteciler Şaban Sevinç ile İsmail Saymaz da bulunuyor.  21 kişinin ise tanık olarak ifadesi alındı.  Dosyaya MASAK raporu, tanık beyanları, SGK ve tapu kayıtları gibi çok sayıda belge eklendi.\n\nCHP İstanbul İl Başkanı Özgür Çelik, verdiği ifadede soruşturmanın siyasi amaçlı olduğunu, CHP'nin iktidar yürüyüşünü engellemeyi hedeflediğini iddia etti.  Çelik, kendisine yöneltilen suçlamaların temelsiz olduğunu savundu ve takipsizlik talebinde bulundu.  Hatip Karaaslan ve Erkan Çakır ile ilgili olarak ise Karaaslan'ı tanımadığını, Çakır ile sadece bir kez, Iğdır İl Başkanı ile görüşmek üzere JW Marriott Otel'de kısa bir süre görüştüğünü belirtti.  Bursa İl Başkanı Nihat Yeşiltaş ile de hemşerilik ilişkisi nedeniyle görüştüğünü ve kurultay süreciyle ilgili sadece kısa bir değerlendirme yaptıklarını ifade etti.  Çelik, siyasi hayatında menfaat temelli ilişki kurmadığını ve ailesinin CHP'li belediyelerde çalışmadığını da vurguladı.\n\nSoruşturma, hem siyasette etik tartışmaları hem de adalet sistemine yönelik eleştirileri yeniden gündeme getirdi. Savcılık, şüphelilerin banka hareketlerini, telefon trafiğini ve beyanlarını detaylı bir şekilde inceliyor.",
  "category": "Error during generation",
  "tags": [],
  "source": [
    "https://t24.com.tr/haber/chp-li-ozgur-celik-ten-savciya-kurultay-sorusturmasi-ifadesi-bu-chp-nin-iktidar-yuruyusunu-durdurma-cabasidir,1234287",
    "https://bianet.org/haber/ozgur-celik-sorusturmanin-amaci-partimizin-iktidar-yuruyusunu-engellemek-306658"
  ],
  "location": null,
  "popularityScore": 0,
  "createdAt": null,
  "image": "image.jpg",
  "priority": null
}