{
    "title": "Galatasaray, Lucas Torreira'nın performansına kayıtsız kalmadı!",
    "content": "Galatasaray'ın 2022-2023 sezonu başında kadrosuna kattığıLucas Torreirailesözleşmeyenilendi. Sarı-kırmızılılar, Uruguaylı futbolcunun sözleşmesinin 2028 yılına kadar uzatıldığını TürkiyeFutbolFederasyonu'na bildirdi.Galatasaray'da 3. sezonunu yaşayan 29 yaşındaki orta saha 123 maça çıktı. Torreira, bu maçlarda 4 gol 8 asiste imza attı.",
    "url": "https://www.cnnturk.com/spor/futbol/galatasaray-lucas-torreiranin-performansina-kayitsiz-kalmadi-2273505",
    "source": "cnnturk",
    "genre": "spor",
    "article_date": "2025-04-22T12:17:36.029758",
    "request_date": "2025-04-22T12:17:36.029758",
    "is_empty": false
}