{
    "title": "TFF'ye bildirdiler: Galatasaray'dan Lucas Torreira kararı!",
    "content": "Sarı-kırmızılı ekip, 29 yaşındaki Uruguaylı futbolcusuLucas Torreira'nın 2026'da bitecek sözleşmesinin 2028 yılına kadar uzatıldığını TFF'ye bildirdi.  2022/23 sezonundan bu yana sarı-kırmızılı formayı terleten Torreira,Galatasarayformasıyla 123 maça çıkarken, 4 gol 8 asiste imza attı. Lucas Torreira. BİRÇOK TEKLİFİ REDDETTİKariyerinin son döneminde Güney Amerika'da forma giymek isteyen Torreira'nın 2028'e kadarGalatasaray'da forma giymeyi planladığı gelen bilgiler arasında. Yıldız ön libero, geçtiğimiz yaz transfer döneminden beri Lazio ve Arjantin'den birçok takımdan teklifler almış ama Cimbom'da kalmak istediği için geri çevirmişti. Lucas Torreira. İstanbul'da yaşamaktan bir hayli memnun olan Torreira, 2022- 23 sezonunun yazında Premier Lig deviArsenal'den 6 milyonEuro bonservisparası karşılığındaGalatasaray'a transfer olmuştu. 1.66 boyundaki oyuncunun Transfermarkt verilerine göre güncel piyasa değeri 13 milyon Euro olarak öne çıkıyor.",
    "url": "https://www.takvim.com.tr/spor/2025/04/21/tffye-bildirdiler-galatasaraydan-lucas-torreira-karari",
    "source": "takvim",
    "genre": "spor",
    "article_date": "2025-04-22T12:18:12.040926",
    "request_date": "2025-04-22T12:18:12.040926",
    "is_empty": false
}