{
  "id": null,
  "articleId": "30aa7776-47b2-4bcb-bfcc-0f84bb61b296",
  "title": "Polat araç ihalesi durduruldu",
  "content": "",
  "summary": "Polat ailesine ait 77 milyon TL değerindeki lüks araçların ihalesi mahkeme kararıyla durduruldu.",
  "longerSummary": "Tasarruf Mevduatı Sigorta Fonu (TMSF), Dilan ve Engin Polat'a ait, Ferrari, Porsche, Mercedes ve BMW markalarından oluşan ve toplam piyasa değeri 77 milyon TL olarak belirlenen lüks araçların 22 Nisan 2025 tarihinde açık ihaleyle satışını planlıyordu.  İhale, TMSF'nin İstanbul'daki binasında saat 10:00'da gerçekleşmesi bekleniyordu. Ancak, Polat ailesinin avukatı Sevinç Horoz'un yaptığı başvuru üzerine bir mahkeme, satış işlemlerine ilişkin yürütmeyi durdurma kararı verdi.  Bu kararın ardından TMSF, söz konusu araçları ihale listesinden çıkardı. Araçlar, Dilan ve Engin Polat'ın sahibi olduğu Milda Gayrimenkul Otomotiv Anonim Şirketi'nin mülkiyetindeydi.",
  "category": "Ekonomi",
  "tags": [],
  "source": [
    "https://www.ntv.com.tr/turkiye/dilan-polatin-luks-araclari-icin-yeni-karar,HAvyC-88NkO4MVK5PfQFkg",
    "https://t24.com.tr/haber/tmsf-dilan-ve-engin-polat-in-araclarini-satisa-cikarmisti-mahkemeden-yurutmeyi-durdurma-karari,1234322"
  ],
  "location": null,
  "popularityScore": 0,
  "createdAt": null,
  "image": "image.jpg",
  "priority": null
}