{
    "title": "En son 1960'da böylesi görüldü! Rekorlar kırıldı, alarm zilleri çaldı",
    "content": "Son yıllardakuraklığıniyiden iyiye kendini gösterdiği Türkiye'de alarm zilleri çalıyor. Meteoroloji Genel Müdürlüğü'nün son paylaştığı veriler ise korku ve panik havasını estirdi. Verilere göre, Marmara Bölgesi mart ayı yağış miktarının uzun yıllar ortalaması66,1 milimetreolarak gerçekleşti. Bölgeye geçen sene mart ayında 63 milimetre, bu yılın aynı döneminde ise 25,7 milimetre yağış düştü. Buna göre, bölgede mart yağışları uzun yıllar ortalamasına göre yüzde 61, geçen yılın aynı dönemine göre ise yüzde 59 azaldı.  Mart ayında İstanbul'da yağışların azalması nedeniyle son 39 yılın en düşük mart ayı yağışı kaydedildi.Ayrıca Kırıkkale'de son 65, Balıkesir'de son 42, Kocaeli ile Sakarya'da ise son 36 yılın en düşük mart ayı yağışı kayıtlara geçti. Yağışlı gün sayıları Kırklareli, Çanakkale ve Balıkesir çevrelerinde15-20gün aralığında gerçekleşti.Öte yandan yağışlı gün sayıları Kırıkkale çevresinde yer yer 1 güne kadar düştü.  İstanbul Aydın Üniversitesi Dr. Öğretim Üyesi ve meteoroloji mühendisi Güven Özdemir,  Türkiye’de özellikle Marmara Bölgesi'nde yağışlarda önemli düşüş yaşandığını söyledi. Marmara Bölgesi'nde yağışların geçen yıla göre yüzde 59, uzun yıllar ortalamasına göre ise yüzde 61 oranında azaldığını belirten Özdemir,\"Türkiye genelinde yağışlarda ciddi düşüş gözlemliyoruz. 39-40 yıllık ortalamalara bakıldığında da bu azalma net şekilde görülüyor. Kuraklık maalesef Türkiye'nin belini büküyor.\"dedi. Özdemir, baraj doluluk oranlarının geçici bir rahatlama sağladığını ancak asıl tehlikenin devam ettiğini vurgulayarak \"Barajlarımızın dolu olması bizi aldatmasın. Bu yıl Marmara ve Karadeniz sahillerinde etkili olan kuvvetli yağışlar toprağın bir miktar nemlenmesini sağladı ancak bu yeterli değil. Önümüzdeki yıllar için bu bir alarmdır.\" diye konuştu. İlgili HaberZirai don o ürünün fiyatını uçurdu! 185 liraya kadar yükseldi Dünyada ortalama sıcaklık artışının 1,3 dereceye ulaştığını kaydeden Özdemir, metropollerde bu artışın daha da fazla hissedildiğini kaydetti. ",
    "url": "https://www.turkiyegazetesi.com.tr/yasam/en-son-1960da-boylesi-goruldu-rekorlar-kirildi-alarm-zilleri-caldi-1110490",
    "source": "turkiye_gazetesi",
    "genre": "yasam",
    "article_date": "2025-04-22T12:18:21.203079",
    "request_date": "2025-04-22T12:18:21.203079",
    "is_empty": false
}