{
    "title": "Sosyal güvence genişliyor: Ev kadınlarına emeklilik hakkı geliyor",
    "content": "Aile Koruma Kalkanıpaketi kapsamında hazırlanan düzenlemeyle, ev kadınlarına sosyal güvence ve emeklilik hakkı tanınacak. Aile Koruma Kalkanı paketi içinde yer alan projeye göre, Türkiye Cumhuriyeti vatandaşı olan ve18yaşını doldurmuş tüm ev kadınları bu imkândan yararlanabilecek. Sigorta geçmişi bulunmayanlar da uygulamaya başvurabilecek. NTV’de yer alan habere göre ev kadınları,Bağ-Kurkapsamında değerlendirilecek isteğe bağlı sigorta sistemine internet üzerinden başvurarak her ay prim yatıracak. Emeklilik için gerekli olan15 yıllıködeme sürecinde devletin katkı payı, mevcut asgari ücret seviyeleriyle hesaplandığında500 bin TL’yi bulabilecek. Projede ayrıca çocuk sayısına göre değişen esneklikler ve “yıpranma payı” benzeri erken emeklilik avantajları da yer alacak.",
    "url": "https://www.dunya.com/ekonomi/sosyal-guvence-genisliyor-ev-kadinlarina-emeklilik-hakki-geliyor-haberi-773153",
    "source": "dunya",
    "genre": "ekonomi",
    "article_date": "2025-04-22T12:18:27.068288",
    "request_date": "2025-04-22T12:18:27.068288",
    "is_empty": false
}