{
    "title": "Ev kadınlarına emeklilik hakkı yolda! Primlerin 3'te birini devlet ödeyecek",
    "content": "Aile Yılı kapsamında ev kadınlarına önemli bir hak tanınması için düğmeye basıldı. Aile Koruma Kalkanı paketi kapsamında ev kadınlarına sosyal güvence veemeklilikhakkı tanınması planlanıyor. Daha önce sigorta girişi olsun ya da olmasın 18 yaşını doldurmuş ve Türkiye Cumhuriyeti vatandaşı olan tüm ev kadınları bu haktan yararlanabilecek. İlgili HaberSGK, en çok erken emekli eden hastalıkları açıkladı! Star Haber'de yer alan habere göreprojede en kritik ayrıntı ise devlet desteği olarak göze çarpıyor. Ödenecek aylık primlerin 3'te birinin devlet tarafından karşılanacağı belirtilirken, emeklilik için gerekli olan 15 yıllık ödemede devlet desteği bugünkü asgari ücretle 500 bin lirayı bulacak. İlgili HaberMilyonlarca emekli adayını bekleyen haber geldi! Kademeli emeklilik masada: Yaş farkı 2 değil 20 yıl olunca... Başvuruda bulunan ev kadınları, Bağ-Kur kapsamında sayılacak. Böylece ev kadınları, devlet destekli primlerini, kendi işini yapıyor gibi her ay düzenli şekilde ödeyecek. Ödemeler internet üzerinden yapılacak.  Projede yıpranma payı benzeri bir destek de yer alacak. Bu konuda çocuk sayısına göre de esneklik gösterilecek. Çocuklu anneler, erken emeklilikte avantajlı olacak.",
    "url": "https://www.turkiyegazetesi.com.tr/ekonomi/ev-kadinlarina-emeklilik-hakki-yolda-primlerin-3te-birini-devlet-odeyecek-1110440",
    "source": "turkiye_gazetesi",
    "genre": "ekonomi",
    "article_date": "2025-04-22T12:18:20.298572",
    "request_date": "2025-04-22T12:18:20.298572",
    "is_empty": false
}