{
  "id": null,
  "articleId": "6e5a4100-60a9-45ae-87e9-28c149933d0a",
  "title": "E-ticaret Temsilcilik Zorunluluğu ve Erişim Engeli",
  "content": "",
  "summary": "1 Nisan'da yürürlüğe giren e-ticaret düzenlemesiyle yurtdışı satıcılara temsilci bulundurma zorunluluğu getirildi.  Temu gibi birçok firma bu kurala uymayınca erişim engeli getirilecek.",
  "longerSummary": "Türkiye Ticaret Bakanlığı'nın 1 Nisan 2025'te yürürlüğe koyduğu yeni düzenlemeyle, yurtdışından Türkiye'ye e-ticaret yoluyla satış yapan satıcılar ve e-ticaret platformları için Türkiye'de temsilci bulundurmak zorunlu hale getirildi.  Bu düzenleme, halk sağlığı ve ürün güvenliği denetimlerini kolaylaştırmayı ve tüketici haklarını korumayı amaçlıyor.\n\nAncak, özellikle Çin merkezli Temu gibi birçok büyük e-ticaret platformu ve satıcısı bu zorunluluğu yerine getirmedi.  Bakanlık, bu durumun kanserojen ürünler gibi riskli ürünlerin denetimini zorlaştırdığını belirtti.\n\nTemsilci bulundurmayan şirketlere karşı Ticaret Bakanlığı, Bilgi Teknolojileri ve İletişim Kurumu (BTK) aracılığıyla erişim engeli getirilmesi için işlem başlatacak.  BTK, başvuruyu Erişim Sağlayıcıları Birliği'ne iletecek ve Sulh Ceza Hakimi'nin onayıyla erişim engeli kararı verilecek.  Engellenen satıcıların karara 7 gün içinde itiraz etme hakkı bulunuyor.\n\nDüzenlemenin bir diğer sorunu ise, yurtdışından gelen her ürün için satıcının belge düzenleme zorunluluğunun yeterince yerine getirilmemesi.  Günlük yaklaşık 200.000 beyannamenin tek tek incelenmesi gerektiği ve bunun pratikte mümkün olmadığı belirtiliyor.  Bu durum, gümrük işlemlerinde zorluklar yaşanmasına neden oluyor.  Bakanlık, bu konuda da denetimlerini sıklaştıracak.",
  "category": "Ekonomi",
  "tags": [],
  "source": [
    "https://www.sabah.com.tr/ekonomi/e-ticarette-temsilci-atamayana-af-yok-7338715",
    "https://www.turkiyegazetesi.com.tr/ekonomi/e-ticarette-temsilci-atamayan-yandi-temuya-satis-yasagi-geliyor-1110413",
    "https://www.takvim.com.tr/ekonomi/2025/04/22/temsilci-atamayana-af-yok"
  ],
  "location": null,
  "popularityScore": 0,
  "createdAt": null,
  "image": "image.jpg",
  "priority": null
}