{
  "id": null,
  "articleId": "bea84294-b3cd-45f6-94f0-b16aac98d060",
  "title": "Trump, Papa'nın cenazesine katılacak",
  "content": "",
  "summary": "Trump, Papa Franciscus'un cenaze törenine katılacak.",
  "longerSummary": "Eski ABD Başkanı Donald Trump, Papa Franciscus'un 20 Ocak'ta Roma'da düzenlenecek cenaze törenine katılacağını Truth Social üzerinden duyurdu.  Trump, açıklamasında eşi Melania ile birlikte törene katılmayı \"sabırsızlıkla beklediklerini\" belirtti.  Bu ifade, bazı sosyal medya kullanıcıları ve Demokrat hesaplar tarafından cenaze töreni için uygunsuz bulunduğu gerekçesiyle eleştirildi. Papa Franciscus, Vatikan tarafından açıklandığı üzere, 88 yaşında vefat etti.",
  "category": "Siyaset",
  "tags": [],
  "source": [
    "https://www.dunya.com/dunya/papaya-veda-icin-romada-olacak-trumptan-ilk-resmi-ziyaret-haberi-773129",
    "https://www.sabah.com.tr/dunya/ilk-yurt-disi-seyahati-oraya-olacak-trump-papa-icin-vatikana-gidiyor-7339012",
    "https://www.posta.com.tr/dunya/abd-baskani-trump-papanin-cenaze-torenine-katilacak-2853102"
  ],
  "location": null,
  "popularityScore": 0,
  "createdAt": null,
  "image": "image.jpg",
  "priority": null
}