{
  "id": null,
  "articleId": "dea9c944-59a0-4d98-90f5-1c5cedd0fbba",
  "title": "Kütahya'da 4,3 büyüklüğünde deprem",
  "content": "",
  "summary": "Kütahya'da 4,3; Van'da 4,0 büyüklüğünde depremler oldu.",
  "longerSummary": "21 Nisan 2025'te saat 20:24'te Kütahya'nın Simav ilçesinde 4.3 büyüklüğünde bir deprem meydana geldi. Depremin derinliği 13.43 km olarak ölçüldü.  Enlem ve boylam koordinatları sırasıyla 39.22389 N ve 28.97444 E olarak belirlendi.  Deprem, Simav'a 18 km uzaklıktaki Yemişli köyünde bazı evlerde çatlaklara yol açtı ve köy sakinleri geceyi dışarıda geçirdi. Köy muhtarı, bölgede üç gündür depremlerin sürdüğünü ve 4.3 büyüklüğündeki depremin korkuya yol açtığını belirtti. Kütahya Valisi Musa Işın, 3.4 ve 4.3 büyüklüğünde iki deprem olduğunu, ancak ciddi bir durumun olmadığını açıkladı.\n\n22 Nisan 2025'te saat 03:39'da Van'ın Başkale ilçesinde 4.0 büyüklüğünde bir deprem daha kaydedildi. Bu depremin derinliği 6.95 km idi ve koordinatları 38.19222 N ve 44.22389 E olarak tespit edildi.  Her iki deprem de AFAD tarafından duyuruldu.  21 Nisan günü Simav'da daha düşük şiddette birkaç deprem daha kaydedildi (1.3, 1.0 büyüklüklerinde) ve aynı gün Türkiye'nin çeşitli yerlerinde de farklı büyüklüklerde depremler yaşandı (Malatya, Denizli, Muğla, Balıkesir, Kahramanmaraş, Niğde, İzmir, Isparta, Elazığ, Kilis, Bursa, Kırklareli gibi illerde ve çevre bölgelerde).  Bu depremlerin büyüklükleri 1.0 ile 3.5 arasında değişti.",
  "category": "Genel",
  "tags": [],
  "source": [
    "https://www.ahaber.com.tr/gundem/2025/04/21/afad-duyurdu-kutahyada-43-buyuklugunde-deprem",
    "https://www.ahaber.com.tr/gundem/2025/04/22/vanin-baskale-ilcesinde-korkutan-deprem",
    "https://www.hurriyet.com.tr/gundem/son-dakika-kutahyada-4-3-buyuklugunde-deprem-42772733",
    "https://www.milliyet.com.tr/gundem/son-dakika-afad-duyurdu-kutahyada-4-3-buyuklugunde-korkutan-deprem-7355697",
    "https://www.birgun.net/haber/van-da-4-0-buyuklugunde-deprem-617357"
  ],
  "location": null,
  "popularityScore": 0,
  "createdAt": null,
  "image": "image.jpg",
  "priority": null
}