{
    "id": null,
    "articleId": "4b70b96e-95fe-4303-b7ac-cb242c924924",
    "title": "NBA Play-off'ları: Seri eşitliği",
    "content": "",
    "summary": "Clippers, Nuggets'ı 105-102 yenerek seriyi eşitledi. Pistons ise Knicks'i 100-94'lük skorla mağlup etti.",
    "longerSummary": "NBA play-off'larının ilk turunda iki maç oynandı.\n\n**Maç 1: Los Angeles Clippers - Denver Nuggets (105-102)**\n\nBatı Konferansı'nda 5. sırada yer alan Los Angeles Clippers, 4. sıradaki Denver Nuggets'ı deplasmanda 105-102 yendi ve seride durumu 1-1'e getirdi. Clippers'ın zaferinde Kawhi Leonard'ın 39 sayı, 5 asist performansı etkili oldu.  Takım arkadaşları James Harden 18 sayı, 7 asist ve Ivica Zubac 16 sayı, 12 ribauntla katkı sağladı. Nuggets'ta ise Nikola Jokic 26 sayı, 12 ribaunt, 10 asist ve Jamal Murray 23 sayı, 6 asistle oynadı.\n\n**Maç 2: Detroit Pistons - New York Knicks (100-94)**\n\nDoğu Konferansı'nda 6. sırada yer alan Detroit Pistons, 3. sıradaki New York Knicks'i deplasmanda 100-94 mağlup ederek seride durumu 1-1'e getirdi.  Pistons'ta Cade Cunningham 33 sayı, 12 ribaunt, Dennis Schröder 20 sayı, 3 asist ve Tobias Harris 15 sayı, 13 ribaunt ile öne çıktı. Knicks'te Jalen Brunson 37 sayı, 7 asist ve Mikal Bridges 19 sayı, 5 ribauntla mücadele etmesine rağmen mağlubiyet önlenmedi.",
    "category": "Spor",
    "tags": [],
    "source": [
        "https://www.cnnturk.com/spor/nba/clippers-yildizi-kawhi-leonard-nuggets-serisine-denge-getirdi-2273605",
        "https://www.cumhuriyet.com.tr/spor/nba-play-offlarinda-clippers-ve-pistons-serilerini-esitledi-2321177"
    ],
    "location": null,
    "popularityScore": 0,
    "createdAt": null,
    "image": null,
    "priority": null
}