{
    "id": null,
    "articleId": "22abb78a-6d08-4a0a-8532-513091e256b5",
    "title": "Nunn, Panathinaikos'un MVP'si oldu",
    "content": "",
    "summary": "Kendrick Nunn, Panathinaikos'un 2024-25 MVP'si seçildi.",
    "longerSummary": "Kendrick Nunn, Panathinaikos AKTOR'un taraftarları, medya, başantrenör Ergin Ataman ve takım kaptanları tarafından yapılan oylama sonucunda 2024-2025 sezonunun MVP'si seçildi.  29 yaşındaki Nunn, bu ödülü kariyerinde ilk kez kazandı.  Normal sezonda 21,1 sayı, 3,6 ribaunt, 4,3 asist ve 1 top çalma ortalamalarıyla oynayan Nunn, maç başına 20,3 verimlilik puanı üretti.  Sezonu sayı kralı olarak tamamlayan Nunn, aynı zamanda sezonun en iyi 5 oyuncusu arasına da girdi. Panathinaikos, normal sezonu üçüncü sırada bitirerek play-off'larda Anadolu Efes ile eşleşti.",
    "category": "Error during generation",
    "tags": [],
    "source": [
        "https://www.sabah.com.tr/spor/basketbol/2025/04/21/kendrick-nunn-thy-avrupa-liginde-sezonun-mvpsi-oldu",
        "https://www.cnnturk.com/spor/basketbol/euroleaguede-sezonun-mvpsi-kendrick-nunn-oldu-2273355"
    ],
    "location": null,
    "popularityScore": 0,
    "createdAt": null,
    "image": null,
    "priority": null
}