{
    "id": null,
    "articleId": "712dea49-f158-44da-94e3-82d4fcbb8055",
    "title": "İstanbul'da Büyük Metamfetamin Operasyonu",
    "content": "",
    "summary": "İstanbul'da 801,5 kg metamfetamin ele geçirildi, 2 şüpheli yakalandı.",
    "longerSummary": "22 Nisan 2025 tarihinde İstanbul'un Arnavutköy ilçesinde gerçekleştirilen bir uyuşturucu operasyonunda 801,5 kilogram metamfetamin ele geçirildi.  Operasyon sonucunda 2 şüpheli gözaltına alındı. Ele geçirilen metamfetaminin 773 kilogramı 29 ayrı parça halinde sıvı, 28,5 kilogramı ise kristal haldeydi. Operasyon, Gaziosmanpaşa Cumhuriyet Başsavcılığı ve Emniyet Genel Müdürlüğü Narkotik Suçlarla Mücadele Başkanlığı koordinasyonunda, İstanbul İl Emniyet Müdürlüğü Narkotik Suçlarla Mücadele Şube Müdürlüğü tarafından yürütüldü. İçişleri Bakanı Ali Yerlikaya, operasyonda yer alanları tebrik ederek uyuşturucuyla mücadeleye devam edeceklerini belirtti.",
    "category": "Suç",
    "tags": [],
    "source": [
        "https://www.ntv.com.tr/turkiye/istanbulda-uyusturucu-operasyonu-801-kilogrammetamfetamin-yakalandi,Hc3b9dTqmkegsEEKVTT-XA",
        "https://www.milliyet.com.tr/gundem/istanbulda-zehir-tacirlerine-operasyon-2-kisi-yakalandi-7355825",
        "https://www.ahaber.com.tr/gundem/2025/04/22/bakan-yerlikayadan-uyusturucu-operasyonu-aciklamasi",
        "https://t24.com.tr/haber/istanbul-da-801-kilogram-uyusturucu-ele-gecirildi,1234285"
    ],
    "location": null,
    "popularityScore": 0,
    "createdAt": null,
    "image": null,
    "priority": null
}