{
    "id": null,
    "articleId": "6543b950-9fc5-4608-94a7-8e36deb01587",
    "title": "Türkiye'de Mobil Cihaz Kayıt İstatistikleri",
    "content": "",
    "summary": "2023'te 15 milyon cihaz kayıt oldu, %33'ü yerli üretim. Mobil abone sayısı 94 milyon. 4,5G abone sayısı 87 milyon, 3G 4 milyon.  Genişbant kullanım 80 milyon TB.",
    "longerSummary": "Türkiye'deki elektronik haberleşme sektörüyle ilgili 2024 yılı verileri:\n\n**Mobil Cihaz Kayıt Sistemi:**\n\n* BTK'nin Mobil Cihaz Kayıt Sistemine 15.629.448 mobil cihaz kaydedildi.\n* Kayıtların 9.253.404'ü ithalat, 6.214.908'i imalat yoluyla gerçekleşti.\n* Yolcular tarafından getirilen cihaz sayısı 161.136 oldu.\n* Kayıtlı cihazların yaklaşık üçte biri yerli üretim.\n* Toplam kayıt altına alınan IMEI sayısı 27.499.601.\n* IMEI kayıtlı cihazların yaklaşık %42'sini Samsung ve Apple markaları oluşturuyor. Diğer markalar arasında Redmi, Tecno, Reeder, Infinix, Realme ve TCL bulunuyor.\n\n**Mobil Abonelik:**\n\n* Toplam mobil abone sayısı 94.320.271 (%110,1 yaygınlık oranı).\n* M2M ve 0-9 yaş grubu hariç yaygınlık oranı %113.\n\n**Mobil Genişbant:**\n\n* 3G abone sayısı 4.345.125'e düştü.\n* 4.5G abone sayısı 87.662.081.\n* Mobil genişbant abone sayısı (3G ve 4.5G) 75.887.045.\n* Toplam geniş bant internet kullanım miktarı 80.496.309 terabayt.\n\n**Elektronik Haberleşme Sektörü:**\n\n* 443 işletmeye 816 yetkilendirme verildi.\n\n\n**Not:** Metinde yer alan haberlerin farklı kaynaklardan alınmış olması ve haber içeriğinin bir kısmının haber metniyle ilgisi olmaması nedeniyle, özet sadece haber metnindeki verilere dayanmaktadır.",
    "category": "Teknoloji",
    "tags": [],
    "source": [
        "https://www.milliyet.com.tr/ekonomi/gecen-yil-imei-kaydi-yapilan-her-3-mobil-cihazdan-1i-turkiyede-imal-edildi-7355987",
        "https://www.dunya.com/ekonomi/gecen-yil-imei-kaydi-yapilan-her-3-mobil-cihazdan-1i-turkiyede-imal-edildi-haberi-773180"
    ],
    "location": null,
    "popularityScore": 0,
    "createdAt": null,
    "image": null,
    "priority": null
}