{
    "id": null,
    "articleId": "623cf4e0-d1c8-463e-8aee-b60b622ebff3",
    "title": "Trump, Powell'ı Faiz İndirimi İçin Eleştiriyor",
    "content": "",
    "summary": "Trump, Powell'ı faiz indirimine gitmekle suçladı, ticaret belirsizliği ve küresel piyasalarda karışıklık hakim.  Altın rekor kırdı.",
    "longerSummary": "Küresel piyasalar, ABD Başkanı Donald Trump'ın ABD Merkez Bankası (Fed) Başkanı Jerome Powell'a yönelik artan eleştirileri ve ABD'nin belirsiz ticaret politikaları nedeniyle karışık bir seyir izliyor.  Trump, Powell'ı faiz oranlarını düşürmekte gecikmekle suçluyor ve  \"önleyici indirimler\" yapılmasını talep ediyor. Enerji ve gıda fiyatlarındaki düşüşe rağmen enflasyonun düşük olduğunu savunarak, faiz oranlarının düşürülmemesinin ekonomik yavaşlamaya yol açabileceğini iddia ediyor.  Trump, Powell'ın siyasete alet olduğunu ve görevden ayrılması durumunda hemen ayrılacağını öne sürüyor.\n\nTrump'ın eleştirileri, Fed'in bağımsızlığına yönelik endişeleri artırırken doların değer kaybetmesine neden oluyor.  Analistler, bu durumun halihazırda gümrük tarifeleri nedeniyle azalan yatırımcı güvenini daha da zedelediğini belirtiyor.  Trump, AB ile gümrük tarifeleri konusunda anlaşma olasılığından bahsederek \"nihayetinde herkesle bir anlaşma yapacaklarını\" ifade etse de, ticaret politikalarındaki belirsizlik yatırımcıları endişelendiriyor.  Rusya-Ukrayna savaşı ve İran ile yapılan müzakereler hakkındaki yorumları da piyasaları etkiliyor.\n\nBu belirsizlikler ve Fed ile hükümet arasındaki olası politika uyumsuzluğu, ons altının 3400 doları aşarak rekor kırmasına neden oldu. ABD tahvillerinde satışlar artarken, dolar endeksi son 3 yılın en düşük seviyelerine yakın seyrediyor.  ABD borsaları düşüş yaşarken, Asya borsaları karışık bir seyir izliyor.  Avrupa borsaları ise Paskalya tatilinin ardından açılıyor.  Avrupa Merkez Bankası (ECB) Başkanı Christine Lagarde'ın açıklamaları da yakından takip ediliyor.  Japonya, ABD ile 2019 ticaret anlaşmasını feshetme planı olmadığını ancak endişelerini dile getirmeye devam edeceğini açıkladı. Türkiye'de ise BIST 100 endeksi alıcılı seyretti.  Analistler, şirketlerin finansal sonuçları ve çeşitli ekonomik göstergelerin piyasa hareketlerini etkileyebileceğini belirtiyor.",
    "category": "Ekonomi",
    "tags": [],
    "source": [
        "https://www.ahaber.com.tr/ekonomi/2025/04/22/trumpin-powell-cikisi-piyasalari-sarsti",
        "https://www.takvim.com.tr/dunya/trumptan-fede-faiz-uyarisi-enflasyon-olmadigini-iddia-etti-powelli-hedef-aldi-buyuk-bir-ezik-6122069"
    ],
    "location": null,
    "popularityScore": 0,
    "createdAt": null,
    "image": null,
    "priority": null
}