{
    "id": null,
    "articleId": "fa3a2ea1-3da3-43b5-a2ed-5bbdf0e02e10",
    "title": "İBB'nin 8 Milyarlık İhale Tartışması",
    "content": "",
    "summary": "İBB'nin Tuzla Sebze ve Meyve Hali Projesi için 8 milyar TL'lik yeni ihale yapıldığı, projenin daha önce AK Parti döneminde başladığı ve CHP yönetimi altında geciktiği iddia edildi.",
    "longerSummary": "İstanbul Büyükşehir Belediyesi (İBB) Meclisi AK Parti Grup Sözcüsü Murat Türkyılmaz, İBB'nin Tuzla Sebze ve Meyve Hali Projesi'yle ilgili açıklamalarda bulundu.  Türkyılmaz, projenin 2017 yılında AK Parti yönetimi döneminde ihalesinin yapıldığını ve inşaatının büyük ölçüde ilerlediğini belirtti. 2019'da göreve gelen CHP'li yönetimin ise projeyi askıya aldığını ve 6 yıl boyunca tamamlamadığını iddia etti.\n\nTürkyılmaz, İBB'nin projenin inşaatının devam ettiğini açıklamasından 6 ay sonra, bir ay önce 8 milyar TL'lik (KDV dahil) yeni bir ihaleye çıktığını vurguladı. Bu ihale, acil durumlar için kullanılan 21/B maddesiyle, yani pazarlık usulüyle yapıldı.  Bu durumun, projenin aciliyetiyle çeliştiğini ve kamu zararı oluşturduğunu savundu. 8 milyar TL'lik ihale bedelinin, İstanbul'daki 24 ilçe belediyesinin yıllık bütçesinin toplamından fazla olduğunu da ekledi.\n\nTürkyılmaz, İBB'nin projeyi tamamlayamadığını, kendi başarısıymış gibi gösterdiğini ve maliyetini gereksiz yere artırdığını öne sürerek,  İstanbul'un \"hizmet\" mi yoksa \"algı yönetimi\" miyle yönetildiğini sorguladı.  Özetle, Türkyılmaz, CHP'li İBB yönetimini projenin geciktirilmesi, maliyetinin şişirilmesi ve şeffaf olmayan ihale süreciyle suçluyor.",
    "category": "Siyaset",
    "tags": [],
    "source": [
        "https://www.turkiyegazetesi.com.tr/gundem/ibbnin-tuzla-hali-projesinde-skandal-8-milyar-liralik-ihaleyle-ilgili-iddialar-vahim-1110448",
        "https://www.posta.com.tr/gundem/ibbnin-tuzla-hali-projesindeki-8-milyar-liralik-ihalede-kamu-zarari-olustugu-iddiasi-2853111"
    ],
    "location": null,
    "popularityScore": 0,
    "createdAt": null,
    "image": null,
    "priority": null
}