{
    "id": null,
    "articleId": "73523668-273e-4fa4-bae9-911b50919c4f",
    "title": "Orlando Uçağı Motor Yangını: 282 Yolcu Tahliye Edildi",
    "content": "",
    "summary": "Orlando Havalimanı'nda Delta Havayolları'na ait Airbus A330'un motoru alev aldı. 282 yolcu acil durum kaydıraklarıyla tahliye edildi. Yaralanan olmadı. Soruşturma başlatıldı.",
    "longerSummary": "Orlando Uluslararası Havalimanı'nda, Delta Havayolları'na ait bir Airbus A330 tipi yolcu uçağının kalkışa hazırlanırken motorunda yangın çıktı.  Uçakta bulunan 282 yolcu ve 12 mürettebat, acil durum kaydıraklarıyla tahliye edildi.  Olayda ölen veya yaralanan olmadı.  Yangın, uçağın kapıdan ayrıldıktan kısa süre sonra, motorun egzoz borusundan alev almasıyla başladı. Havalimanı itfaiyesi olay yerine hızlıca müdahale ederek yangını kontrol altına aldı.  Federal Havacılık İdaresi (FAA) ve Delta Havayolları, olayın nedenini araştırmak üzere bir soruşturma başlattı.  Delta Havayolları, yolcular için Atlanta'ya giden başka bir uçak ayarladı. Bu olay, ABD'de son zamanlarda yaşanan bir dizi havacılık kazasından sonra meydana geldi.  Bu kazalar arasında; 29 Ocak'ta bir yolcu uçağı ile askeri helikopterin çarpışması sonucu 67 kişinin hayatını kaybettiği kaza, 1 Şubat'ta bir ambulans uçağının düşmesi sonucu 7 kişinin hayatını kaybettiği kaza, 17 Şubat'ta bir uçağın iniş sırasında ters dönmesi sonucu 18 kişinin yaralandığı kaza ve 11 Nisan'da bir helikopterin düşmesi sonucu 6 kişinin hayatını kaybettiği kaza yer alıyor.",
    "category": "Dünya Haberleri",
    "tags": [],
    "source": [
        "https://www.ensonhaber.com/dunya/abdde-ucagin-motoru-alev-aldi",
        "https://www.takvim.com.tr/dunya/abd-bir-facianin-daha-esiginden-dondu-282-yolcu-son-anda-kurtuldu-6122491",
        "https://www.dunya.com/dunya/abdde-ucak-motoru-alev-aldi-yolcular-tahliye-edildi-haberi-773144",
        "https://www.cnnturk.com/dunya/haber-abdde-panik-anlari-ucak-alev-aldi-yolcular-boyle-tahliye-edildi-2273536",
        "https://www.ahaber.com.tr/dunya/2025/04/22/abdde-yolcu-ucaginda-korkutan-anlar-motoru-alev-aldi-282-yolcu-tahliye-edildi",
        "https://www.birgun.net/haber/abd-de-ucagin-motoru-alev-aldi-282-yolcu-tahliye-edildi-617383"
    ],
    "location": null,
    "popularityScore": 0,
    "createdAt": null,
    "image": null,
    "priority": null
}