{
    "id": null,
    "articleId": "476bd9f0-257a-4541-b96d-3296874302af",
    "title": "2025 Vekalet Kurban Bedeli Açıklandı",
    "content": "",
    "summary": "2025 vekalet kurban bedelleri: Yurt içi 13.500 TL, yurt dışı 5.450 TL.",
    "longerSummary": "2025 Kurban Bayramı'nda Türkiye Diyanet Vakfı (TDV) tarafından yürütülen vekaletle kurban kesim bedelleri açıklandı.  Yurt içi vekalet bedeli 13.500 TL, yurt dışı ise 4.450 TL olarak belirlendi.  Bu, geçen yıla göre yurt içinde 1.750 TL (%12.9) artış, yurt dışında ise 700 TL artış anlamına geliyor. (Haber kaynakları arasında yurt dışı bedeli konusunda farklılık olduğu için, 4.450 TL ve 5.450 TL rakamları mevcuttur.) Kurban ibadetinin esasının kişinin bizzat kurban kesmesi olduğu, ancak maliyet nedeniyle vekaletle de yapılabildiği belirtildi. Vekalet yoluyla kurban kesimi iki şekilde uygulanıyor: 1) Kuruluş, müvekkil adına kurbanı temin edip kesiyor; 2) Kuruluş belirli bedel karşılığında kurbanlık hayvanı veya hisseyi satıyor ve vekaletle kesim gerçekleştiriliyor. 2025 Kurban Bayramı 6 Haziran (Cuma) başlayıp 9 Haziran (Pazartesi) sona erecek. Arefe günü 5 Haziran (Perşembe).",
    "category": "Ekonomi",
    "tags": [],
    "source": [
        "https://t24.com.tr/haber/diyanet-isleri-baskani-ali-erbas-turkiye-diyanet-vakfi-nin-kurban-bedelini-acikladi-,1234338",
        "https://www.dunya.com/gundem/son-dakika-diyanet-acikladi-2025-vekaletle-kurban-kesim-bedeli-ne-kadar-oldu-haberi-773170"
    ],
    "location": null,
    "popularityScore": 0,
    "createdAt": null,
    "image": null,
    "priority": null
}