{
    "id": null,
    "articleId": "b8ebe0e6-2618-4d7a-8534-62f319c95073",
    "title": "Bebek Bağırsaklarında Pil, Mıknatıs Bulundu",
    "content": "",
    "summary": "2 yaşındaki Mete'nin karın ağrısı için gittiği hastanede teşhis konulamadı, sonrasında apandisit teşhisi konuldu.  Başka hastanede bağırsaklarında pil ve mıknatıs bulundu, çıkarıldı ama bağırsakları yandı. Aile suç duyurusunda bulunacak.",
    "longerSummary": "İstanbul'da ikamet eden Selen ve Kürşat Macit'in 2 yaşındaki oğlu Mete, şiddetli karın ağrısı şikayetiyle bir devlet hastanesine götürüldü.  Hastanede yapılan tetkiklerde bir bulguya rastlanılmadığı gerekçesiyle Mete, gaz sancısı tanısıyla taburcu edildi.  Ağrılarının devam etmesi ve ağzından köpük gelmesi üzerine aile, Mete'yi tekrar hastaneye götürdü. Bu kez apandisit teşhisi konuldu.  Aile, daha sonra Mete'yi Çam ve Sakura Şehir Hastanesi'ne götürdü.  Burada yapılan tetkikler sonucunda Mete'nin bağırsaklarında bir pil ve üç mıknatıs bulunduğu tespit edildi.  Operasyonla yabancı cisimler çıkarıldı, ancak pilin asidi nedeniyle Mete'nin bağırsaklarında hasar oluştuğu belirtildi. Aile, ilk muayeneyi yapan devlet hastanesi hakkında suç duyurusunda bulunacağını açıkladı.",
    "category": "Sağlık",
    "tags": [],
    "source": [
        "https://www.ntv.com.tr/turkiye/pil-ve-miknatis-yutan-cocugun-bagirsaklari-yandi,tmv2l0wAvU6jqzpF1raQZA",
        "https://www.turkiyegazetesi.com.tr/gundem/2-yasindaki-cocugun-yuttuklari-hayrete-dusurdu-bagirsaklari-yandi-faciayi-yasadi-1110476"
    ],
    "location": null,
    "popularityScore": 0,
    "createdAt": null,
    "image": null,
    "priority": null
}