{
    "id": null,
    "articleId": "b9c4e98d-aa3c-4e70-94a9-d7a866f3f74d",
    "title": "22 Nisan: Resmi Tatil Değil",
    "content": "",
    "summary": "Error during generation",
    "longerSummary": "Error during generation",
    "category": "Siyaset",
    "tags": [],
    "source": [
        "https://www.cnnturk.com/turkiye/23-nisanda-universiteler-tatil-mi-23-nisan-resmi-tatil-mi-23-nisan-ulusal-egemenlik-ve-cocuk-bayraminda-okullar-tatil-mi-2267432",
        "https://www.cnnturk.com/turkiye/22-nisan-yarim-gun-mu-22-nisan-resmi-tatil-mi-22-nisan-okullar-tatil-mi-2273504",
        "https://www.hurriyet.com.tr/gundem/milli-egitim-bakani-yusuf-tekinden-23-nisan-aciklamasi-42773195"
    ],
    "location": null,
    "popularityScore": 0,
    "createdAt": null,
    "image": null,
    "priority": null
}