{
    "id": null,
    "articleId": "47ccc837-5184-4c45-8c35-1be0192b07bd",
    "title": "Bölgesel Kalkınma Planları: 1 Trilyon Lira Yatırım",
    "content": "",
    "summary": "2028'e kadar Güneydoğu Anadolu, İç Anadolu ve Doğu Karadeniz'e 522 projeye 1,24 trilyon TL yatırım yapılacak.",
    "longerSummary": "Türkiye hükümeti, 2024-2028 yılları arasında Güneydoğu Anadolu, İç Anadolu ve Doğu Karadeniz bölgelerinin kalkınmasını hedefleyen bölgesel eylem planlarını uygulamaya koydu.  7 Mart 2025'te Cumhurbaşkanı Erdoğan tarafından onaylanan Doğu Karadeniz Projesi (DOKAP), Doğu Anadolu Projesi (DAP), Güneydoğu Anadolu Projesi (GAP) ve Konya Ovası Projesi (KOP) kapsamında toplam 522 projeye 1 trilyon 240 milyar TL yatırım yapılması planlanıyor.\n\n**Proje Ayrıntıları:**\n\n* **GAP (Güneydoğu Anadolu Projesi):** 9 il (Adıyaman, Batman, Diyarbakır, Gaziantep, Kilis, Mardin, Siirt, Şanlıurfa ve Şırnak) kapsayan projede, 198 projeye 496 milyar TL yatırım öngörülüyor.  Hedefler arasında sulama yatırımlarının tamamlanması, akıllı tarım uygulamalarının yaygınlaştırılması, turizm odaklı büyüme ve özel sektör yatırım ortamının iyileştirilmesi yer alıyor. 70 yatırıma dönüştürülebilir ürün belirlenmesi, 570 bin kişiye istihdam sağlanması ve kuru tarımda 1605 dolarlık katma değer artışı hedefleniyor.  214 milyar TL bütçeli bir sulama programı ile iki büyük ölçekli özel sektör yatırımı ve Yerel Kalkınma Hamlesi Teşvik Programı kapsamında 36 yeni yatırım planlanıyor. 2003-2024 döneminde bölgeye güncel fiyatlarla yaklaşık 1 trilyon 40 milyar TL kamu yatırımı yapılmıştı.\n\n* **KOP (Konya Ovası Projesi):** Konya, Aksaray, Karaman, Niğde, Kırıkkale, Yozgat, Nevşehir ve Kırşehir illerini kapsayan projede, 166 projeye yaklaşık 350 milyar TL yatırım öngörülüyor.  Konya'da savunma sanayii ve havacılık sektörleri öncelikli olup, diğer illerde otomotiv yan sanayi, mermer işleme, katma değerli gıda ürünleri, kabak çekirdeği yağı, biyogaz ve et ürünleri işleme gibi sektörler desteklenecek.  Jeotermal potansiyelden yararlanılarak sağlık turizmi geliştirilmesi ve hızlı tren hatları ile Yozgat Havalimanı projeleri ile ulaşım ağının güçlendirilmesi planlanıyor.\n\n* **DOKAP (Doğu Karadeniz Projesi):** Artvin, Bayburt, Giresun, Gümüşhane, Ordu, Rize, Samsun, Tokat, Trabzon, Amasya ve Çorum illerini kapsayan projede, 158 projeye 394 milyar TL kaynak aktarılacak. Yerel Kalkınma Hamlesi teşvik programı kapsamında 12 milyar TL'lik 44 yeni özel sektör yatırımı hedefleniyor.  Samsun'da medikal, savunma, makine ve otomotiv yan sanayi, Trabzon'da gemi inşa sanayisi öncelikli olacak.  Diğer illerde katma değerli gıda ürünleri, tahıl ve yem bitkileri üretimi, bazalt ve feldspat değerlendirilmesi gibi alanlara yatırım yapılacak.  Sulanabilir tarım arazilerinin artırılması, gölet sayısının çoğaltılması, tarımsal hasılatın ve bal üretiminin artırılması hedefleniyor. 5 yıllık dönemde turizm alanına 30,3 milyar TL kaynak aktarılacak ve turist sayısının artırılması amaçlanıyor.\n\n\nEkonomi yönetimi, bu planların tanıtımı için Türkiye'nin farklı illerinde toplantılar düzenliyor ve Ekonomi Koordinasyon Kurulu (EKK) da bu illerde toplanıyor.  Toplantılara Cumhurbaşkanı Yardımcısı Cevdet Yılmaz başkanlık ediyor. Şanlıurfa, Konya ve Giresun'da toplantılar yapıldı ve Erzurum'da DAP eylem planı tanıtımı ve EKK toplantısı planlanıyor.",
    "category": "Ekonomi",
    "tags": [],
    "source": [
        "https://www.posta.com.tr/ekonomi/ekonomi-yonetimi-bolgesel-kalkinma-ve-yatirima-odaklandi-2853161",
        "https://www.milliyet.com.tr/ekonomi/ekonomi-yonetimi-bolgesel-kalkinma-ve-yatirima-odaklandi-7355990"
    ],
    "location": null,
    "popularityScore": 0,
    "createdAt": null,
    "image": null,
    "priority": null
}