{
    "id": null,
    "articleId": "e086b8f9-51a8-49dd-82c4-93683627e519",
    "title": "Van'da 4.0 büyüklüğünde deprem",
    "content": "",
    "summary": "Van'da 4.0 büyüklüğünde deprem oldu, olumsuzluk yok.",
    "longerSummary": "03:39'da Van'ın Başkale ilçesinde Richter ölçeğine göre 4.0 büyüklüğünde bir deprem meydana geldi.  Afet ve Acil Durum Başkanlığı (AFAD) Deprem Dairesi verilerine göre depremin merkez üssü Başkale olup, yerin 6.95 kilometre derinliğinde gerçekleşti. Deprem Van ve çevre ilçelerinde hissedildi.  İlk tespitlere göre depremde can kaybı veya maddi hasar yaşanmadı.",
    "category": "Dünya Haberleri",
    "tags": [],
    "source": [
        "https://www.cnnturk.com/turkiye/vanda-4-0-buyuklugunde-deprem-2273462",
        "https://t24.com.tr/haber/van-da-deprem-ilcelerde-de-hissedildi,1234265"
    ],
    "location": null,
    "popularityScore": 0,
    "createdAt": null,
    "image": null,
    "priority": null
}