{
    "id": null,
    "articleId": "54f0ee89-0763-4bd0-b717-abe0a925e85b",
    "title": "Putin: Ateşkese Olumlu Yaklaşım",
    "content": "",
    "summary": "Putin, Paskalya ateşkesinin sona erdiğini, Rusya'nın barış girişimlerine açık olduğunu ve Ukrayna'dan aynı tutumu beklediğini açıkladı.",
    "longerSummary": "Rusya Devlet Başkanı Vladimir Putin, Paskalya Bayramı münasebetiyle Rusya ve Ukrayna arasında ilan edilen ateşkesin sona erdiğini duyurdu.  Putin, Rusya'nın barış girişimlerine her zaman olumlu yaklaştığını ve bu nedenle ateşkesi önerdiğini belirtti.  Ukrayna'dan da benzer bir yaklaşım beklediğini ifade ederek, Kiev rejiminin temsilcilerinin de barış girişimlerine olumlu bakmasını umduğunu söyledi.",
    "category": "Siyaset",
    "tags": [],
    "source": [
        "https://www.dunya.com/dunya/putin-ateskese-her-zaman-olumlu-yaklasiyoruz-haberi-773079",
        "https://www.ahaber.com.tr/dunya/2025/04/21/putinden-flas-ateskes-aciklamasi-olumlu-yaklasiyoruz"
    ],
    "location": null,
    "popularityScore": 0,
    "createdAt": null,
    "image": null,
    "priority": null
}