{
    "id": null,
    "articleId": "71a86f8f-bc1f-4091-a8fb-5beeadbf54f3",
    "title": "Netanyahu: Gazze'de Saldırıların Devamı",
    "content": "",
    "summary": "Netanyahu, Gazze saldırılarının süreceğini, Hamas'ı çökerteceklerini, esirleri kurtaracaklarını ve yeni tehditleri önleyeceklerini belirtti.  İran eksenine darbe vurduklarını ve İsrail'de iç savaş olmayacağını söyledi.",
    "longerSummary": "İsrail Başbakanı Binyamin Netanyahu, Yafa'daki bir anma töreninde yaptığı konuşmada, Gazze Şeridi'ndeki askeri operasyonların devam edeceğini ve Hamas'ı çökertmeyi, İsrailli esirleri geri getirmeyi ve Gazze'den gelecek yeni tehditleri önlemeyi amaçladıklarını belirtti.  Netanyahu, Gazze kıyılarına bir halifelik kurulmasına izin vermeyeceklerini vurgulayarak, İsrail'in varlığını sürdürebilmesi için \"görevlerini tamamlamaları\" gerektiğini ifade etti.  Konuşmasında, Gazze, Lübnan ve Suriye'de İran eksenine büyük darbeler vurduklarını ve ABD ile birlikte Yemen'deki Husilere yönelik saldırılara katıldıklarını iddia etti.  Son olarak, İsrail'deki iç siyasi tartışmalara değinerek ülkede iç savaş olmayacağını savundu.",
    "category": "Siyaset",
    "tags": [],
    "source": [
        "https://www.sabah.com.tr/dunya/netanayahu-katliama-devam-mesajini-yineledi-akdeniz-kiyilarinda-halifelik-kurulmasina-izin-vermeyecegiz-7339111",
        "https://www.ntv.com.tr/dunya/israilden-halifelik-aciklamasi-izin-vermeyecegiz,Uld65noick-QcdTVPqAouw"
    ],
    "location": null,
    "popularityScore": 0,
    "createdAt": null,
    "image": null,
    "priority": null
}