{
    "id": null,
    "articleId": "9f5295a8-f991-4236-92ca-eb01626acb0e",
    "title": "Türkiye Otobüs İhracatı Arttı",
    "content": "",
    "summary": "Türkiye'nin otobüs, minibüs, midibüs ihracatı %2,3 arttı (673 milyon $).  Fransa ve Almanya başta olmak üzere birçok ülkeye ihracat yükseldi.",
    "longerSummary": "Türkiye'nin otobüs, minibüs ve midibüs ihracatı, 2025 yılının ilk çeyreğinde (Ocak-Mart), 2024'ün aynı dönemine göre %2,3 artış göstererek 673 milyon 183 bin dolara ulaştı.  Bu ihracat, 55 ülkeye yapıldı ve toplam otomotiv ihracatının %7,1'ini oluşturdu.\n\n**Ülkelere göre ihracat değerleri (milyon dolar):**\n\n* **Fransa:** 135 milyon dolar (%30 artış)\n* **Almanya:** 120 milyon 416 bin dolar (%84,25 artış)\n* **Birleşik Krallık:** 64 milyon 334 bin dolar (%56,5 artış)\n* **Polonya:** 51 milyon 694 bin dolar (%96 artış)\n* **Sırbistan:** 45 milyon 854 bin dolar (%303,4 artış)\n* **İtalya:** 39 milyon 77 bin dolar (%40 düşüş)\n* **İspanya:** 26 milyon 393 bin dolar (%54 düşüş)\n* **Romanya:** 21 milyon 171 bin dolar (%113,8 artış)\n* **Portekiz:** 16 milyon 928 bin dolar (%36 düşüş)\n* **ABD:** 16 milyon 637 bin dolar (%47 düşüş)\n* **Bulgaristan:** 14 milyon 637 bin dolar (önemli artış)\n\n\nTürkiye'nin toplam ihracatı ise Ocak-Mart 2025'te, 2024'ün aynı dönemine göre %2,5 artarak 65 milyar 305 milyon 586 bin dolara ulaşmıştır.  Elektrik ve elektronik sektörünün ihracatı ise %1,2 artışla 4 milyar 791 bin dolar olmuştur. Bu sektörün ihracatı en fazla ABD'ye yapılmış olup, toplam ihracatın %6,1'ini oluşturmuştur.  Elektrik ve elektronik sektöründe en fazla ihracatı alan ülkeler sırasıyla Birleşik Krallık, Almanya, Irak, ABD ve Fransa olmuştur.  En fazla ihracat İstanbul'dan (2,1 milyar dolar) gerçekleştirilmiştir.  Haber metninde ayrıca, Afra Saraçoğlu'nun imaj değişikliğiyle ilgili magazin haberine de yer verilmiştir.  Ancak bu, ekonomik verilerle ilgili olmadığı için özetin kapsamı dışında tutulmuştur.",
    "category": "İş Dünyası",
    "tags": [],
    "source": [
        "https://www.milliyet.com.tr/ekonomi/elektrik-ve-elektronik-sektorunun-ihracati-4-milyar-dolari-asti-7355982",
        "https://www.dunya.com/ekonomi/turkiyeden-3-ayda-673-milyon-dolarlik-otobus-minibus-ve-midibus-ihracati-haberi-772928"
    ],
    "location": null,
    "popularityScore": 0,
    "createdAt": null,
    "image": null,
    "priority": null
}