{
    "id": null,
    "articleId": "20139cdc-0ff5-4eb9-ae83-8ba8985e4285",
    "title": "Türkiye Ekonomi Yönetimi Değerlendirmesi",
    "content": "",
    "summary": "Ekonomi yönetimi, enflasyonun tahminler dahilinde kalmasını, cari açığın azalmasını öngörüyor. Bütçede harcama disiplini sürecek.  Dış şoklara karşı dirençli oldukları belirtiliyor.",
    "longerSummary": "Türkiye Ekonomi Yönetimi, Doğu Karadeniz Projesi (DOKAP) Eylem Planı Bilgilendirme ve İstişare toplantısı ve yılın ikinci Ekonomi Koordinasyon Kurulu (EKK) toplantılarının ardından yaptığı açıklamada, yurt içi ve küresel ekonomik gelişmelerin ekonomi programı üzerindeki etkilerini değerlendirdi.\n\n**Enflasyon:**  Küresel gelişmelerin enflasyona hem olumlu hem olumsuz etkileri olsa da, net etki olarak enflasyonun Merkez Bankası'nın tahmin aralığında kalmasının beklendiği belirtildi.  Emtia fiyatlarındaki düşüşün (özellikle petrol), finansal koşulların sıkılaşmasının ve talep kaynaklı enflasyonun azalmasının dezenflasyona katkı sağlayacağı ifade edildi.  Enflasyon beklentilerinde geçici bir bozulma olsa da, bu durumun risk faktörü olduğu vurgulandı.\n\n**Cari Açık:** Ticaret savaşlarının küresel büyümeyi ve AB'yi olumsuz etkileyebileceği, bunun Türkiye'nin ihracatını da etkileme riski taşıdığı belirtildi. Ancak, yurt içi finansal koşulların sıkılaşmasıyla ithalatın sınırlanması ve enerji fiyatlarındaki düşüşün güçlü etkisiyle, cari açığın Orta Vadeli Program'da (OVP) öngörülenin oldukça altında gerçekleşebileceği öngörüldü. Net etkinin olumlu olması bekleniyor.\n\n**Bütçe:**  Harcama disiplininin devam edeceği ve geçen yıla göre daha sıkı bir bütçe yönetimi uygulanacağı vurgulandı. Ekonomik aktiviteye bağlı bütçe gelirlerinde aşağı yönlü riskler olsa da, kamu borç stokunun milli gelire oranının %25 civarında olması ve sıkı mali politikaların dezenflasyona destek vermesi sebebiyle önemli bir endişe kaynağı olmadığı belirtildi.\n\n**Yatırımlar:** Kısa vadeli piyasa dalgalanmalarının uluslararası doğrudan yatırımları etkilemeyeceği, fiyat istikrarı, sürdürülebilir cari açık ve yapısal dönüşümlerle doğrudan yatırımların artacağı düşünülüyor. Portföy yatırımlarındaki geçici azalmanın, küresel dalgalanmaların yatışmasıyla birlikte güçlü ekonomi programına sahip Türkiye'ye yeniden yatırım yapılmasıyla telafi edilebileceği ifade edildi.  Türkiye'nin dış şoklara karşı nispeten daha az etkilenen ülkeler arasında olduğu ve ihracatının diğer ülkelere göre daha dirençli olduğu vurgulandı. Dış kaynak girişlerinin yeniden başladığı ve CDS'lerin düştüğü belirtildi.\n\n**Borç Yönetimi:**  Hazinenin etkin bir borç yönetim kapasitesine sahip olduğu, iç ve dış borç ödemeleri için güçlü bir nakit rezervine sahip olduğu belirtildi.  Kısa vadeli dalgalanmalarda esneklik sağlamak için temkinli bir yaklaşım sergilendiği, stratejik ölçütlerin kur ve faiz risklerini düşürmek ve likidite riskine karşı güçlü nakit rezervi tutmak olduğu ifade edildi. İç borç çevirme oranının hedeflenen %119,3'ün üzerinde seyrettiği, uluslararası piyasalardan bu yıl 11 milyar dolar dış borçlanma öngörüldüğü ve yılın ilk çeyreğinde bunun 2,5 milyar dolarının gerçekleştirildiği aktarıldı.\n\n**ABD Temasları:**  Ekonomi yönetiminin, IMF, Dünya Bankası ve G-20 toplantıları için ABD'de temaslarda bulunacağı, reyting kuruluşları, ABD merkezli doğrudan yatırımcılar ve reel sektör temsilcileriyle görüşüleceği, programın kararlılığının ve güçlü siyasi iradenin vurgulanacağı belirtildi.\n\n**OVP Güncellemesi:** Eylül ayında OVP'nin güncelleneceği, bu sürecin Kamu Mali Yönetimi ve Kontrol Kanunu gereği olağan bir uygulama olduğu ve yurt içi ve dış gelişmeler ışığında güncelleneceği ifade edildi. Programın temel çerçevesi, enflasyonu düşürme, dengeli büyümeyi sürdürme, istihdamı artırma, depremin yaralarını sarma ve sosyal refahı artırma odaklı olarak korunacaktır. Gıda arzını artırmak için tarla içi sulamalara öncelik verileceği, enerji bağımsızlığı için yenilenebilir enerjinin payının artırılması hedeflendiği belirtildi.  Ayrıca katma değerli üretimi ve ihracatı artırmak için aktif sanayi politikaları uygulanmaya devam edilecektir.\n\n\n**ABD Gümrük Tarifeleri:** ABD'nin uyguladığı gümrük tarifelerinin küresel belirsizlik yarattığı, ancak Türkiye'nin mevcut şartlarda görece avantajlı bir konumda olduğu ve iç pazarın büyük olmasıyla gelen olumsuz etkilerin sınırlanabileceği belirtildi.  En büyük risk, Çin ve AB gibi ülkelerin diğer pazarlarda daha rekabetçi olması olarak belirlendi.  Türkiye, gelişmeleri takip edecek ve gerekli önlemleri alacaktır.",
    "category": "Ekonomi",
    "tags": [],
    "source": [
        "https://www.ahaber.com.tr/gundem/2025/04/21/hazine-ve-maliye-bakani-simsekten-enflasyon-ve-yatirim-mesaji",
        "https://www.takvim.com.tr/ekonomi/2025/04/21/hazine-ve-maliye-bakani-mehmet-simsekten-enflasyon-mesaji-cevdet-yilmaz-tarih-verdi-ovpde-guncelleme-sinyali"
    ],
    "location": null,
    "popularityScore": 0,
    "createdAt": null,
    "image": null,
    "priority": null
}