{
    "id": null,
    "articleId": "6c737f94-5cbb-4e85-8ab1-4232dc84e8c7",
    "title": "Bolat'ın Japonya'da Ticari Temasları",
    "content": "",
    "summary": "Bolat, 23-24 Nisan'da Japonya'da ekonomik iş birliği görüşmeleri ve EXPO 2025 Türkiye Pavyonu açılışına katılacak.",
    "longerSummary": "Ticaret Bakanı Ömer Bolat, 23-24 Nisan 2025 tarihlerinde Japonya'ya resmi ve özel sektör temsilcilerinden oluşan bir heyetle birlikte ziyaret gerçekleştirecek.  Bu ziyaret, Türkiye-Japonya arasındaki diplomatik ilişkilerin 101. yıl dönümüne denk geliyor ve ekonomik ve ticari ilişkilerin güçlendirilmesini hedefliyor.\n\n**Ziyaretin ana eksenleri şunlardır:**\n\n* **EXPO 2025 Osaka:** Bolat, Türkiye Pavilyonu'nun resmi açılış törenine katılacak ve Türkiye'nin kültürel ve teknolojik vizyonunu sergileyecek. EXPO yönetimi ile görüşmeler yapacak ve diğer pavilyonları ziyaret edecek. Türkiye pavilyonu, \"Medeniyetlerin Altın Çağı\" temasıyla 900 metrekarelik bir alanda Anadolu kültürünü ve ülkenin gelecek vizyonunu sunuyor.\n\n* **Ekonomik İş Birliği:** Tokyo'da Japonya Ticaret, Ulaştırma ve Altyapı, ve Tarım bakanlarıyla ayrı ayrı ikili görüşmeler yapılacak.  Türkiye-Japonya CEO Yuvarlak Masa Toplantısı'na katılım ve JETRO (Japonya Ticareti Geliştirme Kurumu) Başkanı ile görüşme planlanıyor.  2014'te başlatılan Ekonomik Ortaklık Anlaşması (EPA) müzakerelerine ivme kazandırılması öncelikli hedef.  Geçen yıl 5,4 milyar dolar olan ticaret hacmi (718 milyon dolar ihracat, 4,7 milyar dolar ithalat) yapısal dengesizlik gösteriyor; EPA bu dengesizliği gidermeyi amaçlıyor.\n\n* **Yatırım Teşviki:**  Türkiye'de 3,1 milyar doları aşan yatırım yapan 275'ten fazla Japon firması bulunuyor. Bolat, Japon iş çevrelerine imalat sanayisi, yeşil enerji, elektrikli araçlar, dijital ekonomi, akıllı şehirler, finansal teknolojiler, sağlık ve tarım teknolojileri gibi öncelikli sektörlerde stratejik yatırım çağrısında bulunacak.\n\n* **Üçüncü Ülkelerde İş Birliği:** Japonya ile üçüncü ülkelerde (özellikle Ukrayna'nın yeniden inşası, Afrika ve Orta Doğu) ortak müteahhitlik projelerinin genişletilmesi hedefleniyor.\n\nZiyaretin, Türkiye-Japonya ilişkilerinin ikinci yüzyılında karşılıklı güven, anlayış ve ortak çıkarlar temelinde iş birliğini güçlendirmesi bekleniyor.",
    "category": "İş Dünyası",
    "tags": [],
    "source": [
        "https://www.sabah.com.tr/ekonomi/ticaret-bakani-bolat-japonyaya-resmi-ziyaret-gerceklestirecek-7338975",
        "https://www.ensonhaber.com/gundem/ticaret-bakani-bolat-japonyaya-ziyarette-bulunacak"
    ],
    "location": null,
    "popularityScore": 0,
    "createdAt": null,
    "image": null,
    "priority": null
}