{
    "id": null,
    "articleId": "d3b1eb35-15a4-4124-b441-8a952ca7e83b",
    "title": "İmamoğlu'nun Diploması İptal Edildi",
    "content": "",
    "summary": "İmamoğlu'nun ve 27 kişinin diploması iptal edildi; \"resmi belgede sahtecilik\" soruşturması sürüyor.",
    "longerSummary": "İstanbul Cumhuriyet Başsavcılığı, İstanbul Büyükşehir Belediye (İBB) Başkanı Ekrem İmamoğlu'nun İstanbul Üniversitesi'nden aldığı lisans diplomasının sahteliğine dair iddialar üzerine soruşturma başlattı.  Soruşturma, İmamoğlu'nun üniversiteye geçişinin usulsüz olduğuna dair ihbarlar ve Yükseköğretim Kurulu raporuna dayanıyor.  Soruşturma kapsamında, İmamoğlu dahil 28 kişi \"resmi belgede sahtecilik\" suçlamasıyla şüpheli olarak ifadeye çağrıldı.  İmamoğlu daha önce 5 Mart'ta savcılığa ifade vermişti.\n\nİstanbul Üniversitesi, 18 Mart'ta yaptığı açıklamada, İmamoğlu'nun da aralarında bulunduğu 28 kişinin diplomasını \"yokluk\" ve \"açık hata\" gerekçeleriyle iptal ettiğini duyurdu.  Bu iptal kararı, başsavcılığın üniversiteye gönderdiği ve İmamoğlu'nun diplomasının dayanak gösterildiği işlemlerin hukuka uygunluğunu sağlamak amacıyla yapılan bir yazıyı takiben gerçekleşti.\n\nSoruşturma kapsamında, Milliyet gazetesi Genel Yayın Yönetmeni Özay Şendir'in diploması hakkında da araştırma kararı verildi. Şendir, İstanbul Üniversitesi'nin yatay geçişlerle ilgili 57 kişilik bir liste hazırladığını, 28 kişinin diplomasının iptal edildiğini, 10 kişinin kaydını sildirdiğini ve 6 kişi hakkında ek araştırma kararı verildiğini belirtti. Kendi durumunu da açıklayan Şendir, Doğu Akdeniz Üniversitesi'ndeki öğrenci eylemleri nedeniyle İstanbul Üniversitesi'ndeki İngilizce İşletme bölümünden Türkçe İşletme bölümüne geçtiğini ve bu geçişin tarihsel olarak soruşturma konusu olduğunu ifade etti.\n\nİmamoğlu, 19 Mart'ta gözaltına alındı ve 23 Mart'ta \"ihaleye fesat, kişisel verileri kaydetme, rüşvet ve örgüt kurma\" iddialarıyla tutuklandı. Daha sonra İçişleri Bakanlığı kararıyla İBB Başkanlığı görevinden uzaklaştırıldı.",
    "category": "Siyaset",
    "tags": [],
    "source": [
        "https://bianet.org/haber/diplomasi-iptal-edilen-28-kisi-ifadeye-cagrildi-306661",
        "https://www.birgun.net/haber/diploma-hukuksuzlugu-milliyet-gyy-sini-vurdu-benim-diplomam-da-arastiriliyor-617398"
    ],
    "location": null,
    "popularityScore": 0,
    "createdAt": null,
    "image": null,
    "priority": null
}