{
    "id": null,
    "articleId": "1d21a6df-2691-4c89-b8ed-5026e9eab38e",
    "title": "Torreira, Galatasaray ile sözleşme yeniledi",
    "content": "",
    "summary": "Torreira'nın Galatasaray sözleşmesi 2028'e uzatıldı.",
    "longerSummary": "Galatasaray, 29 yaşındaki orta saha oyuncusu Lucas Torreira ile olan sözleşmesini 2028 yılına kadar uzattı.  Bu uzatma Türkiye Futbol Federasyonu'na bildirilmiştir.  2022-2023 sezonundan bu yana Galatasaray'da forma giyen Torreira, 123 maçta 4 gol ve 8 asistlik bir performans sergiledi.  Yaz transfer döneminde Lazio ve Arjantin takımlarından teklifler almasına rağmen, İstanbul'da yaşamaktan memnun olduğu için bu teklifleri reddetti ve Galatasaray'da kalmayı tercih etti.  Torreira, 2022 yazında Arsenal'den 6 milyon Euro bonservis bedeliyle Galatasaray'a transfer olmuştu. Transfermarkt verilerine göre güncel piyasa değeri 13 milyon Euro'dur.",
    "category": "Spor",
    "tags": [],
    "source": [
        "https://www.cnnturk.com/spor/futbol/galatasaray-lucas-torreiranin-performansina-kayitsiz-kalmadi-2273505",
        "https://www.takvim.com.tr/spor/2025/04/21/tffye-bildirdiler-galatasaraydan-lucas-torreira-karari"
    ],
    "location": null,
    "popularityScore": 0,
    "createdAt": null,
    "image": null,
    "priority": null
}