{
    "id": null,
    "articleId": "4af1a39b-7a1d-4e2c-9f36-cad2fb666aae",
    "title": "Papa Francis vefat etti, cenaze töreni cumartesi.",
    "content": "",
    "summary": "Papa Franciscus (88), kalp yetmezliği ve inmeden öldü. Cenaze töreni 26 Nisan'da, yeni papa seçimi ise 6-10 Mayıs'ta öngörülüyor.  Vatikan dışına gömülme talebi var.",
    "longerSummary": "Error during generation",
    "category": "Error during generation",
    "tags": [],
    "source": [
        "https://www.milliyet.com.tr/dunya/vatikan-papanin-vasiyetini-acikladi-7355915",
        "https://www.birgun.net/haber/vatikan-papanin-olum-nedenini-acikladi-kardinaller-secim-icin-toplaniyor-617410",
        "https://www.ntv.com.tr/dunya/ilklerin-papasi-kapiciliktan-vatikana-francisin-tabulari-yikan-hayati,msXtNEqGE0CSxNOgU2DmyQ",
        "https://www.cnnturk.com/dunya/vatikanda-bir-devrin-sonu-papa-francis-kimdir-2273488",
        "https://www.hurriyet.com.tr/dunya/papa-francisin-son-gunleri-nasil-gecti-olmeden-once-dunyaya-ne-mesaj-verdi-42772969",
        "https://www.milliyet.com.tr/dunya/papa-acik-tabutta-elinde-tesbih-parmaginda-yuzuk-cenaze-programi-netlesti-7355964",
        "https://www.cnnturk.com/dunya/papanin-odalari-muhurlendi-2273457",
        "https://www.takvim.com.tr/dunya/papa-franciscusun-vasiyeti-ve-olum-nedeni-aciklandi-cenaze-toreni-ne-zaman-olacak-vatikan-tek-tek-acikladi-6122269",
        "https://www.turkiyegazetesi.com.tr/dunya/papa-oldu-odalari-muhurlendi-makamin-bos-oldugu-ilan-edildi-1110460",
        "https://www.dunya.com/dunya/son-dakika-papa-francis-hayatini-kaybetti-haberi-773035",
        "https://www.ensonhaber.com/dunya/vatikan-papa-franciscusun-olum-nedenini-ve-vasiyetini-acikladi",
        "https://www.takvim.com.tr/dunya/franciscus-oldu-vatikan-toz-duman-kardinaller-akla-karayi-sececek-yeni-papa-bacadan-cikacak-6121852",
        "https://www.milliyet.com.tr/dunya/yeni-papa-kim-olacak-sonuc-dunyaya-dumanla-duyurulacak-7355815",
        "https://www.ntv.com.tr/dunya/papa-francisinvasiyetive-cenaze-ayrintilari-belli-oldu,GZ5YBe6Pf0CtG1bi3t35_Q",
        "https://www.turkiyegazetesi.com.tr/dunya/papa-francisin-cenaze-toreni-cumartesi-gunu-yapilacak-1110486",
        "https://www.ensonhaber.com/dunya/vatikan-olen-papanin-tabuttaki-fotograflarini-yayinladi",
        "https://www.milliyet.com.tr/dunya/son-dakika-papa-francisin-olumunun-ardindan-gundeme-gelen-900-yillik-kehanette-kiyamet-gunu-detayi-7355599",
        "https://www.ahaber.com.tr/dunya/2025/04/21/papa-francis-hayatini-kaybetti",
        "https://www.dunya.com/gundem/vatikan-papa-franciscusun-olum-nedenini-ve-vasiyetini-acikladi-haberi-773122",
        "https://www.ntv.com.tr/dunya/papanin-tabuttakifotograflari-yayinlandi,hi5vKHd5mUW70z8tPSJn7A",
        "https://www.turkiyegazetesi.com.tr/dunya/papa-francisin-acik-tabut-goruntuleri-yayinlandi-1110475",
        "https://www.dunya.com/gundem/katoliklerin-ruhani-lideri-papa-francis-kimdir-nereli-hayati-ve-egitimi-haberi-773037",
        "https://www.posta.com.tr/dunya/vatikan-papanin-vasiyetini-acikladi-2853140",
        "https://www.sabah.com.tr/spor/futbol/2025/04/21/italya-serie-ada-tum-maclar-ertelendi"
    ],
    "location": null,
    "popularityScore": 0,
    "createdAt": null,
    "image": null,
    "priority": null
}