{
    "id": null,
    "articleId": "55a64f13-89d6-4266-b4e0-cf94434d8d3a",
    "title": "Şimşek'in ABD'deki Yatırımcı Görüşmeleri",
    "content": "",
    "summary": "Şimşek, ABD'deki G20, IMF, Dünya Bankası toplantıları sonrası New York'ta yatırımcılarla ve kredi derecelendirme kuruluşlarıyla görüştü. Washington'a devam edecek.",
    "longerSummary": "Hazine ve Maliye Bakanı Mehmet Şimşek, G20, IMF ve Dünya Bankası Bahar Toplantıları kapsamında ABD'deydi.  New York'taki temaslarını tamamlayan Bakan Şimşek, Türkiye-ABD İş Konseyi ve Citi Group tarafından düzenlenen bir yatırımcı toplantısına katıldı.  Toplantıya, toplam varlık büyüklüğü 4 trilyon doları aşan 25'ten fazla farklı kuruluştan üst düzey temsilciler (çoğunluğu portföy yatırımcıları) katıldı.  Şimşek, ayrıca dünyanın üç büyük kredi derecelendirme kuruluşunun üst düzey yöneticileriyle ayrı ayrı görüşmeler gerçekleştirdi ve Citi Group Yönetim Kurulu Başkanı John Dugan ile görüştü.  Merkez Bankası Başkanı Fatih Karahan, Şimşek'e New York temaslarında eşlik etti.  Şimşek, ABD temaslarına Washington'da devam edecek.  Toplantılarda Türkiye ekonomisinin durumu, orta vadeli program hedefleri ve yapısal reform süreci ele alındı.",
    "category": "Ekonomi",
    "tags": [],
    "source": [
        "https://www.sabah.com.tr/ekonomi/bakan-simsek-new-yorkta-25ten-fazla-kurulusla-bir-araya-geldi-7338970",
        "https://www.ahaber.com.tr/gundem/2025/04/22/bakan-simsek-abdde-yatirimcilarla-bulustu",
        "https://www.dunya.com/ekonomi/new-yorkta-4-trilyon-dolarlik-temaslar-bakan-simsek-ve-tcmb-baskani-karahan-yatirimcilarla-bulustu-haberi-773136",
        "https://www.cnnturk.com/ekonomi/bakan-simsek-new-yorkta-yatirimcilarla-bulustu-2273502",
        "https://t24.com.tr/haber/hazine-ve-maliye-bakani-simsek-new-york-ta-yatirimcilarla-bulustu,1234301",
        "https://www.turkiyegazetesi.com.tr/ekonomi/bakan-simsek-abdde-yatirimcilarla-bulustu-buyuk-ilgi-gosterildi-1110436"
    ],
    "location": null,
    "popularityScore": 0,
    "createdAt": null,
    "image": null,
    "priority": null
}