{
    "id": null,
    "articleId": "9e990e4e-3a57-4b5a-8ba9-fc26086e8665",
    "title": "Almanya, İmamoğlu tutuklaması nedeniyle Eurofighter satışını durdurdu.",
    "content": "",
    "summary": "Almanya'nın, İmamoğlu'nun tutuklanması nedeniyle Türkiye'ye Eurofighter satışı veto ettiği iddia ediliyor. CHP, konunun siyaset üstü olduğunu belirterek satış için girişimlerini sürdürüyor. İmamoğlu da Almanya'dan kararı geri almasını istedi.",
    "longerSummary": "Alman hükümetinin Türkiye'ye Eurofighter savaş uçağı satışını veto ettiği iddiaları, Alman basınında yer almaktadır.  Handelsblatt gazetesi, veto kararının gerekçesinin İstanbul Büyükşehir Belediye Başkanı Ekrem İmamoğlu'nun tutuklanması olduğunu öne sürmüştür.  \n\nCHP'li Yankı Bağcıoğlu, konunun siyaset üstü olması gerektiğini ve milli savunma sanayisinin önemini vurgulamıştır. Bağcıoğlu, Türkiye'nin hava kuvvetleri envanterine son 20 yılda sadece 30 F-16 uçağının katılabildiğini, F-35 tedariğinin aksamasını ve Kaan MMU uçak projesinin gecikmesini yönetimsel zafiyetlere bağlamıştır.  CHP'nin, Eurofighter tedarikinin hızlandırılması için girişimlerde bulunduğunu ve milli çıkarlar doğrultusunda savunma sanayisine destek vermeye devam edeceğini belirtmiştir.\n\nEkrem İmamoğlu ise Alman hükümetine bir mesaj yayınlayarak, Türkiye'nin Erdoğan'dan büyük olduğunu, hükümetlerin gelip geçtiğini ve ulusal çıkarların her şeyden önemli olduğunu vurgulamıştır.  Yeni hükümetin, Türkiye'nin AB üyeliğine yönelik olumlu bir yaklaşım sergileyeceğini ve karşılıklı çıkarlara dayalı bir işbirliği içinde olacağını ifade etmiştir.",
    "category": "Siyaset",
    "tags": [],
    "source": [
        "https://t24.com.tr/haber/almanya-imamoglu-gerekcesiyle-eurofighter-satisini-veto-etti-chp-devreye-girdi-siyaset-ustu-bir-konu,1234345",
        "https://t24.com.tr/haber/imamoglu-almanya-hukumetine-seslendi-turkiye-erdogan-dan-buyuktur-bu-karari-geri-almanizi-istirham-ediyorum-,1234247"
    ],
    "location": null,
    "popularityScore": 0,
    "createdAt": null,
    "image": null,
    "priority": null
}