{
    "id": null,
    "articleId": "d0b8e693-dc6f-47c2-896b-427d03dbcc61",
    "title": "Error during generation",
    "content": "",
    "summary": "Error during generation",
    "longerSummary": "Şişli Belediye Başkanı Resul Emrah Şahan'ın avukatı Hüseyin Ersöz, Şahan'ın tutuklanması ve Şişli Belediyesi'ne kayyım atanmasına ilişkin kararların iptali için İstanbul İdare Mahkemesi'ne dava açtıklarını duyurdu.  Dava dilekçesinde, söz konusu idari işlemlerin dayanağı olan Belediye Kanunu'nun 45 ve 46. maddelerinin Anayasa Mahkemesi'nde somut norm denetimine tabi tutulması da talep ediliyor.  Ersöz, İçişleri Bakanlığı'nın 23 Mart'ta yaptığı \"görevden alma\" açıklamasına atıfta bulunarak, Şahan'ın tutuklanmasının ardından yapılan \"görevden uzaklaştırma\" ve \"kayyım atama\" işlemlerinin hukuka aykırı olduğunu belirtti.  Benzer bir sürecin Esenyurt Belediye Başkanı Ahmet Özer için de devam ettiği ve ilgili iptal davasının halen devam ettiği ifade edildi.",
    "category": "Siyaset",
    "tags": [],
    "source": [
        "https://www.birgun.net/haber/huseyin-ersoz-sisli-belediyesi-ne-yapilan-kayyum-atamasinin-iptali-icin-mahkemeye-basvurduklarini-acikladi-617409",
        "https://t24.com.tr/haber/avukat-ersoz-acikladi-sisli-belediyesi-ne-kayyim-atamasinin-iptali-icin-basvuru-yapildi,1234362"
    ],
    "location": null,
    "popularityScore": 0,
    "createdAt": null,
    "image": null,
    "priority": null
}