{
    "id": null,
    "articleId": "e517eb06-51c6-4d3b-8890-8675a50d0309",
    "title": "Error during generation",
    "content": "",
    "summary": "Error during generation",
    "longerSummary": "Error during generation",
    "category": "Error during generation",
    "tags": [],
    "source": [
        "https://t24.com.tr/haber/tuik-acikladi-ekonomiye-guven-nisanda-dustu,1234316",
        "https://www.cnnturk.com/ekonomi/tuik-nisan-ayi-tuketici-guven-endeksini-acikladi-2273561",
        "https://www.ahaber.com.tr/ekonomi/2025/04/22/tuik-o-veriyi-paylasti-nisanda-geriledi",
        "https://www.dunya.com/ekonomi/son-dakika-tuik-acikladi-tuketici-guven-endeksi-nisanda-geriledi-haberi-773156"
    ],
    "location": null,
    "popularityScore": 0,
    "createdAt": null,
    "image": null,
    "priority": null
}