{
    "id": null,
    "articleId": "28065cba-1a6a-4393-a800-32fe4cab15e5",
    "title": "Kastamonu'da Hamile Kadın Cinayeti",
    "content": "",
    "summary": "Kastamonu'da 23 yaşındaki hamile kadın bıçaklanarak öldürüldü. Ceset 10 günden fazla süredir evde kaldı. Kocası tutuklandı.",
    "longerSummary": "Kastamonu'nun İnönü Mahallesi Arnavut Caddesi'ndeki bir apartmandan gelen kötü kokular üzerine ihbarda bulunan komşuların bildirimi sonucu, itfaiye ekipleri tarafından eve girildiğinde 23 yaşındaki hamile Elif Civil'in cesedi bulundu (21 Nisan 2025).  Elif Civil'in vücudunda bıçak darbeleri olduğu ve cesedin 10 günden fazla süredir evde kaldığı belirlendi.  Ceset, Kastamonu Eğitim ve Araştırma Hastanesi morguna kaldırıldı.\n\nElif Civil'in 29 yaşındaki kocası B. Civil, 1,5 yaşındaki çocukları İ. Civil ile birlikte Nasrullah Meydanı'nda yakalandı.  B. Civil, cinayet şüphelisi olarak tutuklanırken, çocuğu koruma altına alındı.  Güvenlik kamera kayıtları, B. Civil'in ceset bulunmadan önce çocuğuyla birlikte evden sakin bir şekilde uzaklaştığını gösteriyor.  Ayrıca, B. Civil'in olaydan sonra da her gün eve girip çıktığı gözlemlendi.  B. Civil, suçlamaları reddetti.  Komşular da B. Civil'in son 10 gündür eve girip çıktığını doğruladı.",
    "category": "Suç",
    "tags": [],
    "source": [
        "https://www.ntv.com.tr/turkiye/hamile-kadin-cinayetinde-kan-donduran-ayrintilar-her-gun-eve-girip-cikmis,ZAIABdw8jkiwTfeNr6PUww",
        "https://www.posta.com.tr/gundem/korkunc-1-5-yasindaki-bebek-hamile-annesinin-cesediyle-10-gun-gecirdi-2853125",
        "https://www.posta.com.tr/gundem/kan-donduran-cinayette-yeni-detaylar-ortaya-cikti-katil-kocadan-filmleri-aratmayan-hareketler-2853128",
        "https://www.milliyet.com.tr/gundem/hamile-annesinin-cesediyle-ayni-evde-10-gun-1-5-yasindaki-bebek-koruma-altina-alindi-7355880",
        "https://www.hurriyet.com.tr/gundem/hamile-kadin-evinde-olu-bulunmustu-katil-zanlisi-her-gun-olay-yerine-donmus-eve-geldigi-anlar-kamerada-42772995"
    ],
    "location": null,
    "popularityScore": 0,
    "createdAt": null,
    "image": null,
    "priority": null
}