{
    "id": null,
    "articleId": "e6c0a0d3-b24d-4601-8b77-e94575ad06a4",
    "title": "Error during generation",
    "content": "",
    "summary": "Error during generation",
    "longerSummary": "Error during generation",
    "category": "Error during generation",
    "tags": [],
    "source": [
        "https://www.birgun.net/haber/altin-rekor-ustune-rekor-kiriyor-617361",
        "https://t24.com.tr/haber/altin-seriye-bagladi-rekor-ustune-rekor-kiriyor,1234308",
        "https://www.takvim.com.tr/ekonomi/2025/04/22/dolar-endeksi-de-3-yilin-en-dusuk-seviyesini-gordu-gozler-onsta"
    ],
    "location": null,
    "popularityScore": 0,
    "createdAt": null,
    "image": null,
    "priority": null
}