{
    "id": null,
    "articleId": "bce0262f-9508-46f0-8dab-af9db698da5f",
    "title": "Trabzon'da Heyelan: Evler Yıkıldı, Can Kaybı Yok",
    "content": "",
    "summary": "Trabzon'da heyelan: 1 ev yıkıldı, 1 ev hasar gördü, 5 kişi uyarı ile kurtuldu. Yol kapalı.",
    "longerSummary": "Trabzon'un Düzköy ilçesine bağlı Yusuflu Mahallesi'nde, önceki gün etkili olan yoğun sağanak ve sis nedeniyle heyelan meydana geldi. Kar sularının erimesiyle doygunluğa ulaşan yamaç araziden kayan toprak ve kaya parçaları, yayla yolunu ve mahalleleri birbirine bağlayan güzergahı kapattı.  Yaklaşık 100 dönümlük bir alanı etkileyen heyelanda bir ev tamamen yıkılırken, bir ev de hasar gördü.  Yoğun sis nedeniyle görüş mesafesi oldukça düşüktü ve ikinci bir heyelan daha meydana geldi.  Jandarma ekiplerinin siren ve anonslarıyla uyarılan 5 kişi, toprak altında kalmaktan son anda kurtuldu. Bu anlar cep telefonu kamerasına kaydedildi.\n\nAFAD ekiplerinin incelemeleri sonucunda heyelan riskinin devam ettiği belirlendi ve yol güvenlik şeridiyle kapatıldı.  Muhtar Ömer Birinci, AFAD'ın 3 ay boyunca bölgeye girilmemesine karar verdiğini ve heyelanın dereye doğru devam ettiğini, tıkanan menfezlerin açılması için iş makinelerinin çalıştığını belirtti.  Geçici bir ulaşım çözümü için alternatif bir yolun mevcut yola bağlanması planlanıyor.  Yerel halk, asırlardır böyle bir olay yaşamadıklarını ve şans eseri can kaybının olmamasını büyük bir şans olarak nitelendiriyor.  Heyelan nedeniyle yayla yolu ulaşıma kapalı.",
    "category": "Dünya Haberleri",
    "tags": [],
    "source": [
        "https://www.cnnturk.com/turkiye/hayat-kurtaran-siren-asirlardir-boyle-bir-olay-yasamadik-2273606",
        "https://www.turkiyegazetesi.com.tr/yasam/trabzonda-heyelan-faciasi-evler-topraga-karisti-yollar-ulasima-kapandi-1110504",
        "https://www.hurriyet.com.tr/gundem/trabzonda-heyelandan-ekip-otosuyla-yapilan-sirenli-uyariyla-kurtuldular-42773009"
    ],
    "location": null,
    "popularityScore": 0,
    "createdAt": null,
    "image": null,
    "priority": null
}