{
    "id": null,
    "articleId": "c0d074f4-f97f-4b15-9ae3-f330b29f829e",
    "title": "26 Yıllık Yürüyüş, İstanbul'da\n\nveya\n\nİngiliz, 47.000 km yürüdü",
    "content": "",
    "summary": "1998'den beri Şili'den İngiltere'ye yürüyen Karl Bushby, İstanbul'a ulaştı. 47.000 km'lik yolculuğunu tamamlamak için Boğaz geçişi izni bekliyor.",
    "longerSummary": "Karl Bushby adlı 55 yaşındaki İngiliz vatandaşı, 1998 yılında Şili'den yürüyerek İngiltere'ye dönme yolculuğuna başladı.  26 yıllık bu yolculukta yaklaşık 47.000 kilometre kat eden Bushby, hiçbir ulaşım aracı kullanmadan sadece yürüyerek ve yüzerek ilerledi.  Yolculuğu boyunca ormanlar, çöller, okyanuslar ve savaş bölgeleri gibi zorlu coğrafyalardan geçti.  Pandemi, vize sorunları ve finansal krizler gibi bürokratik engellerle de karşılaştı.\n\nEn büyük zorluklarından biri, Orta ve Güney Amerika arasında bulunan 200 mil uzunluğundaki Darien Boşluğu'nun geçişi oldu.  Ayrıca, 2006 yılında Dimitri Kiefer ile birlikte Alaska'dan Rusya'ya Bering Boğazı'nı yürüyerek geçerek tarihe geçti; bu, bu bölgeden yürüyerek gerçekleştirilen ilk onaylanmış geçişti. İran ve Rusya'dan geçememesi nedeniyle Hazar Denizi'ni 300 kilometre yüzerek geçmek zorunda kaldı.\n\nŞu anda İstanbul'a birkaç gün mesafede bulunan Bushby, yolculuğunun son aşamasında.  İstanbul Boğazı'nı geçmek için izin bekliyor.  Boğazı geçtikten sonra, Manş Tüneli'ni geçerek İngiltere'ye ulaşmayı ve yaklaşık bir yıl sonra yolculuğunu tamamlamayı hedefliyor. Bushby, Türkiye'de büyük bir misafirperverlikle karşılandığını ve yolculuğu boyunca insanlardan büyük yardım gördüğünü belirtti.  Ailesini de ziyaret etse de uzun süredir onlardan ayrı kalmanın zor olduğunu ifade etti.  Yolculuğun başlangıcından bu yana İngiltere'nin çok değiştiğini ve dönüşte ülkeyi tanımakta zorlanabileceğini söylüyor.",
    "category": "Seyahat",
    "tags": [],
    "source": [
        "https://www.milliyet.com.tr/gundem/26-yildir-yuruyen-adam-istanbula-geliyor-bogazi-gectikten-sonra-evime-1-yil-kalmis-olacak-7355968",
        "https://www.turkiyegazetesi.com.tr/yasam/26-yildir-yollarda-dunyayi-yuruyen-ingiliz-gezgin-bogazi-yuzerek-gecmek-istiyor-1110498"
    ],
    "location": null,
    "popularityScore": 0,
    "createdAt": null,
    "image": null,
    "priority": null
}