{
    "id": null,
    "articleId": "84b40e01-3dc7-415a-bf0e-cc3f4eed2cc3",
    "title": "Hava Harp Okulu: Taşınma kararı yok",
    "content": "",
    "summary": "Hava Harp Okulu'nun taşınması için karar yok. Deprem riski nedeniyle alternatif konum fizibilite çalışması yapılıyor.  Güçlendirme çalışmaları devam ediyor.",
    "longerSummary": "İletişim Başkanlığı Dezenformasyonla Mücadele Merkezi (DMM), İstanbul Yeşilköy'deki Hava Harp Okulu'nun İzmir'e taşınacağına dair haberleri yalanladı.  DMM'nin açıklamasına göre, Hava Harp Okulu'nun taşınması için alınmış bir karar yoktur.  \n\nYayılan haberlerde yer alan;  Okulun İzmir'e taşınması, arazinin ranta açılması ve elde edilecek gelirin F-16 alımında kullanılacağı iddiaları doğru değildir.\n\nHava Kuvvetleri Komutanlığı, olası bir İstanbul depremi riskini azaltmak ve afet sonrası eğitim faaliyetlerinin devamlılığını sağlamak amacıyla, Hava Harp Okulu için alternatif bir konumun fizibilite çalışmasını talep etmiştir.  DMM, bu teknik değerlendirme yazısının bağlamından koparılarak kamuoyuna servis edildiğini belirtmiştir.\n\nHava Harp Okulu yerleşkesinde deprem riski göz önünde bulundurularak güçlendirme ve kapasite artırım çalışmaları yürütülmektedir.  Bu çalışmaların birinci etabı tamamlanmış, ikinci etabı ise devam etmektedir.",
    "category": "Siyaset",
    "tags": [],
    "source": [
        "https://www.dunya.com/gundem/dmm-hava-harp-okulunun-tasinmasina-yonelik-alinmis-bir-karar-bulunmamaktadir-haberi-773176",
        "https://www.turkiyegazetesi.com.tr/gundem/hava-harp-okulu-tasinacak-iddiasina-yalanlama-gercek-baska-cikti-1110483",
        "https://www.ntv.com.tr/turkiye/dmmden-hava-harp-okulu-izmire-tasinacak-iddiasina-yalanlama,3Y2_-akw6E2GTheEf7v_PQ"
    ],
    "location": null,
    "popularityScore": 0,
    "createdAt": null,
    "image": null,
    "priority": null
}