{
    "id": null,
    "articleId": "485e1c0d-502d-4659-b04c-315ad23cb794",
    "title": "Cumhur İttifakı'nda gerilim, Erdoğan-Bahçeli görüşmesi.",
    "content": "",
    "summary": "AKP'li Tayyar, Cumhur İttifakı'nda sorun olduğunu, Erdoğan-Bahçeli görüşmesi planlandığını ve erken seçimin riskli olduğunu belirtti.",
    "longerSummary": "Error during generation",
    "category": "Error during generation",
    "tags": [],
    "source": [
        "https://t24.com.tr/haber/akp-li-samil-tayyar-cumhur-ittifakinda-bir-seylerin-yolunda-gitmedigini-ogrendim-erdogan-ile-bahceli-bir-araya-gelecek,1234281",
        "https://www.birgun.net/haber/samil-tayyar-cumhur-ittifaki-nda-bir-seylerin-yolunda-gitmedigini-ogrendim-617394"
    ],
    "location": null,
    "popularityScore": 0,
    "createdAt": null,
    "image": null,
    "priority": null
}