{
    "id": null,
    "articleId": "752460ef-ceb7-4f4a-b0d1-4c2d17d39c54",
    "title": "Error during generation",
    "content": "",
    "summary": "Error during generation",
    "longerSummary": "Error during generation",
    "category": "Error during generation",
    "tags": [],
    "source": [
        "https://bianet.org/haber/yenidogan-cetesi-davasi-firat-sari-bana-ne-derse-ben-onu-yapardim-306666",
        "https://www.ahaber.com.tr/gundem/canli/yenidogan-cetesi-davasinda-akilalmaz-savunma-4-bin-tl-detayi-hastane-usulu-boyle-firat-sari-ne-derse-onu-yapardim"
    ],
    "location": null,
    "popularityScore": 0,
    "createdAt": null,
    "image": null,
    "priority": null
}