{
    "id": null,
    "articleId": "a82e3dd5-efe0-4b61-8a8d-39dca46e3779",
    "title": "Boğaz yapılaşması: İzinsiz genişleme soruşturması",
    "content": "",
    "summary": "İstanbul Boğazı'ndaki 106 yapıdaki izinsiz müdahaleler için inceleme başlatıldı. 49'u için suç duyurusunda bulunuldu.",
    "longerSummary": "İstanbul'un Beşiktaş ilçesindeki Bebek, Arnavutköy, Kuruçeşme ve Ortaköy mahallelerinde, Bebek Camii'nden 15 Temmuz Şehitler Köprüsü'ne uzanan sahil şeridinde birçok yapıya izinsiz müdahaleler yapıldığı yönünde Kültür ve Turizm Bakanlığı'na ihbarlar ulaştı.  Bu müdahaleler, yapıların denize doğru genişletilmesini, kat ilavelerini ve cephe yenilemelerini içeriyordu.\n\nBakanlık, uzman ekiplerini sahaya göndererek inceleme başlattı. 2025 yılının başından itibaren yapılan Koruma Kurulu toplantılarında, toplam 106 taşınmazla ilgili karar alındı.  Bu kararlar; 49 taşınmazda kaçak müdahaleler için suç duyurusunda bulunulması, 42 tescilsiz taşınmaz için bilgi ve belge talep edilmesi ve 15 taşınmazda daha önce alınmış kurul kararlarının uygulanmasının istenmesini içeriyordu.\n\nAncak, kararların uygulanmasından sorumlu İstanbul Büyükşehir Belediyesi, Bakanlık'ın 72 kez resmi yazı göndermesine rağmen, yalnızca bir taşınmazda işlem yaptı. Diğer izinsiz uygulamaların kaldırılması için somut bir adım atılmadı.  Bakanlık, Boğaz'ın siluetini bozan izinsiz yapılaşmalara karşı denetimlerini sürdürüyor ve sorumluluğunu yerine getirmeyen yerel yönetimin tutumundan dolayı koruma süreçlerinin sekteye uğradığını belirtiyor.",
    "category": "Kültür",
    "tags": [],
    "source": [
        "https://www.milliyet.com.tr/gundem/istanbul-bogazinda-kacak-yapi-avi-7355736",
        "https://www.ahaber.com.tr/gundem/2025/04/21/bakanlik-bogazda-kacak-yapilara-goz-actirmiyor"
    ],
    "location": null,
    "popularityScore": 0,
    "createdAt": null,
    "image": null,
    "priority": null
}