{
    "id": null,
    "articleId": "ace1151a-bdd2-4536-9132-9671fa9edd5e",
    "title": "Kadıköy Cinayeti: Organize Suç Bağlantısı",
    "content": "",
    "summary": "15 yaşındaki Mattia Minguzzi'nin öldürülmesiyle ilgili soruşturma, organize suç örgütü kapsamına alındı.  İddianamede \"çocuğu kasten öldürme\"den 18-24 yıl hapis isteniyor.",
    "longerSummary": "15 yaşındaki Mattia Ahmet Minguzzi, İtalyan şef Andrea Minguzzi ve çellist Yasemin Akıncılar'ın oğlu, 24 Ocak 2025'te İstanbul Kadıköy'deki Salı Pazarı'nda B.B. ve U.B. tarafından bıçaklanarak öldürüldü.  B.B. Minguzzi'yi beş yerinden bıçaklarken, U.B. yere düşen çocuğa tekme attı.  Minguzzi, 14 gün süren yoğun bakım tedavisinin ardından hayatını kaybetti.\n\nAnadolu Cumhuriyet Başsavcılığı, B.B. ve U.B. hakkında \"çocuğu kasten öldürme\" suçundan 18 ila 24 yıl hapis cezası talep eden bir iddianame hazırladı. İddianame İstanbul Anadolu 2. Çocuk Ağır Ceza Mahkemesi tarafından kabul edildi ve ilk duruşma 10 Nisan 2025'te yapıldı. Sanıkların tutukluluk halleri devam ediyor ve ikinci duruşma 8 Mayıs 2025'te gerçekleşecek.\n\nSoruşturma, yeni delillerin organize suç örgütü bağlantısı ortaya koyması üzerine organize suç örgütü kapsamına alındı.  Minguzzi'nin ailesi, oğlunun öldürülmesinin ardından tehdit almış ve aileyi tehdit eden beş şüpheli (dörtü çocuk) tutuklanmıştır.  Ayrıca, Minguzzi'nin mezarı duruşma günü tahrip edilmiş ve mezarı tahrip eden 67 yaşındaki Duran A. tutuklanmıştır.",
    "category": "Suç",
    "tags": [],
    "source": [
        "https://www.ensonhaber.com/gundem/mattia-ahmet-minguzzi-cinayetinde-yeni-gelisme",
        "https://bianet.org/haber/mattia-ahmet-minguzzi-cinayeti-organize-suc-kapsamina-alindi-306675"
    ],
    "location": null,
    "popularityScore": 0,
    "createdAt": null,
    "image": null,
    "priority": null
}