{
    "id": null,
    "articleId": "cd96fee4-a6fe-42c3-8ed2-88a4b28a63b0",
    "title": "Çocuk videosu: Suç duyurusu başlatıldı",
    "content": "",
    "summary": "Mükremin Gezgin hakkında, çocuklarla ilgili videosu nedeniyle suç duyurusunda bulunulacak.",
    "longerSummary": "Aile ve Sosyal Hizmetler Bakanlığı, sosyal medya fenomeni Mükremin Gezgin hakkında suç duyurusunda bulunacak.  Bakanlığın gerekçesi, Gezgin'in çocuklarının da yer aldığı bir videoda erkek çocuklarına \"ben kadınım değil mi?\" diye sorması ve bu videoyu sosyal medya hesaplarından yayınlaması.  Bakanlık, Gezgin'i Türk Ceza Kanunu'ndaki \"hayasızca hareketler\" ve \"müstehcenlik\" suçlarından dolayı dava edecek. Gezgin ise yaptığı açıklamada, videoların çocuklarının isteği üzerine çekildiğini, çocuklarına yönelik hiçbir hayasızca tutum veya müstehcenlik içermediğini ve daha önce yaptığı yardım projeleriyle kamuoyu takdirini kazandığını savunarak, kendisine yönelik suçlamaları ve tehditleri reddetti.",
    "category": "Suç",
    "tags": [],
    "source": [
        "https://t24.com.tr/haber/bakanliktan-ben-kadin-miyim-sorusuna-suc-duyurusu-mukremin-gezgin-e-hayasizca-hareketler-suclamasi,1234257",
        "https://t24.com.tr/haber/aile-ve-sosyal-hizmetler-bakanligi-mukremin-gezgin-hakkinda-suc-duyusunda-bulunacak,1234347"
    ],
    "location": null,
    "popularityScore": 0,
    "createdAt": null,
    "image": null,
    "priority": null
}