{
    "id": null,
    "articleId": "2ff174db-5a36-4ea2-a17a-b9f2c504c83f",
    "title": "Yaşlı Kadın Şüpheli Ölüm",
    "content": "",
    "summary": "75 yaşındaki kadın ölü bulundu, oğlu gözaltında. Şüpheli ölüm olarak kaydedildi. Soruşturma sürüyor.",
    "longerSummary": "Balıkesir'in Karesi ilçesi Atatürk Mahallesi'nde ikamet eden 75 yaşındaki Ayten M., komşuları tarafından haftalardır görülmemesi üzerine yetkililere bildirildi.  Polis ekipleri eve girdiğinde, Ayten M.'nin oğlu olduğu iddia edilen Ş.M. ve beyaz bir köpek ile karşılaştı. Ş.M., annesinin içeride uyuduğunu belirtti ancak polis ekipleri Ayten M.'nin hayatını kaybettiğini tespit etti.  Ayten M.'nin vücudunda darp veya kesici alet izine rastlanmadı. Ölüm şüpheli ölüm olarak değerlendirildi ve cenaze Adli Tıp Kurumu'na gönderildi. Ş.M., sorulara tutarlı cevap veremediği için gözaltına alındı.  Ev, aşırı derecede kirli ve \"çöp eve\" dönmüş durumdaydı; belediye ekipleri tarafından temizlendi.  Evde çok sayıda boş alkol şişesi ve \"Ruhun Deşifresi\" isimli bir kitap bulundu.  Köpek ise hayvan barınağına teslim edildi.  Olayla ilgili soruşturma devam ediyor.",
    "category": "Suç",
    "tags": [],
    "source": [
        "https://www.cnnturk.com/turkiye/polis-eve-adim-attigi-an-sok-oldu-olen-annesine-uyuyor-dedi-2273567",
        "https://www.ntv.com.tr/turkiye/annesinin-uyudugunu-soyledi-polis-ekibi-cansiz-bedeniyle-karsilasti,RIKozPxDx0eyhXWCjdnfvQ",
        "https://www.posta.com.tr/gundem/annen-nerde-sorusuna-uyuyor-dedi-korkunc-gercek-ortaya-cikti-2853107"
    ],
    "location": null,
    "popularityScore": 0,
    "createdAt": null,
    "image": null,
    "priority": null
}