{
    "id": null,
    "articleId": "febc53d7-1bf0-4386-8ef9-e62ee0f378cb",
    "title": "AKSUNGUR İHA, 40.000 feet irtifa rekoru",
    "content": "",
    "summary": "AKSUNGUR İHA, TEI-PD170 motoruyla 40.000 feet irtifaya ulaştı.  AF500 kamera ve ısıtıcılı batarya da test edildi.",
    "longerSummary": "Türk Havacılık ve Uzay Sanayii (TUSAŞ) tarafından yapılan açıklamaya göre, AKSUNGUR İHA, TEI'nin yerli üretimi PD170 motoruyla 40.000 feet (yaklaşık 12.192 metre) yüksekliğe ulaştı. Bu uçuş,  TEI-PD170 motorunun şimdiye kadarki en yüksek irtifada gerçekleştirilen uçuşu oldu.  Aynı uçuşta, ASELSAN'ın geliştirdiği AF500 milli kamerası ve ASPİLSAN'ın geliştirdiği milli ısıtıcılı batarya da AKSUNGUR ile en yüksek irtifada test edildi.  TUSAŞ Genel Müdürü Mehmet Demiroğlu, bu başarıyı sosyal medya hesabından paylaştı.  Önceki hafta AKSUNGUR, ASELSAN üretimi LGK81 ve LGK82 mühimmatlarıyla hedef isabet testini başarıyla tamamlamıştı.",
    "category": "Teknoloji",
    "tags": [],
    "source": [
        "https://www.turkiyegazetesi.com.tr/teknoloji/aksungurdan-milli-motorla-irtifa-rekoru-40-bin-feet-yukseklige-cikti-1110186",
        "https://www.dunya.com/video-galeri/teknoloji/aksungurdan-yerli-motorla-irtifa-rekoru-video-772934"
    ],
    "location": null,
    "popularityScore": 0,
    "createdAt": null,
    "image": null,
    "priority": null
}