{
    "id": null,
    "articleId": "47196cb5-17c6-4507-b5e0-e6a5f909e629",
    "title": "Özbekistanlı Kadın Bıçaklanarak Öldürüldü",
    "content": "",
    "summary": "Özbekistan uyruklu kadın, sevgilisi tarafından bıçaklanarak öldürüldü. Şüpheli yakalanıp tutuklandı.",
    "longerSummary": "18 Nisan 2025 günü saat 09:30 civarında, İstanbul Kaynarca Mahallesi'nde Özbekistan uyruklu Vasılahon Usmanova, sevgilisi R.A. tarafından bıçaklanarak öldürüldü.  Olay, çift arasında çıkan tartışma sırasında meydana geldi. R.A., Usmanova'yı zorla bodrum katına götürmeye çalışırken komşuların müdahalesine rağmen onu bıçakladı ve kaçtı.  Olay güvenlik kameralarına yansıdı.\n\nPolis, kamera kayıtlarını kullanarak R.A.'yı kısa sürede saklandığı metruk bir binada yakaladı.  Gözaltına alınan R.A., Cinayet Büro Amirliği'nde sorgulandı.  Hem R.A. hem de kurbanı Usmanova'nın 13 Mart 2025'te İstanbul Havalimanı'ndan Türkiye'ye giriş yaptıkları ve birlikte yaşadıkları süre boyunca sık sık tartıştıkları belirlendi.  R.A., ifadesinde tartışma sırasında kendini kaybettiğini ve olayları tam olarak hatırlamadığını söyledi.  Emniyetteki işlemlerinin ardından R.A. tutuklanarak cezaevine gönderildi.",
    "category": "Suç",
    "tags": [],
    "source": [
        "https://www.hurriyet.com.tr/gundem/pendikte-sevgilisini-bicaklayarak-oldurmustu-ifadesi-ortaya-cikti-42773022",
        "https://www.sabah.com.tr/yasam/istanbulda-ozbekistan-uyruklu-kadinin-korkunc-sonu-komsular-gorunce-dur-yapma-diye-bagirdi-7339051",
        "https://www.milliyet.com.tr/gundem/pendikte-sevgilisini-bicaklayarak-oldurdu-kan-donduran-ifade-7355909"
    ],
    "location": null,
    "popularityScore": 0,
    "createdAt": null,
    "image": null,
    "priority": null
}