{
    "id": null,
    "articleId": "12dc9a93-f8be-4233-b180-03cc7d783f54",
    "title": "Maden kazasında işçi hayatını kaybetti",
    "content": "",
    "summary": "Maden ocağı kazasında işçi hayatını kaybetti.",
    "longerSummary": "62 yaşındaki Asim Karaöz, Bolu ili Mengen ilçesi Gökçesu beldesinde bulunan bir özel kömür madeninde çalışırken, madenden çıkarken bindiği vagonun devrilmesi sonucu altında kaldı.  İş arkadaşları tarafından vagonun altından çıkarılan Karaöz, ağır yaralı olarak Mengen Dr. Mustafa Körpeoğlu İlçe Devlet Hastanesine kaldırıldı.  Hastanedeki müdahalelere rağmen kurtarılamayarak hayatını kaybetti. Cenazesinin Karabük'te toprağa verileceği belirtilmiştir. Olayla ilgili inceleme başlatılmıştır.",
    "category": "İş Dünyası",
    "tags": [],
    "source": [
        "https://www.ntv.com.tr/turkiye/vagonun-altinda-kalan-maden-iscisi-hayatini-kaybetti,-PMIqV13lEuzsGx4lxhCzA",
        "https://www.ntv.com.tr/turkiye/komur-madeninde-aci-olum,Wjub5CCAR0K_QeYO-oZgIQ"
    ],
    "location": null,
    "popularityScore": 0,
    "createdAt": null,
    "image": null,
    "priority": null
}