{
    "id": null,
    "articleId": "dcd79fd8-f70d-4670-b4ab-ce17d7be30f6",
    "title": "Error during generation",
    "content": "",
    "summary": "Error during generation",
    "longerSummary": "Error during generation",
    "category": "Ekonomi",
    "tags": [],
    "source": [
        "https://www.dunya.com/ekonomi/seyahatte-ilk-tercih-yine-degismedi-yerli-turist-2024te-419-milyar-tl-harcadi-haberi-773158",
        "https://www.ensonhaber.com/ekonomi/gecen-yilin-son-ceyregine-ait-ic-turizm-verileri-aciklandi",
        "https://www.ahaber.com.tr/ekonomi/2025/04/22/yerli-turistten-2024te-419-milyarlik-harcama"
    ],
    "location": null,
    "popularityScore": 0,
    "createdAt": null,
    "image": null,
    "priority": null
}