{
    "id": null,
    "articleId": "752c1f28-78d0-4cc2-aae5-0ebb5b6db3f6",
    "title": "İstanbul'da UEFA Temsilciliği Açılıyor",
    "content": "",
    "summary": "24 Nisan'da İstanbul'da UEFA temsilciliği açılıyor.  Levent Kasrı'nda olacak temsilcilik, Londra ve Brüksel'den sonra üçüncü dış merkez. Açılışa Erdoğan ve UEFA Başkanı Ceferin katılacak. 23 Nisan'da gala yemeği düzenlenecek.",
    "longerSummary": "Türkiye Futbol Federasyonu (TFF) tarafından yapılan duyurulara göre, UEFA'nın üçüncü dış merkezi (Londra ve Brüksel'den sonra) İstanbul'da 24 Nisan 2024 Perşembe günü faaliyete geçecek.  Temsilcilik, TFF'nin Levent Kasrı'nda hizmet verecek.\n\nAçılış töreni 24 Nisan'da saat 12:00'da yapılacak ve Cumhurbaşkanı Recep Tayyip Erdoğan, UEFA Başkanı Aleksander Ceferin, UEFA yönetim kurulu üyeleri ve üye ülke federasyon başkanları katılacak.  Açılışa ek olarak, 23 Nisan Çarşamba günü saat 19:00'da Çırağan Palace Kempinski'de UEFA Başkanı Ceferin, yönetim kurulu üyeleri, üye ülke federasyon başkanları ve Türk futbol temsilcilerinin katılacağı bir gala yemeği düzenlenecek.\n\nİstanbul, daha önce 2005 ve 2023 UEFA Şampiyonlar Ligi finalleri, 2009 UEFA Kupası finali ve 2019 UEFA Süper Kupa finaline ev sahipliği yapmıştır.  Şehir ayrıca 2026 UEFA Avrupa Ligi finaline ev sahipliği yapacak ve 2027 UEFA Konferans Ligi finali de İstanbul veya Ankara'da (yapımı devam eden stadyumun durumuna bağlı olarak) düzenlenecektir.  İstanbul UEFA temsilciliği, İtalya ile ortaklaşa düzenlenecek 2032 Avrupa Futbol Şampiyonası hazırlıklarında da aktif rol alacaktır.",
    "category": "Spor",
    "tags": [],
    "source": [
        "https://www.takvim.com.tr/spor/2025/04/21/uefa-istanbul-temsilciligi-24-nisanda-acilacak-baskan-erdogan-torene-katilacak",
        "https://www.sabah.com.tr/spor/futbol/2025/04/21/uefa-istanbul-temsilciligi-24-nisanda-acilacak"
    ],
    "location": null,
    "popularityScore": 0,
    "createdAt": null,
    "image": null,
    "priority": null
}