{
    "id": null,
    "articleId": "0cd75ef3-9832-468a-80c4-353914ab756d",
    "title": "Akabe'de Çoklu Araç Kundaklaması",
    "content": "",
    "summary": "Akabe'de 9 araç kundaklandı, şüpheli yakalandı.",
    "longerSummary": "22 Nisan 2025 gecesi Akabe Mahallesi'nde, park halindeki 9 araca (bir minibüs, hafif ticari araçlar ve otomobiller) yanıcı madde dökülerek ateş verildi.  Mahalle sakinleri yangını fark ederek itfaiyeyi ve polisi aradı. İtfaiye ekipleri yangını söndürdü, ancak araçlarda büyük hasar oluştu.  Mahalleli tarafından yakalanan ve polise teslim edilen Emin B., olayı gerçekleştirmekle suçlanıyor.  Akabe Mahallesi Muhtarı Ahmet Karademir, olayın mahallede büyük tedirginliğe yol açtığını belirtti.  Araç sahiplerinden Melikşah Kılıç, polis tarafından haberdar edildiğini ve hortumla yangına müdahale ettiğini, aracının büyük hasar gördüğünü ifade etti.  Olayla ilgili soruşturma devam ediyor.",
    "category": "Suç",
    "tags": [],
    "source": [
        "https://www.milliyet.com.tr/gundem/yer-sanliurfa-park-halindeki-9-arac-kundaklandi-7355943",
        "https://www.cnnturk.com/turkiye/sanliurfada-park-halindeki-9-arac-kundaklandi-2273626"
    ],
    "location": null,
    "popularityScore": 0,
    "createdAt": null,
    "image": null,
    "priority": null
}