{
    "id": null,
    "articleId": "23729016-b045-4a1a-acc2-6bad100b9ac5",
    "title": "Sosyal medya tacizi: Para cezası verildi",
    "content": "",
    "summary": "69 yaşındaki H.T., sosyal medyada 32 yaşındaki kadına cinsel içerikli mesajlar gönderdiği için 2800 TL idari para cezasına çarptırıldı.",
    "longerSummary": "Diyarbakır'da ikamet eden 32 yaşındaki ev hanımı Z.Y., sosyal medya hesabından tanımadığı 69 yaşındaki H.T. tarafından gelen mesajlar nedeniyle Cumhuriyet Savcılığı'na başvurdu. H.T.'nin Z.Y.'ye \"Harikasın canım, çok tatlısın canım\" mesajları ile kalp ve öpücük emojileri gönderdiği tespit edildi.  Bunun üzerine H.T. hakkında \"cinsel taciz\" suçundan dava açıldı.\n\nDiyarbakır 7. Asliye Ceza Mahkemesi'ndeki yargılamada, savcı, H.T.'nin Instagram hesabından Z.Y.'ye çeşitli zamanlarda söz konusu mesajları ve emojileri gönderdiğini belirtti. H.T.'nin hesabının çalındığını ve mesajları kendisinin göndermediğini iddia etmesine rağmen, savcı, çelişkili ifadelerinin suçtan kurtulma amacı taşıdığını savundu ve TCK'nın 105/1 1., 105/2-d, 43/1 ve 53. maddeleri uyarınca cezalandırılmasını talep etti.\n\nMahkeme, H.T.'yi gönderdiği mesajlar ve emojiler nedeniyle 2.800 TL idari para cezasına çarptırdı.  Karar, H.T.'nin 5 yıl içinde benzer bir suç işlemesi durumunda para cezasını ödemesi şartıyla denetimli serbestlik kapsamında verildi.",
    "category": "Suç",
    "tags": [],
    "source": [
        "https://www.turkiyegazetesi.com.tr/gundem/o-emojileri-gondermeden-once-2-kez-dusunun-hakkinda-cinsel-taciz-davasi-acildi-1110471",
        "https://www.sabah.com.tr/yasam/opucuk-emojili-mesaj-taciz-sayildi-7338738",
        "https://www.ntv.com.tr/turkiye/bu-emojiler-cinsel-taciz-sayildi-para-cezasi-verildi,NqCxWet410OXtt2m4cI58Q"
    ],
    "location": null,
    "popularityScore": 0,
    "createdAt": null,
    "image": null,
    "priority": null
}