{
    "id": null,
    "articleId": "45b8349d-3d71-4704-9ec4-c5cdf430cce0",
    "title": "Error during generation",
    "content": "",
    "summary": "Error during generation",
    "longerSummary": "Error during generation",
    "category": "Ekonomi",
    "tags": [],
    "source": [
        "https://t24.com.tr/haber/dolar-ve-euro-gune-nasil-basladi,1234303",
        "https://www.birgun.net/haber/dolar-tl-gune-nasil-basladi-617362"
    ],
    "location": null,
    "popularityScore": 0,
    "createdAt": null,
    "image": null,
    "priority": null
}