{
    "title": "Trabzon'da heyelan faciası! Evler toprağa karıştı, yollar ulaşıma kapandı",
    "content": "Dehşete düşüren olay, Trabzon’un Düzköy ilçesindeki Yusuflu mahallesinde meydana geldi. Bölgede son günlerde etkili olan şiddetli yağışların ardından meydana gelen heyelan ile arazinin dört bir tarafından kayan toprak ve kaya parçaları yayla yolunu ulaşıma kapattı.  Heyelanda boş bir ev kaya parçalarının çarpması nedeniyle yıkılırken, şans eseri heyelanın ortasında kalan 1 ev ise facianın boyutunu ortaya çıkardı. Heyelanın durmasının ardından AFAD ekiplerince bölgede inceleme yapıldı. Heyelan riskinin devam ettiği bölgede yol bir süreliğine ulaşıma kapatıldı. İlgili Haber26 yıldır yollarda! Dünyayı yürüyen İngiliz gezgin Boğaz'ı yüzerek geçmek istiyor Yöre sakinlerinden Baki Birinci, büyük bir patlama olduğunu belirterek, \"Burada yoğun bir sis vardı. Çok net görülmüyordu. Büyük bir patlama oldu. Yukarıda akrabalarımın evi var. İkisinin evi de zarar gördü. Biri tamamen yıkılarak toprağa karıştı. Diğeri de yan yattı. Heyelanın derinliği ve facia açık bir şekilde gözüküyor. Heyelan devam ediyor. Sular akıyor, toprak kaymaları sürüyor. Yayla yolu ulaşıma kapandı. Burası şuanda hayat olmayacak vaziyette. Korkunç facia ile karşı karşıya kaldık. Akşam saatlerinde ikinci kez patlama oldu\" dedi.  Hayrettin Birinci ise, korku dolu anlar yaşandığını kaydederek, \"Heyelanın olduğu gün buradaydım. Yoğun bir sis vardı. Ses gelmeye başladı. Korku dolu anlar yaşandı. Mecbur burada yaşamayı sürdürüyoruz. Dayımın evi yıkıldı. Evde kimse yoktu\" şeklinde konuştu.  Mahalle sakinlerinden Mestan Birinci de, \"Olay anında buradaydım. Büyük bir gürültü ile heyelan koptu. Yukarıda iki ev de vardı. Birini kaya parçaları yıktı. Şuanda yayla yollarımız kapandı. Yetkililerden yollarımızın açılmasını istiyoruz. Evde kimse yoktu. Mezirelere göç olmadığı için şanslıyız. İki evden birisi yıkıldı. Üç bir taraftan su akıyor. Çok şükür can kaybımız yok\" ifadelerini kullandı.",
    "url": "https://www.turkiyegazetesi.com.tr/yasam/trabzonda-heyelan-faciasi-evler-topraga-karisti-yollar-ulasima-kapandi-1110504",
    "source": "turkiye_gazetesi",
    "genre": "yasam",
    "article_date": "2025-04-22T12:18:20.558724",
    "request_date": "2025-04-22T12:18:20.559724",
    "is_empty": false
}