{
  "id": null,
  "articleId": "5c41f9d7-c13c-46db-bf71-8dfb8cdfe6fe",
  "title": "En Acı Madde Keşfi: Raf Mantarı",
  "content": "",
  "summary": "Acı raf mantarından izole edilen oligoporin D, düşük konsantrasyonlarda bile acı tat algısı yaratıyor.  Araştırma acı reseptörlerinin işleyişini aydınlatmayı hedefliyor.",
  "longerSummary": "Almanya'daki Leibniz Gıda Sistemleri Biyolojisi Enstitüsü'nden araştırmacılar, *Amaropostia stiptica* adlı acı raf mantarından üç kimyasal bileşik izole etti.  Bu bileşiklerden biri olan oligoporin D, son derece güçlü bir acı tat tetikleyicisi olarak tanımlandı; düşük konsantrasyonlarda bile (1 gramı 10⁶ küvet suya karıştırıldığında bile) acı tat algılanabiliyor.  Diğer iki bileşik de acı tat oluşturuyor, ancak oligoporin D kadar güçlü değiller.  Araştırmaya göre, bu bileşikler zehirli değildir.\n\nAraştırmacılar, bu doğal acı bileşiklerin ağızdaki tat reseptörlerinin yanı sıra, mide, bağırsak, kalp ve akciğerlerde de bulunan acı reseptörlerini de etkileyebileceğini öne sürüyorlar. Ancak bu reseptörlerin vücudun bu bölgelerindeki işlevleri henüz tam olarak anlaşılmış değil.\n\nÇalışmanın ortak yazarı Dr. Maik Behrens, bu tür araştırmaların acı tat reseptörlerinin işleyişi ve evrimsel kökeni hakkında daha fazla bilgi edinilmesini sağlayacağını belirtti.  Daha fazla acı bileşik ve reseptör verisi toplanmasının, yeni maddelerin tanımlanması ve etkilerinin tahmin edilmesini kolaylaştıracağını vurguladı.  Araştırma, her acı maddenin zehirli olmadığını ve her zehirli maddenin de acı olmadığını (örneğin köygöçüren mantarı) hatırlatarak, acı tat ve toksisite arasındaki ilişkinin karmaşık olduğunu gösteriyor.",
  "category": "Bilim",
  "tags": [],
  "source": [
    "https://www.cnnturk.com/dunya/simdiye-dek-bulunan-en-aci-madde-mantardan-elde-edildi-2273629",
    "https://www.turkiyegazetesi.com.tr/yasam/ne-biber-ne-isotdunyanin-en-aci-maddesi-belli-oldu-1110456",
    "https://t24.com.tr/haber/bilim-insanlari-en-aci-maddeyi-buldu,1234363"
  ],
  "location": null,
  "popularityScore": 0,
  "createdAt": null,
  "image": "image.jpg",
  "priority": null
}