{
    "title": "Dilan Polat'ın lüks araçları için yeni karar",
    "content": "Tasarruf Mevduatı Sigorta Fonu'nun (TMSF) Dilan Polat ve Engin Polat'a ait lüks araçları bugün açık ihale yöntemiyle satışa sunması bekleniyordu.İhalede Ferrari, Porsche, Mercedes ve BMW marka araçların toplam bedeli 77 milyon lira olarak belirlenmişti. Tasarruf Mevduatı Sigorta Fonu'nun (TMSF) Dilan Polat ve Engin Polat'a ait lüks araçları bugün açık ihale yöntemiyle satışa sunması bekleniyordu.İhalede Ferrari, Porsche, Mercedes ve BMW marka araçların toplam bedeli 77 milyon lira olarak belirlenmişti. Polat ailesinin avukatının yaptığı başvuru sonucunda mahkeme, satış işlemlerine ilişkin yürütmeyi durdurma kararı verdi.Buna göre Polat çiftinin sahibi olduğu Milda Gayrimenkul Otomotiv Anonim Şirketi'nin mülkiyetinde bulunan araçların ihalesi durduruldu.Mahkeme kararının ardından TMSF, söz konusu araçları ihale listesinden çıkardı.",
    "url": "https://www.ntv.com.tr/turkiye/dilan-polatin-luks-araclari-icin-yeni-karar,HAvyC-88NkO4MVK5PfQFkg",
    "source": "ntv",
    "genre": "turkiye",
    "article_date": "2025-04-22T12:17:10.836804",
    "request_date": "2025-04-22T12:17:10.836804",
    "is_empty": false
}