{
    "title": "TMSF, Dilan ve Engin Polat'ın araçlarını satışa çıkarmıştı: Mahkemeden yürütmeyi durdurma kararı",
    "content": "Tasarruf Mevduatı Sigorta Fonu (TMSF)Dilan PolatveEngin Polat'a ait lüks araçları bugün açık ihale yöntemiyle satışa sunması bekleniyordu. Ancak Polat ailesinin avukatının yaptığı başvuru sonucunda mahkeme, satış işlemlerine ilişkin yürütmeyi durdurma kararı verdi. Dilan ve Engin Polat'ın sahibi olduğu Milda Gayrimenkul Otomotiv Anonim Şirketinin mülkiyetinde bulunan piyasa değeri yaklaşık 77 milyon TL araçların bugün açık ihale yöntemiyle satılması bekleniyordu. Bugün (22.04.2025) Saat 10:00'da TMSF'nin İstanbul'daki binasında düzenlenmesi planlanan ihalede araçların listesi de ortaya çıkmıştı. Gazeteci Emrullah Erdinç'in aktardığına göre; Polat ailesinin avukatı Sevinç Horoz’un yaptığı başvuru sonucunda mahkeme, satış işlemlerine ilişkin yürütmeyi durdurma kararı verdi. Mahkeme kararının ardından TMSF, söz konusu araçları ihale listesinden çıkardı.   ",
    "url": "https://t24.com.tr/haber/tmsf-dilan-ve-engin-polat-in-araclarini-satisa-cikarmisti-mahkemeden-yurutmeyi-durdurma-karari,1234322",
    "source": "t24",
    "genre": "haber",
    "article_date": "2025-04-22T12:18:36.900598",
    "request_date": "2025-04-22T12:18:36.900598",
    "is_empty": false
}