{
    "title": "Papa’ya veda için Roma’da olacak: Trump’tan ilk resmi ziyaret",
    "content": "ABD BaşkanıDonald Trump, 20 Ocak'ta başlayanikinci başkanlıkdöneminin ilk yurt dışı seyahatindePapa Franciscus'un cenaze törenine katılmak üzereRoma'ya gidecek. ABD Başkanı Trump, Truth Social'daki hesabından yaptığı açıklamada,Papa'nın cenaze törenine katılacağınıaçıkladı. Trump, açıklamasında, \"Melania ile ben, Papa Franciscus'un Roma'daki cenaze törenine katılacağız. Orada olmayı sabırsızlıkla bekliyoruz\" ifadesini kullandı. Öte yandan sosyal medyada bazı kullanıcılarının ve Demokrat hesapların, Trump'ın \"sabırsızlıkla bekliyoruz\" şeklindeki ifadesinin bir cenaze töreni için uygun olmadığı yönündeki eleştirilerini dile getirmesi dikkat çekti. Vatikan, Papa'nın dün yerel saatle 07.35'te (TSİ 08.35) 88 yaşında hayatını kaybettiğini açıklamıştı.",
    "url": "https://www.dunya.com/dunya/papaya-veda-icin-romada-olacak-trumptan-ilk-resmi-ziyaret-haberi-773129",
    "source": "dunya",
    "genre": "dunya",
    "article_date": "2025-04-22T12:18:27.729795",
    "request_date": "2025-04-22T12:18:27.729795",
    "is_empty": false
}