{
    "title": "ABD Başkanı Trump, Papa’nın cenaze törenine katılacak",
    "content": "HABERİ PAYLAŞ DHA ABDBaşkanıDonald Trump, sosyal medya hesabından yaptığı açıklamada,Papa'nıncenazetörenine katılacağını açıkladı. Trump, “Melania ve ben, Papa Franciscus'un Roma'daki cenaze törenine katılacağız. Orada olmayı sabırsızlıkla bekliyoruz” ifadesini kullandı.",
    "url": "https://www.posta.com.tr/dunya/abd-baskani-trump-papanin-cenaze-torenine-katilacak-2853102",
    "source": "posta",
    "genre": "dunya",
    "article_date": "2025-04-22T12:18:05.147521",
    "request_date": "2025-04-22T12:18:05.147521",
    "is_empty": false
}