{
    "title": "İlk yurt dışı seyahati oraya olacak: Trump Papa için Vatikan’a gidiyor",
    "content": "Trump, açıklamasında, \"Melania ile ben, Papa Franciscus'un Roma'daki cenaze törenine katılacağız. Orada olmayı sabırsızlıkla bekliyoruz.\" ifadesini kullandı. Öte yandan sosyal medyada bazı kullanıcılarının ve Demokrat hesapların, Trump'ın \"sabırsızlıkla bekliyoruz\" şeklindeki ifadesinin bir cenaze töreni için uygun olmadığı yönündeki eleştirilerini dile getirmesi dikkat çekti. Vatikan, Papa'nın dün yerel saatle 07.35'te (TSİ 08.35) 88 yaşında hayatını kaybettiğini açıklamıştı.",
    "url": "https://www.sabah.com.tr/dunya/ilk-yurt-disi-seyahati-oraya-olacak-trump-papa-icin-vatikana-gidiyor-7339012",
    "source": "sabah",
    "genre": "dunya",
    "article_date": "2025-04-22T12:17:42.347166",
    "request_date": "2025-04-22T12:17:42.347166",
    "is_empty": false
}