{
    "title": "Türkiye onu dinozor kostümüyle tanıdı! Trafik kazasında ağır yaralandı",
    "content": "Yaklaşık iki ay boyunca her gün dinozor kostümü giyerek Isparta sokaklarını renklendiren 17 yaşındakiBerkay Başa, kısa sürede şehrin en çok konuşulan ismi olmuştu. Esnafın ve vatandaşların ilgi odağı haline gelen Başa, bir gün polis ekiplerinin GBT (Genel Bilgi Taraması) kontrolüne takıldı. Dev dinozor kostümünün içinden çıkan gençle polisler arasında geçen o diyalog, izleyenleri kahkahaya boğmuştu. Ancak eğlenceli anlarla hafızalara kazınan genç, kısa süre sonra talihsiz bir kaza geçirdi. 17 Nisan 2025'te  motosikletiyle seyir halindeyken önüne aniden çıkan bir araca çarpmamak için fren yapan Başa, yere düşerek ağır yaralandı. K Kaza nedeniyle altı kaburgası ve omurga kemiği kırılan genç, Isparta Şehir Hastanesi'nde tedavi altına alındı. Kazaya neden olan aracın olay yerinden kaçtığı ve halen tespit edilemediği öğrenildi. Polis ekipleri soruşturmayı sürdürüyor.  Yaşadığı kazayı hastane odasında anlatan Başa, \"Dinozor kostümüyle ün kazandım, sonra nazar değdi. Önüme çıkan arabaya çarpmamak için fren yaptım, bir anda yere düştüm. Gözümü hastanede açtım. Altı tane kaburga kemiğim kırıldı. Kazadan sonra bana çarpan araç arkasına bile bakmadan kaçtı. O an ‘İnsanlık ölmüş' dedim. Şikâyetçi olduk. Ama ben iyileşince yine kostümümü giyeceğim, yine sokaklara döneceğim\" şeklinde konuştu. Kazadan sonra hastane süreci başlayan Başa'ya ailesi unutamayacağı bir moral gecesi hazırladı. Büyük Fenerbahçe taraftarı olan gence, ailesi tarafından hastane odasında Fenerbahçe formalarıyla sürpriz yapıldı. Başa'nın annesi ise o anları, \"Oğlum, dinozor kostümüyle çocukları güldürmeyi çok seviyor. Fenerbahçe'ye olan sevgisini bildiğim için formalar aldım. Hep birlikte formalarımızı giyip odasına girdik. Bizleri öyle görünce mutluluktan hüngür hüngür ağladı. O günden sonra ilk kez tekerlekli sandalyesiyle dışarı çıktı. Buradan Fenerbahçe'ye 17 yaşındaki oğlum için sesleniyorum. Lütfen onun için kazanın. Yalvarıyorum\" sözleriyle anlattı.  Başa ise yapılan bu sürpriz kendisine çok fazla moral olduğunu ve ilk defa yataktan kalktığını belirterek, \"Onları öyle görünce gerçekten ağladım, çünkü çok mutlu oldum. En son şampiyon olduğumuzda ortaokula gidiyordum şampiyon olamadık, şimdi son sınıfa gidiyorum gene şampiyon olamadık. Fenerbahçe kaybedince ağrılarım çok artıyor, hatta hüngür hüngür ağlıyorum moralim çöküyor.Sayın Ali Koç'tan bir ricam var, madem Fenerbahçe şampiyon olamıyor bari lütfen bana Fenerbahçeli dinozor kostümü yaptırın. Çok mutlu olurum\" dedi. Geçirdiği kazaya rağmen ne umudunu ne de hayallerini kaybeden Berkay Başa, Isparta sokaklarına yeniden dönmek için gün sayıyor.",
    "url": "https://www.dunya.com/gundem/turkiye-onu-dinozor-kostumuyle-tanidi-trafik-kazasinda-agir-yaralandi-haberi-773165",
    "source": "dunya",
    "genre": "gundem",
    "article_date": "2025-04-22T12:18:27.114731",
    "request_date": "2025-04-22T12:18:27.114731",
    "is_empty": false
}