{
    "title": "Dinozor kostümüyle tanınmıştı... Trafik kazasında ağır yaralanan Ispartalı genç: Şampiyonluk gelmedi, Fenerbahçeli kostüm gelsin",
    "content": "Isparta'da iki ay boyunca dinozor kostümü giyerek sokakları dolaşan 17 yaşındakiBerkay Başa, kısa sürede sosyal medyada çok konuşulmuştu. Vatandaşların ilgi odağı haline gelen Başa, polis ekiplerinin GBT (Genel Bilgi Taraması) kontrolüne de dinozor kostümüyle yakalanmış ve polislerle arasında geçen o diyalog, kahkahaya boğmuştu.  Başa, 17 Nisan Perşembe günü geçirdiği trafik kazasında ağır yaralandı. Motosikletiyle seyir halindeyken önüne aniden çıkan bir araca çarpmamak için ani fren yapan Başa, yere düştü. Altı kaburgası ve omurga kemiği kırılan genç, Isparta Şehir Hastanesi'nde tedavi altına alındı. Kazaya neden olan aracın olay yerinden kaçtığı ve halen tespit edilemediği öğrenildi.  Hastane odasında geçirdiği kazayı anlatan genç, \"Dinozor kostümüyle ün kazandım, sonra nazar değdi. Önüme çıkan arabaya çarpmamak için fren yaptım, bir anda yere düştüm. Gözümü hastanede açtım. Sadece altı tane kaburga kemiğim kırıldı. Kazadan sonra bana çarpan araç arkasına bile bakmadan kaçtı. O an ‘İnsanlık ölmüş' dedim. Şikâyetçi olduk. Ama ben iyileşince yine kostümümü giyeceğim, yine sokaklara döneceğim\" ifadelerini kullandı. Kazadan sonra Başa'nın ailesi evlatlarına bir moral gecesi düzenledi. Fenerbahçe taraftarı olan 17 yaşındaki genç, ailesinin hediye ettiği Fenerbahçe formalarıyla şaşkına döndü.  Berkay'ın annesi \"Fenerbahçe'ye olan sevgisini bildiğim için formalar aldım. Hep birlikte formalarımızı giyip odasına girdik. Bizleri öyle görünce mutluluktan hüngür hüngür ağladı. O günden sonra ilk kez tekerlekli sandalyesiyle dışarı çıktı. Buradan Fenerbahçe'ye 17 yaşındaki oğlum için sesleniyorum. Lütfen onun için kazanın. Yalvarıyorum\" diye konuştu.  Kendisine yapılan sürprizle moral bulan Berkay ise\"En son şampiyon olduğumuzda ortaokula gidiyordum şampiyon olamadık, şimdi son sınıfa gidiyorum gene şampiyon olamadık. Fenerbahçe kaybedince ağrılarım çok artıyor, hatta hüngür hüngür ağlıyorum moralim çöküyor. Sayın Ali Koç'tan bir ricam var, madem Fenerbahçe şampiyon olamıyor bari lütfen bana Fenerbahçeli dinozor kostümü yaptırın. Çok mutlu olurum\"diye konuştu. ",
    "url": "https://www.turkiyegazetesi.com.tr/gundem/dinozor-kostumuyle-taninmisti-trafik-kazasinda-agir-yaralanan-ispartali-genc-sampiyonluk-gelmedi-fenerbahceli-kostum-gelsin-1110493",
    "source": "turkiye_gazetesi",
    "genre": "gundem",
    "article_date": "2025-04-22T12:18:20.425526",
    "request_date": "2025-04-22T12:18:20.425526",
    "is_empty": false
}