{
    "title": "23 NİSAN BANKALAR AÇIK MI? Yarın Borsa İstanbul'da işlem yapılacak mı? Çarşamba günü kapalı olan kurumlar!",
    "content": "23 NisanUlusal Egemenlik veÇocuk Bayramı'nda hangi kurumların açık olduğu hangi kurumların kapalı olduğu birçok kişi tarafından merak edilen konular arasında yer alıyor. 23 Nisan Ulusal Egemenlik ve Çocuk Bayramı, resmi tatil olarak kabul edilmektedir. Bu nedenle, 23 Nisan 2025 Çarşamba günü okullar, üniversiteler, kamu kurum ve kuruluşları ile bankalar kapalı olacaktır. Özel sektörde ise durum farklılık gösterebilir. Bazı özel sektör kuruluşları 23 Nisan'da çalışmaya devam ederken, bazıları ise çalışanlarına izin verebilmektedir. 23 NİSAN’DA BANKALAR, BORSA AÇIK MI? 23 Nisan Çarşamba günü, hem özel bankalar hem de kamu bankaları tamamen kapalı olacak. Bankalar, hizmet vermeye 24 Nisan Perşembe günü kaldığı yerden devam edecek. 23 Nisan’da yapılan para transferleri, aynı banka içinde hesaplara geçerken, farklı bankalar arasındaki EFT işlemleri ise bankalar açıldıktan sonra aktarılacak. Müşteriler, FAST sistemi sayesinde resmi tatillerde de para transferi gerçekleştirebilecek.Borsaİstanbul ise, bankaların tatil olmasından dolayı 23 Nisan’da işlem yapmayacak. ÇARŞAMBA GÜNÜ KAPALI OLAN KURUMLAR Resmi tatil günlerinde okullar, üniversiteler, özel bankalar, kamu bankaları, borsa, belediyeler, valilikler, kaymakamlıklar, PTT, kargo firmaları, sağlık ocakları (aile sağlığı merkezleri) kapalı oluyor. Eczaneler nöbet sistemine uygun çalışmaya devam ederken hastanelerde ise acil servisler açık olacak.",
    "url": "https://www.cnnturk.com/turkiye/23-nisan-bankalar-acik-mi-yarin-borsa-istanbulda-islem-yapilacak-mi-carsamba-gunu-kapali-olan-kurumlar-2273186",
    "source": "cnnturk",
    "genre": "turkiye",
    "article_date": "2025-04-22T12:17:36.946333",
    "request_date": "2025-04-22T12:17:36.946333",
    "is_empty": false
}