{
    "title": "23 Nisan liselere tatil mi? Yarın liselere okul var mı?",
    "content": "23 Nisan Ulusal Egemenlik ve Çocuk Bayramı 81 ilde kutlanacak. Okullarda da etkinlikler düzenlenecek. Lise öğrencilerinin büyük bir bölümünün aklında ise \"23 Nisan liselere tatil mi?\" sorusu yer alıyor. 23 Nisan Ulusal Egemenlik ve Çocuk Bayramı resmi tatildir. Bu nedenle okullar tatil olacak. Lise öğrencileri de tatilden yararlanacak.   ",
    "url": "https://www.dunya.com/gundem/23-nisan-liselere-tatil-mi-yarin-liselere-okul-var-mi-haberi-773159",
    "source": "dunya",
    "genre": "gundem",
    "article_date": "2025-04-22T12:18:26.308254",
    "request_date": "2025-04-22T12:18:26.308254",
    "is_empty": false
}