{
    "title": "Bakan Şimşek ABD'de yatırımcılarla buluştu",
    "content": "Bakan Şimşek, G20, IMF ve Dünya Bankası Bahar toplantıları kapsamında geldiği ABD'de, New York temaslarını tamamladı. ABD'DE YATIRIM ZİRVESİ Türkiye-ABD İş Konseyi ve Citi Group tarafından düzenlenen geniş katılımlı yatırımcı toplantısına katılan Şimşek, ağırlıklı olarak portföy yatırımcılarından oluşan bir grupla buluştu. ÜST DÜZEY TEMSİLCİLER Yatırımcıların büyük ilgi gösterdiği toplantıya, toplam varlık büyüklüğü 4 trilyon doları aşan 25'ten fazla farklı kuruluştan üst düzey temsilciler katıldı. Şimşek, dünyanın önde gelen üç büyük kredi derecelendirme kuruluşunun üst düzey yöneticileriyle de ayrı ayrı değerlendirme toplantıları gerçekleştirdi. Citi Group Yönetim Kurulu Başkanı John Dugan ile de görüşen Şimşek'in New York temaslarına Merkez Bankası Başkanı Fatih Karahan da eşlik etti. YOĞUN DİPLOMASİ Şimşek, New York'un ardından ABD temaslarına bugün Washington'da devam edecek.",
    "url": "https://www.ahaber.com.tr/gundem/2025/04/22/bakan-simsek-abdde-yatirimcilarla-bulustu",
    "source": "ahaber",
    "genre": "gundem",
    "article_date": "2025-04-22T12:17:22.304905",
    "request_date": "2025-04-22T12:17:22.304905",
    "is_empty": false
}