{
    "title": "New York'ta '4 trilyon dolarlık' temaslar: Bakan Şimşek ve TCMB Başkanı Karahan yatırımcılarla buluştu",
    "content": "Hazine ve Maliye BakanıMehmet Şimşek,G20,IMFveDünya Bankası Bahar Toplantılarıkapsamında geldiği ABD'de New York’taki temaslarını tamamladı.Türkiye-ABD İş KonseyiveCiti Groupiş birliğiyle düzenlenen yatırımcı toplantısında Şimşek, portföy yatırımcılarının yoğun ilgisiyle karşılandı. New York’ta gerçekleştirilen toplantıya,toplam varlık büyüklüğü4 trilyon doları aşan 25'ten fazla farklı kuruluştan üst düzey temsilciler katıldı. Toplantının merkezinde Türkiye ekonomisindeki gelişmeler, orta vadeli programın hedefleri ve yapısal reform süreci yer aldı. Bakan Şimşek, toplantıda yaptığı değerlendirmelerde Türkiye'nin makroekonomik istikrarı sağlama ve yatırım ortamını iyileştirme yönündeki politikalarını aktardı. Yatırımcılarla yaptığı birebir görüşmelerde, Türkiye’ye duyulan güvenin güçlendirilmesinin önemine değindi. Şimşek, ayrıca dünyanın önde gelen üç büyük kredi derecelendirme kuruluşunun üst düzey yöneticileriyle de ayrı ayrı toplantılar yaptı. Bu görüşmelerde, Türkiye'nin kredi notu ve görünümüne ilişkin son gelişmeler masaya yatırıldı. Citi GroupYönetim Kurulu BaşkanıJohn Duganile de özel bir görüşme gerçekleştiren Şimşek'e temaslarındaTürkiye Cumhuriyet Merkez BankasıBaşkanıFatih Karahanda eşlik etti. New York ziyaretini tamamlayan Şimşek’in, ABD temaslarına bugün Washington’da devam edeceği açıklandı.",
    "url": "https://www.dunya.com/ekonomi/new-yorkta-4-trilyon-dolarlik-temaslar-bakan-simsek-ve-tcmb-baskani-karahan-yatirimcilarla-bulustu-haberi-773136",
    "source": "dunya",
    "genre": "ekonomi",
    "article_date": "2025-04-22T12:18:26.252369",
    "request_date": "2025-04-22T12:18:26.252369",
    "is_empty": false
}