{
    "title": "Bakan Şimşek, New York'ta 25'ten fazla kuruluşla bir araya geldi",
    "content": "Hazine ve Maliye Bakanı Mehmet Şimşek'in yer aldığı yatırımcı toplantısına, toplam varlık büyüklüğü 4 trilyon doları aşan 25'ten fazla kuruluştan üst düzey temsilciler katıldı. VARLIK BÜYÜKLÜĞÜ 4 TRİLYON DOLAR Şimşek, G20, IMF ve Dünya Bankası Bahar toplantıları kapsamında geldiği ABD'de, New York temaslarını tamamladı. Türkiye-ABD İş Konseyi ve Citi Group tarafından düzenlenen geniş katılımlı yatırımcı toplantısına katılan Şimşek, ağırlıklı olarak portföy yatırımcılarından oluşan bir grupla buluştu. Yatırımcıların büyük ilgi gösterdiği toplantıya, toplam varlık büyüklüğü 4 trilyon doları aşan 25'ten fazla farklı kuruluştan üst düzey temsilciler katıldı. KARAHAN DA EŞLİK ETTİ Şimşek, dünyanın önde gelen üç büyük kredi derecelendirme kuruluşunun üst düzey yöneticileriyle de ayrı ayrı değerlendirme toplantıları gerçekleştirdi. Citi Group Yönetim Kurulu Başkanı John Dugan ile de görüşen Şimşek'in New York temaslarına Merkez Bankası Başkanı Fatih Karahan da eşlik etti. Şimşek, New York'un ardından ABD temaslarına bugün Washington'da devam edecek.",
    "url": "https://www.sabah.com.tr/ekonomi/bakan-simsek-new-yorkta-25ten-fazla-kurulusla-bir-araya-geldi-7338970",
    "source": "sabah",
    "genre": "ekonomi",
    "article_date": "2025-04-22T12:17:48.216077",
    "request_date": "2025-04-22T12:17:48.216077",
    "is_empty": false
}