{
    "title": "Hazine ve Maliye Bakanı Şimşek, New York'ta yatırımcılarla buluştu",
    "content": "Hazine ve Maliye BakanıMehmet Şimşek, New York'ta gerçekleştirilen yatırımcı toplantısında toplam varlık büyüklüğü 4 trilyon doları aşan 25'ten fazla farklı kuruluşun temsilcisiyle bir araya geldi. Şimşek, G20, IMF ve Dünya Bankası Bahar toplantıları kapsamında geldiği ABD'de, New York temaslarını tamamladı. Türkiye-ABD İş Konseyi ve Citi Group tarafından düzenlenen geniş katılımlı yatırımcı toplantısına katılan Şimşek, ağırlıklı olarak portföy yatırımcılarından oluşan bir grupla buluştu. Yatırımcıların büyük ilgi gösterdiği toplantıya, toplam varlık büyüklüğü 4 trilyon doları aşan 25’ten fazla farklı kuruluştan üst düzey temsilciler katıldı. Şimşek, dünyanın önde gelen üç büyük kredi derecelendirme kuruluşunun üst düzey yöneticileriyle de ayrı ayrı değerlendirme toplantıları gerçekleştirdi. Citi Group Yönetim Kurulu Başkanı John Dugan ile de görüşen Şimşek'in New York temaslarına Merkez Bankası Başkanı Fatih Karahan da eşlik etti. Şimşek, New York'un ardından ABD temaslarına bugün Washington'da devam edecek. (AA)   ",
    "url": "https://t24.com.tr/haber/hazine-ve-maliye-bakani-simsek-new-york-ta-yatirimcilarla-bulustu,1234301",
    "source": "t24",
    "genre": "haber",
    "article_date": "2025-04-22T12:18:36.771961",
    "request_date": "2025-04-22T12:18:36.771961",
    "is_empty": false
}