{
    "title": "Bakan Şimşek, ABD'de yatırımcılarla buluştu! Büyük ilgi gösterildi",
    "content": "Hazine ve Maliye Bakanı Mehmet Şimşek, G20, IMF ve Dünya Bankası Bahar toplantıları kapsamında geldiği ABD'de temaslarını tamamladı. Türkiye-ABD İş Konseyi ve Citi Group tarafından düzenlenen geniş katılımlı yatırımcı toplantısına katılanŞimşek, ağırlıklı olarak portföy yatırımcılarından oluşan bir grupla buluştu. Yatırımcıların büyük ilgi gösterdiği toplantıya, toplam varlık büyüklüğü 4 trilyon doları aşan 25’ten fazla farklı kuruluştan üst düzey temsilciler katıldı. Şimşek, dünyanın önde gelen üç büyük kredi derecelendirme kuruluşunun üst düzey yöneticileriyle de ayrı ayrı değerlendirme toplantıları gerçekleştirdi. İlgili HaberDolardaki yükseliş ekonomiyi nasıl etkileyecek? Bakan Şimşek'ten kritik açıklama Citi Group Yönetim Kurulu Başkanı John Dugan ile de görüşen Şimşek'in New York temaslarına Merkez Bankası Başkanı Fatih Karahan da eşlik etti. Şimşek, New York'un ardından ABD temaslarına bugün Washington'da devam edecek.",
    "url": "https://www.turkiyegazetesi.com.tr/ekonomi/bakan-simsek-abdde-yatirimcilarla-bulustu-buyuk-ilgi-gosterildi-1110436",
    "source": "turkiye_gazetesi",
    "genre": "ekonomi",
    "article_date": "2025-04-22T12:18:21.795162",
    "request_date": "2025-04-22T12:18:21.795162",
    "is_empty": false
}