{
    "title": "Pil ve mıknatıs yutan çocuğun bağırsakları yandı",
    "content": "İstanbul'da Selen ve Kürşat Macit çifti, 2 yaşındaki çocukları Mete'yi karın ağrısı şikayetiyle bir devlet hastanesine götürdü.İddiaya göre, doktorlar filmler çekilmesine rağmen herhangi bir bulguya rastlamayıp gaz denilerek Mete'yi taburcu etti. Ancak Mete'nin ağrıları dinmedi ve ağzından köpükler çıkmaya başladı. BU KEZ DE APANDİSİT TEŞHİSİBüyük korku yaşayan aile, Mete'yi hastaneye geri götürdü. Doktorlar Mete'ye bu kez de apandisit teşhisi koydu. BU KEZ DE APANDİSİT TEŞHİSİ Büyük korku yaşayan aile, Mete'yi hastaneye geri götürdü. Doktorlar Mete'ye bu kez de apandisit teşhisi koydu. Bunun üzerine aile, oğullarını Çam ve Sakura Şehir Hastanesi'ne götürdü.Doktor, 2 yaşındaki çocuğun bağırsaklarında bir pil ve üç mıknatıs olduğunu söyledi.Operasyonla cisimler çıkarıldı ancak Mete'nin sağlığına kavuşmasına yetmedi. Pilin asidinden dolayı bağırsaklarının yandığını söyleyen aile, hastane hakkında suç duyurusunda bulunacağını dile getirdi. Bunun üzerine aile, oğullarını Çam ve Sakura Şehir Hastanesi'ne götürdü. Doktor, 2 yaşındaki çocuğun bağırsaklarında bir pil ve üç mıknatıs olduğunu söyledi. Operasyonla cisimler çıkarıldı ancak Mete'nin sağlığına kavuşmasına yetmedi. Pilin asidinden dolayı bağırsaklarının yandığını söyleyen aile, hastane hakkında suç duyurusunda bulunacağını dile getirdi.",
    "url": "https://www.ntv.com.tr/turkiye/pil-ve-miknatis-yutan-cocugun-bagirsaklari-yandi,tmv2l0wAvU6jqzpF1raQZA",
    "source": "ntv",
    "genre": "turkiye",
    "article_date": "2025-04-22T12:17:12.592282",
    "request_date": "2025-04-22T12:17:12.592282",
    "is_empty": false
}