{
    "title": "2 yaşındaki çocuğun yuttukları hayrete düşürdü! Bağırsakları yandı",
    "content": "Korkunç olay İstanbul’da meydana geldi. Selen ve Kürşat Macit’in 2 yaşındaki oğulları Mete, şiddetli karın ağrısı şikayetiyle bir hastaneye götürüldü.  Elde edilen bilgilere göre, küçük çocuk, gerekli tetkiklerin yapılmasının ardından ''Bir bulguya rastlanılmadı'' denilerek ve ağrının gaz sancısı olduğu söylenerek taburcu edildi. NTV’nin haberine göre, taburcu olan Mete’nin ağrıları dinmedi ve ağzından köpükler gelmeye başladı. Bunun üzerine oldukça telaşlanan ailesi, çocuğu yeniden hastaneye götürdü. Doktorlar bu kez de apandisit teşhisi koydu. Aile, bu teşhisin üzerine oğullarını başka bir hastaneye götürdü. Burada,talihsiz çocuğun bağırsaklarında bir pil ve üç mıknatıs tespit edildi.  Yapılan operasyonla cisimler çıkarıldı. Ancak pilin asidinden dolayı 2 yaşındaki çocuklarının bağırsaklarının yandığını söyleyen aile, gittikleri ilk hastane hakkında suç duyurusunda bulunacağını dile getirdi. İlgili HaberElma bahçesinde acı ölüm! Yaşlı adam feci şekilde can verdi",
    "url": "https://www.turkiyegazetesi.com.tr/gundem/2-yasindaki-cocugun-yuttuklari-hayrete-dusurdu-bagirsaklari-yandi-faciayi-yasadi-1110476",
    "source": "turkiye_gazetesi",
    "genre": "gundem",
    "article_date": "2025-04-22T12:18:20.751396",
    "request_date": "2025-04-22T12:18:20.751396",
    "is_empty": false
}