{
    "title": "Kömür madeninde acı ölüm",
    "content": "Gökçesu beldesinde faaliyet gösteren bir özel maden ocağında çalışan Asim Karaöz (62), madenden çıktığı esnada bindiği vagonun devrilmesiyle altında kaldı.İş arkadaşlarınca vagonun altından çıkarılan Karaöz, sağlık görevlilerinin müdahalesinin ardından Mengen Dr. Mustafa Körpeoğlu İlçe Devlet Hastanesi'ne kaldırıldı.Ağır yaralanan işçi, hastanedeki müdahaleye rağmen kurtarılamadı.Karaöz'ün cenazesinin, memleketi Karabük'te toprağa verileceği öğrenildi.",
    "url": "https://www.ntv.com.tr/turkiye/komur-madeninde-aci-olum,Wjub5CCAR0K_QeYO-oZgIQ",
    "source": "ntv",
    "genre": "turkiye",
    "article_date": "2025-04-22T12:17:11.339249",
    "request_date": "2025-04-22T12:17:11.339249",
    "is_empty": false
}