{
    "title": "Vagonun altında kalan maden işçisi hayatını kaybetti",
    "content": "Bolu'nun Mengen İlçesine bağlı Gökçesu beldesinde bulunan kömür ocağında çalışan 62 yaşındaki Asim Karaöz, madende devrilen vagonların altında sıkışarak ağır yaralandı.Karaöz’ün durumunu gören mesai arkadaşları durumu 112 Acil Çağrı Merkezine bildirdi.HAYATINI KAYBETTİİhbar üzerine bölgeye sağlık ve polis ekipleri sevk edilirken, Asim Karaöz ağır yaralı olarak ambulansla Mengen İlçe Devlet Hastanesine kaldırıldı.Karaöz, hastanede yapılan tüm müdahalelere rağmen kurtarılamayarak hayatını kaybetti.İNCELEME BAŞLATILDIÖte yandan olayla ilgili inceleme başlattı. Bolu'nun Mengen İlçesine bağlı Gökçesu beldesinde bulunan kömür ocağında çalışan 62 yaşındaki Asim Karaöz, madende devrilen vagonların altında sıkışarak ağır yaralandı. Karaöz’ün durumunu gören mesai arkadaşları durumu 112 Acil Çağrı Merkezine bildirdi. HAYATINI KAYBETTİ İhbar üzerine bölgeye sağlık ve polis ekipleri sevk edilirken, Asim Karaöz ağır yaralı olarak ambulansla Mengen İlçe Devlet Hastanesine kaldırıldı. Karaöz, hastanede yapılan tüm müdahalelere rağmen kurtarılamayarak hayatını kaybetti. İNCELEME BAŞLATILDI Öte yandan olayla ilgili inceleme başlattı.",
    "url": "https://www.ntv.com.tr/turkiye/vagonun-altinda-kalan-maden-iscisi-hayatini-kaybetti,-PMIqV13lEuzsGx4lxhCzA",
    "source": "ntv",
    "genre": "turkiye",
    "article_date": "2025-04-22T12:17:11.123227",
    "request_date": "2025-04-22T12:17:11.123227",
    "is_empty": false
}