{
    "title": "DMM: Hava Harp Okulu'nun taşınmasına yönelik alınmış bir karar bulunmamaktadır",
    "content": "İletişim Başkanlığı Dezenformasyonla Mücadele Merkeze (DMM), Hava Harp Okulu'nun taşınmasına yönelik alınmış bir karar bulunmadığını bildirdi. DMM'den yapılan açıklamada şu bilgiler verildi. \"Bazı basın yayın organlarında yer alan, “Hava Harp Okulu'nun İzmir'e taşınması için çalışma başlatıldığı, arazinin ranta açılacağı ve elde edilecek gelirin F-16 alımında kullanılacağı” iddiası doğru değildir. Hava Harp Okulu'nun taşınmasına yönelik alınmış bir karar bulunmamaktadır. Hava Kuvvetleri Komutanlığı tarafından olası bir İstanbul depremine yönelik risklerin azaltılması ve muhtemel afet sonrası eğitim faaliyetlerinin kesintisiz sürdürülebilmesi amacıyla, Hava Harp Okulu Yerleşkesi için alternatif bir konum belirlenmesine yönelik fizibilite çalışması talep edilmiştir. Söz konusu teknik değerlendirme yazısı, bağlamından koparılarak kamuoyuna servis edilmiştir. Bununla birlikte Hava Harp Okulu Yerleşkesinde deprem riski de göz önüne alınarak başlatılan güçlendirme ve iskan amaçlı kapasite artırım çalışmalarının birinci etabı tamamlanmış, ikinci etap çalışmaları devam etmektedir.\"",
    "url": "https://www.dunya.com/gundem/dmm-hava-harp-okulunun-tasinmasina-yonelik-alinmis-bir-karar-bulunmamaktadir-haberi-773176",
    "source": "dunya",
    "genre": "gundem",
    "article_date": "2025-04-22T12:18:26.894795",
    "request_date": "2025-04-22T12:18:26.894795",
    "is_empty": false
}