{
    "title": "\"Hava Harp Okulu taşınacak\" iddiasına yalanlama! Gerçek başka çıktı",
    "content": "Dezenformasyonla Mücadele Merkezi, bazı basın yayın organlarında yer alan, “Hava Harp Okulu'nun İzmir'e taşınması için çalışma başlatıldığı, arazinin ranta açılacağı ve elde edilecek gelirin F-16 alımında kullanılacağı” iddiasının doğru olmadığını duyurdu. İlgili Haberİlk kez görüntülendi! \"Ver villayı, al ruhsatı\" tarifesi adım adım böyle işlemiş Söz konusu açıklamada şu ifadeler yer aldı: \"Hava Harp Okulu'nun taşınmasına yönelik alınmış bir karar bulunmamaktadır.Hava Kuvvetleri Komutanlığı tarafından olası bir İstanbul depremine yönelik risklerin azaltılması ve muhtemel afet sonrası eğitim faaliyetlerinin kesintisiz sürdürülebilmesi amacıyla, Hava Harp Okulu Yerleşkesi için alternatif bir konum belirlenmesine yönelik fizibilite çalışması talep edilmiştir.  Söz konusu teknik değerlendirme yazısı, bağlamından koparılarak kamuoyuna servis edilmiştir. Bununla birlikte Hava Harp Okulu Yerleşkesinde deprem riski de göz önüne alınarak başlatılan güçlendirme ve iskan amaçlı kapasite artırım çalışmalarının birinci etabı tamamlanmış, ikinci etap çalışmaları devam etmektedir. Kamuoyunu manipüle etmeye yönelik asılsız iddialara itibar etmeyiniz.\" ",
    "url": "https://www.turkiyegazetesi.com.tr/gundem/hava-harp-okulu-tasinacak-iddiasina-yalanlama-gercek-baska-cikti-1110483",
    "source": "turkiye_gazetesi",
    "genre": "gundem",
    "article_date": "2025-04-22T12:18:21.379256",
    "request_date": "2025-04-22T12:18:21.379256",
    "is_empty": false
}