{
    "title": "VATİKAN'DA BİR DEVRİN SONU! Papa Francis kimdir?",
    "content": "Katolik Kilisesi'nin değişimini başlattı. Devrim niteliğinde yenilikler yaptı. Tarihte ilk kez ikili papa dönemini yaşadı. Yakın tarihin en yaşlı papasıydı. Papa Francis yaşamını yitirdi. 12 YIL GÖREVDE KALAN PAPA FRANCİS KİMDİR? 17 Aralık 1936'da doğan Papa Francis, yakın tarihin en yaşlı papası olarak seçildi. Arjantinli din adamı, Güney Amerika'dan papa seçilen ilk isim oldu. KATOLİK KİLİSESİ'NDE BAŞLATTIĞI DEĞİŞİMLE BİLİNİYOR 13 Mart 2013'te Katolik Kilisesi'nin başına geçen Papa Francis, Papa 16. Benedict'in istifasının ardından göreve gelmişti.Ancak bu sırada Benedict hayattaydı, bu nedenle Vatikan yüzyıllar sonra ilk kez iki papa görmüştü. Papa olduğundan beri kiliseyi daha kapsayıcı hale getirmeyi amaçlayan Papa Francis, muhafazakârların tepkisini çekse de çalışmalarına devam etti. Kapsayıcılık çalışmaları kapsamında ABD'nin ardından Küba'ya gitmesi dikkati çekmişti.ABD'deki gezisi kapsamında Papa, kıyafetleri giydirilmiş bir bebeği öpmek için aracını durdurması da unutulmayan anlardandı. GÖÇMENLERE DESTEK ÇIKTI, İKLİM KRİZİNE DİKKAT ÇEKTİ 2016'da ise göçmenlere yönelik olumlu uygulamaları desteklemesi ve duvarlar inşa edilmesine tepki göstermesi de büyük yankı yarattı.  Francis, defalarca kez Gazze için de dualar etti ve tarafları ateşkese çağırdı. Papa'nın yaptığı yeniliklerden biri ise daha önce hiçbir Papa'nın konuşmadığı iklim krizinden bahsetmek oldu. PAPA FRANCIS'İN UNUTULMAZ ANLARI Papa Francis kapsayıcılığıyla bilinse de kimi zaman öfkesine hakim olamamasıyla da hatırlanacak. Roma'da Noel arifesinde bir kadın elini öpmek için çektiği anda onun eline vurması tepki çekmişti. Meksika'da ise bir kişinin elini öpmek istemesine tepki göstererek \"Bencil olma\" demişti.",
    "url": "https://www.cnnturk.com/dunya/vatikanda-bir-devrin-sonu-papa-francis-kimdir-2273488",
    "source": "cnnturk",
    "genre": "dunya",
    "article_date": "2025-04-22T12:17:37.178768",
    "request_date": "2025-04-22T12:17:37.178768",
    "is_empty": false
}