{
    "title": "Papa'nın odaları mühürlendi",
    "content": "PapaFranciscus'un 88 yaşında dün sabah yaşamını yitirmesinin ardındanVatikan'da papalar öldüğünde kilise hukukunda öngörülen süreç de başlatıldı. Vatikan'ın resmi yayın organı Vatican News'un haberine göre, dün akşam 20.00 sularında ölüm ilanının yüksek sesle okunması ve cenazenin tabuta konulması safhaları gerçekleştirildi. Bu işlemin ardından Vatikan'da papa öldüğünde ya da istifa ettiğinde bir sonraki papa seçilene dek geçiş sürecini yöneten \"Kamerlengo\" (Papalık Makam Vekili) Kardinal unvanına sahip Kardinal Kevin Farrell, Vatikan Devlet Sekreteri (Başbakan) Kardinal Pietro Parolin ve Başpiskopos Edgar Pena Parra ile beraber, Papa Franciscus'un konutu ve Papalık Sarayı'nda şahsi kullanımındaki odaları kapatıp, mühürledi. Kamerlengo Kardinal Farrell'in gözetiminde, ayrıca papalık mührü olan \"balıkçı yüzüğü\" imha edildi ve kilise hukuku uyarınca \"Sede Vacante\" yani Latince \"makamın boş olduğu\" ilan edildi. Vatikan resmi internet sitesi de durumunu \"Sede Vacante\" olarak güncelledi. Bu arada, Kardinaller Kongregasyonunun (Bakanlık), Papa Franciscus'un ölümünün ardından ilk toplantısını bu sabah yapacağı, bu toplantıda Papa Franciscus'un cenaze töreni için tarih belirlenebileceği belirtildi. - Papa Franciscus, bir süredir sağlık sorunlarıyla mücadele ediyordu Şubat ayında geçirdiği şiddetli bronşit nedeniyle 14 Şubat'ta Roma'daki Gemelli Hastanesine kaldırılan, burada çift taraflı zatürre teşhisiyle 38 gün boyunca tedavi gören Papa Franciscus, 23 Mart'ta taburcu edilmişti. Papa'nın taburcu edildikten sonra 2 aylık nekahet döneminde kalması gerektiği belirtilmişti. Papa Franciscus'un doktorlarından Prof. Sergio Alfieri, 25 Mart'ta Corriere della Sera gazetesine verdiği demeçte, Papa'nın hastanede yattığı dönemde 2 kez ölümden döndüğünü açıklamıştı. Kardinal Joseph Farrell, 21 Nisan sabahı yaptığı açıklamada, Papa Franciscus'un yerel saatle 07.35'te yaşamını yitirdiğini duyurmuştu. Vatikan, dün akşam Papa Franciscus'un ölüm nedeninin inme geçirme, komaya girme ve geri döndürülemez kalp yetmezliği olduğunu bildirmişti. ",
    "url": "https://www.cnnturk.com/dunya/papanin-odalari-muhurlendi-2273457",
    "source": "cnnturk",
    "genre": "dunya",
    "article_date": "2025-04-22T12:17:38.291543",
    "request_date": "2025-04-22T12:17:38.291543",
    "is_empty": false
}