{
    "title": "Katoliklerin ruhani lideri Papa Francis kimdir? Nereli, hayatı ve eğitimi...",
    "content": "Vatikan, Katoliklerin ruhani lideri veVatikan Devlet Başkanı Papa Francis'in bu sabah yerel saatle 07.35'te hayatını kaybettiğini duyurdu. Vefat haberinin ardından, sosyal medyada ve arama motorlarında \"Papa Francis kimdir?\", \"nereli, kaç yaşındaydı?\" gibi sorular yoğun şekilde aratılmaya başlandı. Katolik Kilisesi'nin ruhani lideri ve Vatikan Devlet Başkanı olan Papa Francis, 13 Mart 2013’te 266. papa olarak seçildi. Asıl adı Jorge Mario Bergoglio olan Francis, bu göreve seçilen ilk Latin Amerikalı ve Güney Yarımküreli papa olma özelliğini taşıyor. Papa seçildiği dünyaya, Vatikan’daki Sistina Şapeli’nin bacasından yükselen beyaz dumanla duyurulmuştu. 17 Aralık 1936’da Arjantin’in başkenti Buenos Aires’te doğan Bergoglio’nun babası İtalya’dan Arjantin’e göç etmişti. Ailesi İtalyan kökenli olan Bergoglio'nun beş kardeşi bulunuyor. Babası Arjantin Demiryolları’nda çalışmıştı. Francis, İspanyolca ve İtalyanca'nın yanı sıra Almanca’yı akıcı konuşabiliyordu. Ayrıca İngilizce, Fransızca ve Portekizce bilgisine sahipti. Üniversite yıllarında Latince ve Eski Yunanca da öğrenmişti. Papa’nın Arjantin ve İtalya vatandaşlığının yanı sıra, Vatikan vatandaşlığı da bulunuyordu. Kimya eğitimi alan Bergoglio, 1958 yılında Cizvit Tarikatı’na katıldı. Şili ve Arjantin’de felsefe ve ilahiyat eğitimi aldıktan sonra 1969’da papaz oldu. San Miguel’deki Katolik eğitim kurumlarında uzun yıllar akademik görevlerde bulundu, rektörlük yaptı. İspanya ve Almanya’da da çeşitli araştırmalarda bulundu. 1992 yılında Papa II. Ioannes Paulus tarafından Buenos Aires’e yardımcı piskopos olarak atandı. Yıllar içinde piskoposluk ve başpiskoposluk görevlerini yürüten Bergoglio, 2001 yılında kardinal olarak atandı. 2005 yılındaki Konklav'da da papa adayları arasında adı geçmiş ancak adaylıktan çekilmişti. 2013 yılında gerçekleştirilen konklavda, beşinci tur oylamada üçte iki çoğunluğu sağlayarak Katolik dünyasının yeni lideri seçildi. Papa olarak “Franciscus” (Francis) adını aldı. Bu ismi, Assisili Aziz Francesco’ya olan hayranlığından dolayı tercih ettiğini açıkladı. Vatikan’a göre, bir gün aynı ismi taşıyan bir başka papa seçilirse, “Francis I.” ifadesi kullanılacak.",
    "url": "https://www.dunya.com/gundem/katoliklerin-ruhani-lideri-papa-francis-kimdir-nereli-hayati-ve-egitimi-haberi-773037",
    "source": "dunya",
    "genre": "gundem",
    "article_date": "2025-04-22T12:18:27.289440",
    "request_date": "2025-04-22T12:18:27.289440",
    "is_empty": false
}