{
    "title": "Vatikan, Papa’nın vasiyetini açıkladı",
    "content": "22.04.2025 - 10:30 |                                 Son Güncellenme:22.04.2025 - 10:37 DHA Vatikan, dün 88 yaşında hayatını kaybedenPapaFranciscus'un ölüm nedenini ve vasiyetini açıkladı. Vatikan Şehir Devleti Sağlık ve Hijyen Birimi Direktörü Prof. Andrea Arcangeli imzasıyla yayımlanan ölüm raporuna göre, Papa dün sabah yerel saatle 07.35'te Vatikan'daki Santa Marta Konukevi'ndeki dairesinde vefat etti. Papa Franciscus'un ölüm nedeninininmegeçirme, komaya girme ve geri döndürülemezkalp yetmezliğiolduğu belirtildi. Papa'nın, daha önce geçirdiği akut solunum yetmezliği, polimikrobik çift taraflı zatürre, yüksek tansiyon ve diyabet gibi rahatsızlıklarının da söz konusu duruma eşlik ettiği kaydedildi. VASİYETİ PAYLAŞILDI Vatikan'dan yapılan bir diğer açıklamada ise Papa Franciscus'un vasiyeti paylaşıldı. Papa'nın vasiyetinde, Roma'da her dış seyahati öncesi ve sonrasında gidip özel olarak dua ettiği Azize Büyük Meryem Bazilikası'nda defnedilmek istediği aktarıldı. Papa'nın, mezarının toprakta, sade ve özel bir süsleme bulunmadan üzerinde sadece ‘Franciscus’ yazacak şekilde olmasını istediği ifade edildi. CENAZE TÖRENİ NE ZAMAN OLACAK?Kilise kurallarına göre Papa Franciscus'uncenazetöreninin, ölümünden sonra 4. gün ile 6. gün arasında olması gerekiyor.Bu durumda Papa Franciscus için cenaze töreninin 25 Nisan Cuma ile 27 Nisan Pazar günlerinden birinde olması bekleniyor.Yine Kilise normlarına göre Papa Franciscus'un ölümünden sonraki 15 ila 20. günde, bu durumda 6-10 Mayıs tarihlerinde Kardinaller Meclisi'nin yeni Papa'yı seçmek üzere ilk oturumunu yapması öngörülüyor.İLGİNİZİ ÇEKEBİLİRPutin geçici ateşkes açıklaması: Geleceğe doğru bakmaya hazırızHaberi GörüntüleİLGİNİZİ ÇEKEBİLİRLunapark faciası! Emniyet kemeri açıldı, metrelerce yükseklikten yere çakıldıHaberi Görüntüle CENAZE TÖRENİ NE ZAMAN OLACAK? Kilise kurallarına göre Papa Franciscus'uncenazetöreninin, ölümünden sonra 4. gün ile 6. gün arasında olması gerekiyor. Bu durumda Papa Franciscus için cenaze töreninin 25 Nisan Cuma ile 27 Nisan Pazar günlerinden birinde olması bekleniyor. Yine Kilise normlarına göre Papa Franciscus'un ölümünden sonraki 15 ila 20. günde, bu durumda 6-10 Mayıs tarihlerinde Kardinaller Meclisi'nin yeni Papa'yı seçmek üzere ilk oturumunu yapması öngörülüyor.  Cadde| 22.04.2025 - 07:10 Son dönemin en popüler isimlerimden biri olan ünlü oyuncu Afra Saraçoğlu imaj değişikliğine gitti. Yeni saçlarını Instagram hesabından paylaşan Afra Saraçoğlu binlerce beğeni aldı. Türkiye'den ve Dünya’dan son dakika haberler, köşe yazıları, magazinden siyasete, spordan seyahate bütün konuların tek adresi milliyet.com.tr; Milliyet.com.tr haber içerikleri izin alınmadan, kaynak gösterilerek dahi iktibas edilemez, kanuna aykırı ve izinsiz olarak kopyalanamaz, başka yerde yayınlanamaz.",
    "url": "https://www.milliyet.com.tr/dunya/vatikan-papanin-vasiyetini-acikladi-7355915",
    "source": "milliyet",
    "genre": "dunya",
    "article_date": "2025-04-22T12:16:43.394606",
    "request_date": "2025-04-22T12:16:43.394606",
    "is_empty": false
}