{
    "title": "Papa'nın tabuttaki fotoğrafları yayınlandı",
    "content": "Kardinaller bugün Papa Francis'incenazetörenini planlamak üzere bir araya geldi.88 yaşındaki Papa'nın ölümünün ardından dünyanın gözü bugün Vatikan'da olacak.Vatikan, Papa Francis'in komaya ve geri dönüşü olmayan kalp yetmezliğine yol açan bir beyin felcinin ardından öldüğünü açıklamıştı.Vatikan, Papa'nın tabuttaki ilk görüntülerini yayınladı. Kardinaller bugün Papa Francis'incenazetörenini planlamak üzere bir araya geldi. 88 yaşındaki Papa'nın ölümünün ardından dünyanın gözü bugün Vatikan'da olacak.Vatikan, Papa Francis'in komaya ve geri dönüşü olmayan kalp yetmezliğine yol açan bir beyin felcinin ardından öldüğünü açıklamıştı. Vatikan, Papa'nın tabuttaki ilk görüntülerini yayınladı. CENAZETÖRENİ NE ZAMAN?Kilise kurallarına göre Papa Franciscus'un cenaze töreninin, ölümünden sonra 4'üncü gün ile 6'ıncı gün arasında olması gerekiyor.Bu durumda Papa Franciscus için cenaze töreninin 25 Nisan Cuma ile 27 Nisan Pazar günlerinden birinde olması bekleniyor.Yine Kilise normlarına göre Papa Franciscus'un ölümünden sonraki 15 ila 20. günde, bu durumda 6-10 Mayıs tarihlerinde Kardinaller Meclisi'nin yeni Papa'yı seçmek üzere ilk oturumunu yapması öngörülüyor.İtalyan basınında, tüm seçici kardinallerin Roma'ya erken ulaşmış olması durumunda ise Papalık Seçiminin (Konklav) başlangıcının da öne alınabileceği belirtildi. CENAZETÖRENİ NE ZAMAN? Kilise kurallarına göre Papa Franciscus'un cenaze töreninin, ölümünden sonra 4'üncü gün ile 6'ıncı gün arasında olması gerekiyor.Bu durumda Papa Franciscus için cenaze töreninin 25 Nisan Cuma ile 27 Nisan Pazar günlerinden birinde olması bekleniyor.Yine Kilise normlarına göre Papa Franciscus'un ölümünden sonraki 15 ila 20. günde, bu durumda 6-10 Mayıs tarihlerinde Kardinaller Meclisi'nin yeni Papa'yı seçmek üzere ilk oturumunu yapması öngörülüyor.İtalyan basınında, tüm seçici kardinallerin Roma'ya erken ulaşmış olması durumunda ise Papalık Seçiminin (Konklav) başlangıcının da öne alınabileceği belirtildi.",
    "url": "https://www.ntv.com.tr/dunya/papanin-tabuttakifotograflari-yayinlandi,hi5vKHd5mUW70z8tPSJn7A",
    "source": "ntv",
    "genre": "dunya",
    "article_date": "2025-04-22T12:17:11.534917",
    "request_date": "2025-04-22T12:17:11.534917",
    "is_empty": false
}