{
    "title": "Vatikan, Papa’nın vasiyetini açıkladı",
    "content": "HABERİ PAYLAŞ DHA Vatikan, dün 88 yaşında hayatını kaybedenPapaFranciscus'un ölüm nedenini ve vasiyetini açıkladı. Vatikan Şehir Devleti Sağlık ve Hijyen Birimi Direktörü Prof. Andrea Arcangeli imzasıyla yayımlanan ölüm raporuna göre, Papa dün sabah yerel saatle 07.35'te Vatikan'daki Santa Marta Konukevi'ndeki dairesinde vefat etti. Papa Franciscus'un ölüm nedeninin inme geçirme, komaya girme ve geri döndürülemez kalp yetmezliği olduğu belirtildi. Papa'nın, daha önce geçirdiği akut solunum yetmezliği, polimikrobik çift taraflı zatürre, yüksek tansiyon ve diyabet gibi rahatsızlıklarının da söz konusu duruma eşlik ettiği kaydedildi. VASİYETİ PAYLAŞILDI Vatikan'dan yapılan bir diğer açıklamada ise Papa Franciscus'un vasiyeti paylaşıldı. Papa'nın vasiyetinde, Roma'da her dış seyahati öncesi ve sonrasında gidip özel olarak dua ettiği Azize Büyük Meryem Bazilikası'nda defnedilmek istediği aktarıldı. Papa'nın, mezarının toprakta, sade ve özel bir süsleme bulunmadan üzerinde sadece ‘Franciscus’ yazacak şekilde olmasını istediği ifade edildi. CENAZE TÖRENİ NE ZAMAN OLACAK? Kilise kurallarına göre Papa Franciscus'un cenaze töreninin, ölümünden sonra 4. gün ile 6. gün arasında olması gerekiyor. Bu durumda Papa Franciscus için cenaze töreninin 25 Nisan Cuma ile 27 Nisan Pazar günlerinden birinde olması bekleniyor. Yine Kilise normlarına göre Papa Franciscus'un ölümünden sonraki 15 ila 20. günde, bu durumda 6-10 Mayıs tarihlerinde Kardinaller Meclisi'nin yeni Papa'yı seçmek üzere ilk oturumunu yapması öngörülüyor.",
    "url": "https://www.posta.com.tr/dunya/vatikan-papanin-vasiyetini-acikladi-2853140",
    "source": "posta",
    "genre": "dunya",
    "article_date": "2025-04-22T12:18:05.419715",
    "request_date": "2025-04-22T12:18:05.419715",
    "is_empty": false
}