{
    "title": "İtalyaSerie A'da tüm maçlar ertelendi!",
    "content": "Vatikan, Katolik Kilisesi'nin lideri Papa Franciscus'un 88 yaşında hayatını kaybettiğini açıkladı. Serie A yönetimi, Papa Francis'in vefatı nedeniyle maçların ileri bir tarihe ertelendiğini açıkladı.Serie A'da bu hafta oynanacak kalan maçlar şu şekildeydi: Torino - Udinese Cagliari - Fiorentina Genoa - Lazio Parma - Juventus Roma - Udinese Monza - Sassuolo Sampdoria - Torino",
    "url": "https://www.sabah.com.tr/spor/futbol/2025/04/21/italya-serie-ada-tum-maclar-ertelendi",
    "source": "sabah",
    "genre": "spor",
    "article_date": "2025-04-22T12:17:48.808165",
    "request_date": "2025-04-22T12:17:48.808165",
    "is_empty": false
}