{
    "title": "Papa öldü! Odaları mühürlendi, makamın boş olduğu ilan edildi",
    "content": "Papa Franciscus, dün sabah 88 yaşında hayatını kaybetti. Papa'nın ölümünün ardından Vatikan'da papalar öldüğünde kilise hukukunda öngörülen süreç de başlatılmış oldu. İlgili HaberTrump, Papa'nın cenaze töreni için Roma'ya gidiyor Vatikan'ın resmi yayın organı Vatican News'un haberine göre dün akşam 20.00 sularında ölüm ilanının yüksek sesle okunması ve cenazenin tabuta konulması safhaları gerçekleştirildi.  Bu işlemin ardından Vatikan'da papa öldüğünde ya da istifa ettiğinde bir sonraki papa seçilene dek geçiş sürecini yöneten \"Kamerlengo\" (Papalık Makam Vekili) Kardinal unvanına sahip Kardinal Kevin Farrell, Vatikan Devlet Sekreteri (Başbakan) Kardinal Pietro Parolin ve Başpiskopos Edgar Pena Parra ile beraber, Papa Franciscus'un konutu ve Papalık Sarayı'nda şahsi kullanımındaki odaları kapatıp, mühürledi. İlgili HaberPapa'nın ölüm nedeni belli oldu! Vasiyetindeki detay dikkat çekti Kamerlengo Kardinal Farrell'in gözetiminde, ayrıcapapalık mührü olan \"balıkçı yüzüğü\" imha edildi ve kilise hukuku uyarınca \"Sede Vacante\" yani Latince \"makamın boş olduğu\" ilan edildi.Vatikan resmi internet sitesi de durumunu \"Sede Vacante\" olarak güncelledi. Bu arada, Kardinaller Kongregasyonunun (Bakanlık), Papa Franciscus'un ölümünün ardından ilk toplantısını bu sabah yapacağı, bu toplantıda Papa Franciscus'un cenaze töreni için tarih belirlenebileceği ifade edildi.  Şubat ayında geçirdiği şiddetli bronşit nedeniyle 14 Şubat'ta Roma'daki Gemelli Hastanesine kaldırılan, burada çift taraflı zatürre teşhisiyle 38 gün boyunca tedavi gören Papa Franciscus, 23 Mart'ta taburcu edilmişti. Papa'nın taburcu edildikten sonra 2 aylık nekahet döneminde kalması gerektiği belirtilmişti. Papa Franciscus'un doktorlarından Prof. Sergio Alfieri, 25 Mart'ta Corriere della Sera gazetesine verdiği demeçte, Papa'nın hastanede yattığı dönemde 2 kez ölümden döndüğünü açıklamıştı. Kardinal Joseph Farrell, 21 Nisan sabahı yaptığı açıklamada, Papa Franciscus'un yerel saatle 07.35'te hayatını kaybettiğini duyurmuştu.Vatikan, dün akşam Papa Franciscus'un ölüm nedeninin inme geçirme, komaya girme ve geri döndürülemez kalp yetmezliği olduğunu bildirmişti.",
    "url": "https://www.turkiyegazetesi.com.tr/dunya/papa-oldu-odalari-muhurlendi-makamin-bos-oldugu-ilan-edildi-1110460",
    "source": "turkiye_gazetesi",
    "genre": "dunya",
    "article_date": "2025-04-22T12:18:21.128365",
    "request_date": "2025-04-22T12:18:21.128365",
    "is_empty": false
}