{
    "title": "Vatikan duyurdu! Papa Francis'in cenaze töreni Cumartesi günü yapılacak",
    "content": "88 yaşında hayatını kaybeden Katolik dünyasının ruhani lideri için hazırlanan tören, binlerce kişinin katılımıyla Vatikan’da düzenlenecek. Kardinallerin liderliğinde gerçekleşecek törenin ardındanPapa'nın naaşının Aziz Petrus Bazilikası’na defnedilmesi bekleniyor.  Vatikan yetkilileri, Papa'nın naaşının 23 Nisan Çarşamba sabahı Aziz Petrus Bazilikası’na taşınacağını açıkladı. Francis’in vasiyeti doğrultusunda, naaşı Vatikan Mağaraları yerine, Roma’daki Santa Maria Maggiore Bazilikası’na defnedilecek. Böylece bir asırdan uzun süredir Vatikan dışında gömülen ilk papa olacak. Cenazenin, Papa’nın isteği doğrultusunda sade bir şekilde Aziz Petrus Meydanı’nda düzenlenmesi planlanıyor. Ayine, 91 yaşındakiKardinaller Koleji Dekanı Kardinal Giovanni Battista Re başkanlık edecek. Francis’in vasiyetiyle naaşı, geleneksel üç katmanlı tabut yerine, çinko ile kaplanmış tek bir ahşap tabuta yerleştirildi. Aralarında ABD Başkanı Donald Trump, Fransa Cumhurbaşkanı Emmanuel Macron, Ukrayna Devlet Başkanı Volodimir Zelenskiy, İspanya Başbakanı Pedro Sanchez ve çok sayıda devlet liderinin bulunduğu isimler, Cumartesi günü Aziz Petrus Meydanı’nda yapılacak tören için Roma’ya gidiyor. Vatikan’ın yaptığı resmi açıklamaya göre, cenaze töreni 27 Nisan Cumartesi günü saat 10.00’da (TSİ 11.00) gerçekleştirilecek. Törene onlarca ülkenin liderleri, dini temsilciler ve binlerce kişi katılacak. Papa Francis’in misyonunu takdir eden çok sayıda lider, törende hazır bulunarak Katolik dünyasına taziye mesajı verecek. ABD Başkanı Donald Trump, Papa'nın ölümünü duyduğu andan itibaren Vatikan’a taziye mesajları göndermişti. Trump, eşi Melania Trump ile birlikte törene katılacağını daha önce duyurmuş ve \"Onu tanımak bir ayrıcalıktı\" demişti. Papa Francis’in liderliği boyunca diyalog, yoksullukla mücadele ve barış mesajlarına destek veren Emmanuel Macron, Pedro Sanchez, Zelenskiy, Almanya Cumhurbaşkanı Frank-Walter Steinmeier, Polonya Cumhurbaşkanı Andrzej Duda ve Arjantin Cumhurbaşkanı Javier Milei gibi isimlerin de törende yer alması bekleniyor.",
    "url": "https://www.turkiyegazetesi.com.tr/dunya/papa-francisin-cenaze-toreni-cumartesi-gunu-yapilacak-1110486",
    "source": "turkiye_gazetesi",
    "genre": "dunya",
    "article_date": "2025-04-22T12:18:21.398056",
    "request_date": "2025-04-22T12:18:21.398056",
    "is_empty": false
}