{
    "title": "Fenerbahçe Beko - Paris Basketbol maçı saat kaçta, hangi kanalda? Basketbolda Dörtlü Final mücadelesi!",
    "content": "Fenerbahçe Beko,THY Avrupa Ligiplay-off'undaParis Basketbol'u sahasında konuk edecek. Normal sezonu ikinci sırada tamamlayan sarı-lacivertli takım, saha avantajını elinde bulunduruyor. Ligde normal sezonu 8. sırada tamamlayan Paris Basketbol, play-in aşamasında Real Madrid'e üstünlük sağlayarak play-off biletini almayı başarmıştı. Bu seride, 3 galibiyete ulaşan ekip adını Dörtlü Final'e yazdıracak. FENERBAHÇE BEKO-PARİS BASKETBOL MAÇI SAAT KAÇTA, HANGİ KANALDA? Fenerbahçe Beko - Paris Basketbol maçı,22 Nisan Salıgünü yapılacak. ÜlkerSporve Etkinlik Salonu'nda oynanacak müsabaka20.45'tebaşlayacak. Müsabaka,S Sport'tan canlı olarak yayınlanacak. İki ekibin normal sezonda oynadığı iki maçı da Fenerbahçe Beko kazandı. Sezonun ilk yarısında Fransa'da oynanan müsabakadan 87-83'lük galibiyetle ayrılan sarı-lacivertliler, ikinci yarıdaki maçı da Nigel Hayes-Davis'in son saniye 3'lüğüyle 101-100'lük skorla kazandı. Serinin ikinci maçı yine Fenerbahçe Beko'nun ev sahipliğinde 24 Nisan Perşembe günü saat 20.45'te oynanacak. ",
    "url": "https://www.cnnturk.com/spor/basketbol/fenerbahce-beko-paris-basketbol-maci-saat-kacta-hangi-kanalda-basketbolda-dortlu-final-mucadelesi-2273530",
    "source": "cnnturk",
    "genre": "spor",
    "article_date": "2025-04-22T12:17:38.460141",
    "request_date": "2025-04-22T12:17:38.460141",
    "is_empty": false
}