{
  "id": null,
  "articleId": "b219fca0-93ba-4db0-848c-b64b90e200a6",
  "title": "112 Acil Çağrıları: Asılsız Çağrı Cezaları Arttı",
  "content": "",
  "summary": "112'ye gelen çağrıların %28'i asılsız.  Asılsız çağrı cezası artacak.",
  "longerSummary": "2024 yılında 112 Acil Çağrı Merkezlerine gelen çağrıların %28'i asılsızdı; %38'i anons sırasında kesildi ve sadece %34'ü gerçek ihbar olarak değerlendirildi. 2025 yılının başından itibaren asılsız çağrı oranı %30 civarında seyrediyor.  Acil olmayan sebeplerle yapılan çağrılar arasında \"ödevini yapmayan çocuk için polis çağırma isteği\", \"EGO kart bakiye sorgulaması\", \"telefon şifre talebi\", \"otobüs saat sorgulaması\", \"televizyondan alınan balın tadının kötü olması\", \"eve bırakılma isteği\", \"çatıda kalan ayakkabı için itfaiye çağırma\", \"ezan vakti sorgulaması\", \"düdüklü tencere kapağı açma talebi\", \"arkadaşlarla ilgili komplo teorisi\", \"kapı açma talebi\", \"aşk acısı dertleşmesi\", \"sohbet isteği\" ve \"hastane randevusu talebi\" gibi örnekler yer alıyor.\n\n2024 yılında asılsız çağrılar nedeniyle 1.754.161 TL, 2025 yılında ise 655.842 TL idari yaptırım uygulandı. TBMM'ye sunulan bir kanun teklifiyle, 112'yi meşgul edenlere verilen idari para cezası 250 TL'den 1500 TL'ye çıkarılacak.  İhbarın asılsız olduğu olay yerinde tespit edilirse 15.000 TL ceza uygulanacak.\n\nAnkara 112 Acil Çağrı Merkezi Müdürü Funda Darıcı, asılsız çağrıların ekipleri gereksiz yere meşgul ettiğini, gerçek acil durumların müdahalesini geciktirdiğini ve can kayıplarına yol açabileceğini vurguladı.  Örneğin, asılsız bir yangın ihbarı durumunda 7-8 ekibin gereksiz yere sevk edildiğini, bunun da ciddi zaman ve ekonomik kayıplara yol açtığını belirtti.  Darıcı, kanun teklifinin olumlu karşılandığını ve cezaların caydırıcı olacağını ifade etti.",
  "category": "Genel",
  "tags": [],
  "source": [
    "https://www.hurriyet.com.tr/gundem/112-acil-cagri-merkezine-ilginc-telefonlar-gun-arkadaslarim-gelmedi-bana-komplo-kuruyorlar-42773209",
    "https://www.posta.com.tr/gundem/112-acil-cagri-merkezine-ilginc-telefonlar-gun-arkadaslarim-gelmedi-bana-komplo-kuruyorlar-2853156"
  ],
  "location": null,
  "popularityScore": 0,
  "createdAt": null,
  "image": "image.jpg",
  "priority": null
}