{
    "title": "Rusya'dan Google'a 46 bin dolarlık ceza! Askerlerin bilgileri ifşa edildi",
    "content": "Google, Ukrayna’daki savaş sırasında hayatını kaybeden Rus askerlerinin kişisel verilerini ifşa ettiği gerekçesiyle Rusya’da mahkeme kararıyla para cezasına çarptırıldı. Moskova’daki mahkeme,şirketi 3,8 milyon ruble (yaklaşık 46.240 dolar) ceza ödemeye mahkum etti. Devlet haber ajansı TASS’ın aktardığına göre, Rusya Federal İletişim, Bilgi Teknolojileri ve Kitle İletişim Araçları Denetleme Servisi (Roskomnadzor), YouTube'da yayımlanan içeriklerin, öldürülen Rus askerlerinin kimlik ve kişisel bilgilerini yasa dışı şekilde ifşa ettiğini tespit etti. İlgili içerikler, Rus yasaları tarafından yasaklanan bilgiler arasında değerlendirildi. İlgili HaberGoogle'ın AB ile sınavı! Rekabet ihlali iddialarıyla sert uyarı Aynı mahkeme, daha önce de Google’a çeşitli gerekçelerle ceza uygulamıştı. Bunlar arasında, Rus askerlerine teslim olma talimatları içeren videoların yayımlanması ve Rus devlet medya kanallarına YouTube üzerinden erişim kısıtlamaları da bulunuyor. Yerel basında yer alan haberlere göre, Google’ın Rusya’ya olan toplam ceza borcu 2 trilyon rubleyi (yaklaşık 2,4 trilyon dolar) aştı. Gecikmeli ödemeler nedeniyle bu miktarın katlanarak arttığı paylaşıldı. Dünya Bankası verilerine atıfla yapılan değerlendirmelerde, Google’a kesilen toplam para cezalarının, 2023 yılında dünya genelinde kaydedilen toplam GSYH’yi bile aştığı öne sürüldü.",
    "url": "https://www.turkiyegazetesi.com.tr/teknoloji/rusyadan-googlea-46-bin-dolarlik-ceza-askerlerin-bilgileri-ifsa-edildi-1110341",
    "source": "turkiye_gazetesi",
    "genre": "teknoloji",
    "article_date": "2025-04-22T12:18:21.622071",
    "request_date": "2025-04-22T12:18:21.622071",
    "is_empty": false
}