{
    "title": "Hamile kadın evinde ölü bulunmuştu! Katil zanlısı her gün olay yerine dönmüş... Eve geldiği anlar kamerada",
    "content": "Güncelleme Tarihi:Nisan 22, 2025 10:44 Olay, dün İnönü Mahallesi Arnavut Caddesi'nde meydana geldi. Edinilen bilgiye göre, cadde üzerindeki apartmandan kötü kokuların gelmesi üzerine binada yaşayan vatandaşlar, 112 Acil Çağrı Merkezini arayarak ihbarda bulundu. İhbar üzerine apartmana itfaiye ekipleri sevk edildi. İtfaiye ekipleri, yaptıkları çalışma neticesinde eve girdi. Evde, hamile bir kadının cesediyle karşılaşıldı. Bunun üzerine polis ve sağlık ekipleri ile olay yeri inceleme ekipleri evde incelemelerde bulundu. Cesedin, 23 yaşındaki hamile Elif Civil'e ait olduğu tespit edildi. Elif Civil'in, vücuduna aldığı bıçak darbeleriyle öldürüldüğü belirlenirken, cesedin 10 günden fazladır evde olduğu belirtildi. Ekiplerin evde yaptıkları incelemelerin ardından Elif Civil'in cenazesi, Kastamonu Eğitim ve Araştırma Hastanesinin morguna kaldırıldı. KAN DONDURAN DETAYLAR Yaklaşık 8 aylık hamile olduğu kadının kocası B. Civil (29) ise 1,5 yaşındaki çocukları İ. Civil ile birlikte il merkezindeki Nasrullah Meydanı'nda dolaşırken,Kastamonuİl Emniyet Müdürlüğü ekipleri tarafından yakalandı. Cinayet şüphesi ile B. Civil adli makamlarca tutuklanırken, İ. Civil ise polis ekipleri tarafından koruma altına alındı.Sokakta ve binadaki güvenlik kamerası görüntülerini inceleyen polis ekipleri, B. Civil'in ceset bulunmadan önce bebek arabasına bindirdiği çocuğu ile birlikte binadan çıktığı ve yürüyerek uzaklaştığını tespit etti. Öte yandan, B. Civil'in her gün eve girip çıktığı görüldüğü belirtildi.O ANLAR KAMERADA Cesedin bulunduğu gün B. Civil'in 1,5 yaşındaki çocuğu ile birlikte binadan çıkıp uzaklaştığı anlar ise bir iş yerinin güvenlik kamerasına yansıdı. Görüntülerde B. Civil'in bebeği ile birlikte sakin bir şekilde caddede yürüdüğü görülüyor. İNKAR ETTİ Adliye çıkışında bir basın mensubunun \"Eşinizi siz mi öldürdünüz?\" sorusuna B.C, \"Hayır abi, ben yapmadım, çıkacak yakında.\" karşılığını verdi. Zanlının, 1,5 yaşındaki çocuğuyla yaklaşık 10 gün önce bıçaklanarak öldürülen eşinin cesediyle aynı evde kaldığı öğrenildi. \"10 GÜNDÜR KOCASI EVE GELİP GİDİYORMUŞ\" Caddede bulunan esnaflardan Recep Eski, cinayet şüphelisi B. Civil'in 10 gündür sürekli eve gelip daha sonra da ayrıldığını öğrendiklerini belirterek, \"Sabah saatlerinde polis, ambulans, itfaiye ekipleri geldi. Biz de sorduk, '10 gün öncecinayetişlenmiş' dediler. 10 gündür de kocası eve gelip gidiyormuş.Polisekipleri de gelip cesedi evden çıkarttılar. Buradan gelip geçerken aileyi görüyorduk. 1,5 yaşlarında bir çocukları vardı. Kadın da hamileydi.Bugün sabah şahıs tekrar buradan geçmiş. Polis arkadaşlar bizim iş yerimizin güvenlik kamerasını incelediler, orada da gözüküyor. Sabah sakin bir şekilde yürüyerek binadan çıkıyor ve bebek arabasıyla yürüyerek caddeden geçiyor. İkisi çıktılar çarşıya doğru yürüdüler\" dedi. Türkiye gündeminden son dakika haberleri, bugün yaşanan en son gelişmeler, siyaset gündeminden güncel haberler ve bütün son dakika haberleri için Hürriyet'in internet haber sitesi hurriyet.com.tr; Hurriyet.com.tr haber içerikleri kaynak gösterilmeden alıntı yapılamaz, Kanuna aykırı ve izinsiz olarak kopyalanamaz, başka yerde yayınlanamaz.",
    "url": "https://www.hurriyet.com.tr/gundem/hamile-kadin-evinde-olu-bulunmustu-katil-zanlisi-her-gun-olay-yerine-donmus-eve-geldigi-anlar-kamerada-42772995",
    "source": "hurriyet",
    "genre": "gundem",
    "article_date": "2025-04-22T12:16:53.996331",
    "request_date": "2025-04-22T12:16:53.996331",
    "is_empty": false
}