{
    "title": "Kan donduran cinayette yeni detaylar ortaya çıktı! Katil kocadan filmleri aratmayan hareketler",
    "content": "HABERİ PAYLAŞ İHA Olay, dün İnönü Mahallesi Arnavut Caddesi'nde meydana geldi. Edinilen bilgiye göre, cadde üzerindeki apartmandan kötü kokuların gelmesi üzerine binada yaşayan vatandaşlar, 112 Acil Çağrı Merkezini arayarak ihbarda bulundu. İhbar üzerine apartmana itfaiye ekipleri sevk edildi. İtfaiye ekipleri, yaptıkları çalışma neticesinde eve girdi. Evde, hamile bir kadının cesediyle karşılaşıldı. Bunun üzerine polis ve sağlık ekipleri ileolay yeriinceleme ekipleri evde incelemelerde bulundu. Cesedin, 23 yaşındaki hamile Elif Civil'e ait olduğu tespit edildi. Elif Civil'in, vücuduna aldığı bıçak darbeleriyle öldürüldüğü belirlenirken, cesedin 10 günden fazladır evde olduğu belirtildi. Ekiplerin evde yaptıkları incelemelerin ardından Elif Civil'in cenazesi,KastamonuEğitim ve Araştırma Hastanesinin morguna kaldırıldı. DETAYLAR KAN DONDURDU Yaklaşık 8 aylık hamile olduğu kadının kocası B. Civil (29) ise 1,5 yaşındaki çocukları İ. Civil ile birlikte il merkezindeki Nasrullah Meydanı'nda dolaşırken, Kastamonu İl Emniyet Müdürlüğü ekipleri tarafından yakalandı. Cinayet şüphesi ile B. Civil adli makamlarca tutuklanırken, İ. Civil ise polis ekipleri tarafından koruma altına alındı. Sokakta ve binadaki güvenlik kamerası görüntülerini inceleyen polis ekipleri, B. Civil'in ceset bulunmadan önce bebek arabasına bindirdiği çocuğu ile birlikte binadan çıktığı ve yürüyerek uzaklaştığını tespit etti. Öte yandan, B. Civil'in her gün eve girip çıktığı görüldüğü belirtildi. Cesedin bulunduğu gün B. Civil'in 1,5 yaşındaki çocuğu ile birlikte binadan çıkıp uzaklaştığı anlar ise bir iş yerinin güvenlik kamerasına yansıdı. Görüntülerde B. Civil'in bebeği ile birlikte sakin bir şekilde caddede yürüdüğü görülüyor. GÜNLERCE EVE GİRİP ÇIKMIŞ Caddede bulunan esnaflardan Recep Eski, cinayet şüphelisi B. Civil'in 10 gündür sürekli eve gelip daha sonra da ayrıldığını öğrendiklerini belirterek, \"Sabah saatlerinde polis, ambulans, itfaiye ekipleri geldi. Biz de sorduk, '10 gün önce cinayet işlenmiş' dediler. 10 gündür de kocası eve gelip gidiyormuş. Polis ekipleri de gelip cesedi evden çıkarttılar. Buradan gelip geçerken aileyi görüyorduk. 1,5 yaşlarında bir çocukları vardı. Kadın da hamileydi. Bugün sabah şahıs tekrar buradan geçmiş. Polis arkadaşlar bizim iş yerimizin güvenlik kamerasını incelediler, orada da gözüküyor. Sabah sakin bir şekilde yürüyerek binadan çıkıyor ve bebek arabasıyla yürüyerek caddeden geçiyor. İkisi çıktılar çarşıya doğru yürüdüler\" dedi.",
    "url": "https://www.posta.com.tr/gundem/kan-donduran-cinayette-yeni-detaylar-ortaya-cikti-katil-kocadan-filmleri-aratmayan-hareketler-2853128",
    "source": "posta",
    "genre": "gundem",
    "article_date": "2025-04-22T12:18:05.607216",
    "request_date": "2025-04-22T12:18:05.607216",
    "is_empty": false
}