{
  "id": null,
  "articleId": "8352900b-af06-4a5f-9aea-6308ff631908",
  "title": "Yenidoğan Çetesi Davası Devam Ediyor",
  "content": "",
  "summary": "\"Yenidoğan çetesi\" davasının 4. duruşması devam ediyor.  44 sanıktan 30'u tutuklu.  İddianamede, SGK'dan haksız kazanç sağlamak amacıyla bebeklerin durumunun ağır gösterildiği belirtiliyor.  Sanıklara yüzyıllarca hapis cezası isteniyor.",
  "longerSummary": "Bakırköy 22. Ağır Ceza Mahkemesi'nde \"yenidoğan çetesi\" davasının dördüncü duruşmasının ikinci günü devam ediyor. Duruşmaya, aralarında organize suç örgütü elebaşı olmakla suçlanan Dr. Fırat Sarı'nın da bulunduğu 30 tutuklu ve bazı tutuksuz sanıklar, müştekiler ve avukatlar katıldı.  Başka bir suçtan tutuklu olan sanık Mustafa Kemal Zengin de duruşmaya getirildi.  Salonda yoğun güvenlik önlemleri alındı.\n\nDuruşma, sanık savunmalarıyla devam ediyor.  1399 sayfalık iddianamede, Dr. Fırat Sarı'nın liderliğindeki örgütün, devraldıkları yenidoğan yoğun bakım ünitelerinin doluluk oranını manipüle ederek SGK'dan daha yüksek ödemeler almak amacıyla 112 sevk sistemini kullanamaz hale getirdiği belirtiliyor.  İddianamede, bebeklerin durumlarının olduğundan ağır gösterildiği, gereğinden uzun süre yatışlarının sağlandığı, SGK'dan yüksek ücret tahsil edildiği ve hasta yakınlarından fazla para alındığı anlatılıyor. Bebekler, uygun sağlık hizmetini alabilecekleri hastanelere değil, örgüt için karlı görünen hastanelere yönlendiriliyordu.  Kazanç, örgüt üyeleri arasında paylaşılıyordu.\n\nİddianamede, Dr. Fırat Sarı ve Dr. İlker Gönen (1 Şubat'ta intihar etti) için 10 bebeğin ölümü nedeniyle \"kasten öldürmenin ihmali davranışla işlenmesi\", \"nitelikli dolandırıcılık\" ve \"suç işlemek amacıyla örgüt kurmak\" suçlarından toplam 177 yıl 6 aydan 582 yıl 9 aya kadar hapis cezası isteniyor.  Gıyasettin Mert Özdemir için ise benzer suçlardan 180 yıldan 589 yıl 9 aya kadar hapis cezası isteniyor.  Diğer 44 sanık hakkında da benzer suçlardan hapis cezaları talep ediliyor.  Dolandırıcılıktan yararlanan hastaneler ve şirketlerin kapatılması ve mal varlıklarına el konulması da talep ediliyor.  Soruşturma kapsamında İstanbul'da 9, Çorlu'da 1 hastanenin ruhsatı iptal edildi.  Ayrıca, soruşturmayı yürüten savcı Yavuz Engin'i tehdit eden kişiler de tutuklandı.  57 sayfalık ikinci bir iddianamede ise 13 şüpheli ve suçtan zarar gören Sosyal Güvenlik Kurumu yer alıyor. Bu iddianame, ana dosyayla birleştirildi.  Firari hemşire Serenay Şenkalaycı her iki iddianamede de şüpheli olarak yer alıyor.\n\nDuruşmada, hemşire Nigar Kubilay, Dr. Fırat Sarı ile anlaşmazlık yaşadığını ve bu yüzden işinden çıkarıldığını, yönetimin Sarı'nın isteğini yerine getirdiğini ve \"Ya ben ya Nigar\" dendiğini ifade etti.  Ayrıca, hasta bulma konusunda hastanenin kendilerinden baskı yaptığını belirtti. Mahkeme başkanı, Kubily'ın bu bilgileri daha önce paylaşmadığına dikkat çekti.",
  "category": "Error during generation",
  "tags": [],
  "source": [
    "https://www.hurriyet.com.tr/gundem/yenidogan-cetesi-davasinda-durusma-basladi-savciyi-tehdit-eden-mustafa-kemal-zengin-hakim-karsisinda-42773167",
    "https://www.birgun.net/haber/yenidogan-cetesi-davasinda-4-uncu-durusma-58-sanik-yargilaniyor-617427",
    "https://www.milliyet.com.tr/gundem/son-dakika-yenidogan-durusmasi-devam-ediyor-firat-sari-yuzunden-isten-cikarildim-7355986",
    "https://www.dunya.com/gundem/yenidogan-cetesi-davasinin-dorduncu-durusmasi-devam-ediyor-haberi-773179"
  ],
  "location": null,
  "popularityScore": 0,
  "createdAt": null,
  "image": "image.jpg",
  "priority": null
}