{
    "title": "İmamoğlu'nun ruhsat karşılığı aldığı villa görüntülendi: Değeri en az 80 milyon TL",
    "content": "Beylikdüzü'ndeki inşaat projesine ruhsat verilmesi karşılığında eskiİBBBaşkanıEkrem İmamoğlu'na 1 adet villa verdiğini itiraf eden iş adamıAdem Kameroğlu,'nun verdiği villanın bulunduğu lüks site havadan görüntülendi. Tutuklu İBB Başkanı Ekrem İmamoğlu (ahaber.com.tr) VİLLAYA KONTROL Büyükçekmecesınırları içindeki Pelican Hill Ihlamur evlerinden villa karşılığında ruhsat aldığını ifade eden iş adamı, Ekrem İmamoğlu ve eşiDilek İmamoğluBüyükçekmece'deki villayı kontrole geldiler. Pelican Hill Ihlamur evleri (İHA) İSKAN İÇİN DE DANIŞMAYA 4 DAİRE İmamoğlu'nun oğluMehmet Selim İmamoğluda zaman zaman bu villada kaldığını ifade etti. Ayrıca projenin iskanı (yapı kullanım belgesi) karşılığında da İmamoğlu'nun kampanya danışmanıNecati Özkan'ın 4 daire aldığını itiraf etti. Lüks villaların bulunduğu site ise havadan çekilen görüntülere yansıdı. İmamoğlu'nun rüşvet olarak aldığı villanın değerinin en az 80 milyon TL olduğu tespit edildi (İHA) MİLYONLARCA LİRA DEĞERİ VAR Villaların hepsi havuzları ve çevre düzenlemeleri ile benzer villalardan daha yüksek fiyatlı olduğu gözüküyor. Villaların konum ve metrekarelerine bağlı olarak 80 ile 210 milyon Türk Lirası arasında fiyatları bulunuyor.  ",
    "url": "https://www.ahaber.com.tr/gundem/2025/04/22/imamoglunun-ruhsat-karsiligi-aldigi-villa-goruntulendi-degeri-en-az-80-milyon-tl",
    "source": "ahaber",
    "genre": "gundem",
    "article_date": "2025-04-22T12:17:19.673306",
    "request_date": "2025-04-22T12:17:19.673306",
    "is_empty": false
}