{
    "title": "İlk kez görüntülendi! \"Ver villayı, al ruhsatı\" tarifesi adım adım böyle işlemiş",
    "content": "İstanbul Büyükçekmece sınırları içindeki Pelican Hill Ihlamur evlerinden villa karşılığında ruhsat aldığını ifade eden iş adamı Adem Kameroğlu, Ekrem İmamoğlu ve eşi Dilek İmamoğlu Büyükçekmece'deki villayı kontrole geldiklerini söylemişti. İlgili HaberİBB'nin Tuzla hali projesinde skandal! 8 milyar liralık ihaleyle ilgili iddialar vahim İmamoğlu'nun oğlu Mehmet Selim İmamoğlu da zaman zaman bu villada kaldığını ifade etti. Ayrıca projenin iskanı (yapı kullanım belgesi) karşılığında daİmamoğlu'nun kampanya danışmanı Necati Özkan'ın 4 daire aldığını itiraf etti.  Kameroğlu, \"Villanın değeri 1 milyon 500 bin lira olduğu gösterildiğinde harcadığım tutarın büyüklüğü anlaşılacaktır. Villa bittikten sonra devri Ekrem İmamoğlu'na ait SSB İnşaat üzerine yaptım.Ekrem İmamoğlu ve eşi Dilek İmamoğlu da villayı kontrol etmek için siteye geldiler. İnşaatım da bitmek üzereydi ve iskan başvuru aşamasındaydı.Taleplerini karşılamazsam iskanı vermeyeceklerini bildiğim için Necati Özkan'a 4 daire vermek zorunda kaldım\" ifadelerini kullandı.  Lüks villaların bulunduğu site ise havadan çekilen görüntülere yansıdı. Villaların hepsi havuzları ve çevre düzenlemeleri ile benzer villalardan daha yüksek fiyatlı olduğu gözüküyor. Villaların konum ve metrekarelerine bağlı olarak 80 ile 210 milyon Türk Lirası arasında fiyatları bulunuyor.",
    "url": "https://www.turkiyegazetesi.com.tr/gundem/ilk-kez-goruntulendi-ver-villayi-al-ruhsati-tarifesi-adim-adim-boyle-islemis-1110478",
    "source": "turkiye_gazetesi",
    "genre": "gundem",
    "article_date": "2025-04-22T12:18:20.618120",
    "request_date": "2025-04-22T12:18:20.618120",
    "is_empty": false
}