{
    "title": "Galatasaray ZTK'da final peşinde! İşte Konyaspor maçının muhtemel 11'i",
    "content": "Ziraat Türkiye Kupasıyarı finalinde Konyaspor ileGalatasaray, saat 20.30'da Konya Büyükşehir Stadyumu'nda karşı karşıya gelecek. Karşılaşma ATV ekranlarından canlı olarak yayınlanacak. Tek maç eleme usulüne göre oynanacak müsabakada 90 dakikada eşitlik bozulmazsa uzatmalara gidilecek. Burada da bir takımın üstünlüğü sağlayamaması durumunda penaltı atışları finale çıkacak takımı belirleyecek. Galatasaray ZTK'da Konyaspor'a konuk olacak (İHA)İKİ TAKIMIN KUPA YOLU Galatasaray, Türkiye Kupası'na bu sezon gruplardan başladı. Sarı-kırmızılılar, Konyaspor,Başakşehirve Boluspor ile karşılaştığı C Grubu'nu 1 galibiyet ve 2 beraberlik sonucunda aldığı 5 puanla 2. sırada tamamladı ve çeyrek finale yükseldi. Aslan, çeyrek finalde de Fenerbahçe'yi deplasmanda 2-1'lik skorla yenerek yarı finale çıktı. Konyaspor ise 3. turda 23 Elazığ FK'yı 4-0, 4. turda Kepezspor'u 9-0 ve 5. turda da Karabey Belediyespor'u da 1-0 yenerek gruplara kaldı. Yeşil-beyazlılar, C Grubu'nda Çorum FK ve Eyüpspor'u mağlup ederken, Galatasaray ile de berabere kaldı. Konya ekibi, 7 puanla çeyrek finale çıktı ve bu turda da İskenderunspor'u evinde 3-0'la geçerek adını yarı finale yazdırdı. İŞTE MUHTEMEL 11'LER Tümosan Konyaspor: Deniz, Yasir, Adil, Uğurcan, Bazoer, Pedrinho, Yusuf, Jevtovic, Melih, Ndao, Kramer Galatasaray: Günay, Frankowski, Sanchez, Abdülkerim, Eren, Torreira, Lemina, Sallai, Sara, Yunus, Osimhen KUPADA 6. RANDEVU Konyaspor ile Galatasaray, Türkiye Kupası'nda bugüne kadar 5 kez rakip oldu. Söz konusu müsabakalarda sarı-kırmızılılar 3 galibiyet alırken, 2 maç da berabere sona erdi. Bu karşılaşmalarda Aslan'ın 11 golüne, Konya temsilcisi 4 golle karşılık verdi. İki takım da finale adını yazdırmak istiyor (İHA)BU SEZON 4. MAÇ Konyaspor ile Galatasaray, 2024-2025 sezonunda 3 kez mücadele etti. Süper Lig'de oynanan müsabakaları sarı-kırmızılılar, 2-1 ve 1-0'lık skorlarla kazanırken, Türkiye Kupası'ndaki karşılaşma ise 0-0 sona erdi.GALATASARAY, 24. KEZ FİNAL PEŞİNDE 1962-1963 sezonundan bu yana oynanan Türkiye Kupası'nı en çok kazanan Galatasaray oldu. Sarı-kırmızılılar, 23 kez finalde mücadele ederken, 18'inde kupayı kazandı. Aslan, son olarak 2018-2019 sezonunda final oynadı ve Akhisarspor'u 3-1'lik skorla mağlup etti. Konyaspor ise 1 defa final oynadı. Yeşil-beyazlılar, 2016-2017 sezonunda finalde Başakşehir'i geçerek kupayı müzesine götürdü.BARIŞ ALPER YILMAZ İLE KEREM DEMİRBAY CEZALI Galatasaray'da Barış Alper Yılmaz ile Kerem Demirbay, cezasından dolayı Konyaspor karşısında oynamayacak. İki futbolcu, Fenerbahçe ile oynanan çeyrek final maçında yaşanan olaylardan dolayı 1'er maç men cezası almıştı.OKAN BURUK İLE RECEP UÇAR 6. KEZ RAKİP Galatasaray Teknik Direktörü Okan Buruk ile Konyaspor Teknik Direktörü Recep Uçar, bugüne kadar 5 karşı karşıya geldi. Buruk, sarı-kırmızılıları çalıştırırken, Uçar ise Ümraniyespor, Kayserispor ve Konyaspor'un başındaydı. Geride kalan 4 müsabakayı Okan Buruk'un takımı kazanırken, 1 maç da berabere bitti.",
    "url": "https://www.ahaber.com.tr/spor/galatasaray/2025/04/22/galatasaray-ztkda-final-pesinde-iste-konyaspor-macinin-muhtemel-11i",
    "source": "ahaber",
    "genre": "spor",
    "article_date": "2025-04-22T12:17:20.362372",
    "request_date": "2025-04-22T12:17:20.362372",
    "is_empty": false
}