{
    "title": "MAÇA DOĞRU |Konyaspor evinde Galatasaray'ı ağırlıyor! Kupa yarı finalinde muhtemel 11'ler belli oldu...",
    "content": "MEDAŞ Konya Büyükşehir Stadı'nda yapılacak maç saat 20.30'da başlayacak. Hakem Abdullah Buğra Taşkınsoy'un yöneteceği karşılaşma, ATV'den canlı yayımlanacak. Türkiye Kupası'nda C Grubu'nda yer alan sarı-kırmızılı takım, yaptığı 3 maçta 1 galibiyet, 2 beraberlik aldı. Beş puan toplayanGalatasaray, daha az kart gördüğü için aynı puan ve averajı bulunan RAMS Başakşehir'in önünde ikinci sırada yer alarak çeyrek finalist oldu. Galatasaray, çeyrek finalde eşleştiği Fenerbahçe'yi 2-1 yenerek yarı finale çıktı. Galatasaray'ın bulunduğu C Grubu'nu 2 galibiyet ve 1 beraberlikle lider tamamlayan Konya temsilcisi ise çeyrek finalde Nesine 2. Lig ekibi İskenderunspor'u 3-0'la geçti. Tek maç üzerinden yapılacakyarı finalmüsabakasını kazanan taraf finale yükselecek. Maçın 90 dakikalık bölümünde kazanan çıkmazsa 15'er dakikalık 2 uzatma devresi oynanacak. Eşitlik yine bozulmazsa turu geçen tarafı seri penaltı atışları belirleyecek. Kazanan ekip, finalde Trabzonspor-Göztepe eşleşmesinin kazananıyla karşılaşacak. Konyaspor: Deniz Ertaş, Adil, Bazoer, Uğurcan, Ndao, Melih, Jevtovic, Yasir Subaşı, Pedrinho, Yusuf Erdoğan, Kramer. Galatasaray: Günay, Frankowski, Sanchez, Abdülkerim, Eren (Jakobs), Lemina, Torreira, Yunus, Mertens (Sara), Ahmed Kutucu, Osimhen. Galatasaray müsabakasıyla ilgili açıklamalarda bulunan Konyaspor İkinci Başkanı Adem Bulut, sezonun en önemli maçına çıkacakları ifade etti. Bulut, \"Artık buraya kadar geldikten sonra bırakmak istemiyoruz. Seyircimiz önünde, seyirci ile bütünleşerek bu maçı almak istiyoruz. Finalde de kim gelirse gelsin kupayı almak istiyoruz. Baktığımız zaman kupayı alacak gücümüz de var. Oyun anlamında yukarıya çıkan bir oyun anlayışımız var. İnşallah yarın yarı finalden finale çıkmak istiyoruz\" dedi. Galatasaray'ın Konyaspor maçı kamp kadrosunda şu futbolcular bulunuyor: Fernando Muslera, Ismail Jakobs, Eyüp Aydın, Davinson Sanchez, Roland Sallai, Dries Mertens, Yunus Akgün, Eren Elmalı, Berkan Kutlu, Günay Güvenç, Gabriel Sara, Ahmed Kutucu, Carlos Cuesta, Przemyslaw Frankowski, Yusuf Demir, Lucas Torreira, Abdülkerim Bardakcı, Victor Osimhen, Jankat Yılmaz, Efe Akman, Metehan Baltacı, Arda Ünyay, Mario Lemina. İki takım bu sezon 4. kez karşı karşıya gelecek. Sarı-kırmızılı takım, Trendyol Süper Lig'de 2 kez karşılaştığı rakibini deplasmanda 2-1, sahasında ise 1-0 mağlup etti. Türkiye Kupası grup aşamasındaki müsabaka ise 0-0 eşitlikle sona erdi. Sarı-kırmızılı ekipte 5 futbolcu farklı nedenlerden dolayı yarınki karşılaşmada forma giyemeyecek. Sakatlıkları bulunan Alvaro Morata, Kaan Ayhan ve Elias Jelert'in yanı sıra çeyrek finaldeki Fenerbahçe derbisinden sonra birer maç ceza alan Barış Alper Yılmaz ve Kerem Demirbay da Konyaspor'a karşı sahaya çıkamayacak. ",
    "url": "https://www.cnnturk.com/spor/futbol/live-konyaspor-evinde-galatasarayi-agirliyor-kupa-yari-finalinde-muhtemel-11ler-belli-oldu-2273627",
    "source": "cnnturk",
    "genre": "spor",
    "article_date": "2025-04-22T12:17:37.439205",
    "request_date": "2025-04-22T12:17:37.439205",
    "is_empty": false
}