{
    "title": "Konyaspor Galatasaray maçı hangi kanalda, şifresiz mi? Konyaspor Galatasaray maçı ne zaman, saat kaçta? Ziraat Türkiye Kupası Konyaspor Galatasaray ilk 11",
    "content": "KonyasporGalatasaraymaçı hangi kanalda?  Konyaspor Galatasaray maçı ne zaman? Türkiye Kupası yarı final maçları oynanıyor. 22 Nisan Salı akşamı Konyaspor Galatasaray ile karşı karşıya gelecek. Medaş Konya Büyükşehir Stadyumu'nda oynanacak olan karşılaşmayı hakemAbdullah Buğra Taşkınsoyyönetecek. Galatasaray,Ziraat Türkiye Kupasıçeyrek finalinde ezeli rakibi Fenerbahçe’yi 2-1’lik skorla eleyerek yarı finale yükselmişti. Konyaspor ise İskenderunspor’u 3-0’lık bir skorla geçerek yarı finale yükselmişti. İşte Türkiye Kupası Konyaspor Galatasaray maç kanalı, saati ve ilk 11 bilgileri... KONYASPOR GALATASARAY MAÇI NE ZAMAN, SAAT KAÇTA? Konyaspor Galatasaray maçı 22 Nisan Salı akşam saat 20:30'da oynanacak. Maçı Abdullah Buğra Taşkınsoy yönetecek. İki takım arasında kupanın grup etabında İstanbul'da oynanan maç 0-0'lık eşitlikle sonuçlanmış, ligdeki iki maçı ise Galatasaray 1-2 ve 1-0'la kazanmıştı. KONYASPOR GALATASARAY MAÇI HANGİ KANALDA, ŞİFRESİZ Mİ? Konyaspor Galatasaray maçı 22 Nisan Salı akşam saat 20:30'daATV'den canlı yayınlanacak. Türkiye Kupası Konyaspor Galatasaray yarı final maçı ATV canlı yayınından izlenebilecek.  Konyaspor ile Galatasaray bu sezon dördüncü kez karşı karşıya gelecek. ZİRAAT TÜRKİYE KUPASI KONYASPOR GALATASARAY MUHTEMEL 11 Konyaspor: Deniz, Uğurcan, Bazoer, Adil, Ndao, Oğulcan, Jevtovic, Yasir, Pedrinho, Yusuf, Kramer Galatasaray: Günay, Frankowski, Davinson, Abdülkerim, Eren, Torreira, Lemina, Yunus, Sara, Ahmed, Osimhen ATV CANLI YAYIN BİLGİLERİ ATV HD, 23 Nisan 2011'de kurulan, atv ile eş zamanlı yayın yapan ATV'nin yüksek çözünürlüklü kanalıdır. Kanal Türksat 4A 12054 H 27500 5/6 frekansından, D-Smart 25. kanaldan, Digiturk 25. kanaldan, Türksat TKGS 2. kanaldan, KabloTV 23. kanaldan, Turkcell TV+ 24. kanaldan ve tivibu 314. kanaldan izlenebilmektedir.",
    "url": "https://www.cnnturk.com/spor/futbol/konyaspor-galatasaray-maci-hangi-kanalda-sifresiz-mi-konyaspor-galatasaray-maci-ne-zaman-saat-kacta-ziraat-turkiye-kupasi-2273560",
    "source": "cnnturk",
    "genre": "spor",
    "article_date": "2025-04-22T12:17:36.234387",
    "request_date": "2025-04-22T12:17:36.234387",
    "is_empty": false
}