{
    "title": "Ziraat Türkiye Kupası'nda yarı final heyecanı başlıyor! İşte program...",
    "content": "Ziraat Türkiye Kupası'nda yarı final heyecanı başlıyor. Yarı finalin ilk maçında TÜMOSAN Konyaspor, Galatasaray'ı konuk edecek. Diğer mücadelede ise Trabzonspor, sahasında Göztepe'yle karşılaşacak. Ziraat Türkiye Kupası'nda yarı final maçlarının programı şu şekilde: Yarın: 20.30 TÜMOSAN Konyaspor-Galatasaray (MEDAŞ Konya Büyükşehir) 24 Nisan Perşembe: 20.30 Trabzonspor-Göztepe (Papara Park)",
    "url": "https://www.sabah.com.tr/spor/futbol/2025/04/21/ziraat-turkiye-kupasinda-yari-final-heyecani-basliyor-iste-program",
    "source": "sabah",
    "genre": "spor",
    "article_date": "2025-04-22T12:17:42.829448",
    "request_date": "2025-04-22T12:17:42.829448",
    "is_empty": false
}