{
    "title": "Galatasaray'da sakatlık şoku! Yıldız oyuncu MR'a girecek",
    "content": "Trendyol Süper Lig'de Galatasaray evinde Bodrum FK'yı 2-0 mağlup ederek zirve yarışında Fenerbahçe'nin puan kaybettiği haftayı hatasız geçti. GALATASARAY'DA SAKATLIK ŞOKU Galatasaray, Türkiye Kupası yarı final maçında Konyaspor ile deplasmanda karşılaşacak. Sarı-kırmızılı takım, Elias Jelert, Kaan Ayhan ve Alvaro Morata'nın sakatlıkları nedeniyle Konya'ya götürülmeyeceğini açıkladı. GALATASARAY'IN AÇIKLAMASI ŞU ŞEKİLDE:\"Ziraat Türkiye Kupası'nda Tümosan Konyaspor ile oynayacağımız yarı final maçı öncesinde kondisyonerler eşliğinde saha çalışmalarına başlayan Elias Jelert, sağ dizindeki esneme sonrası takım antrenmanlarına yeni başlayan Kaan Ayhan ve önceki gün yapılan antrenmanda sol kasığında ağrı hisseden Alvaro Morata, tedbir amacıyla Konya'ya götürülmeyecektir.\"",
    "url": "https://www.sabah.com.tr/spor/futbol/2025/04/21/galatasarayda-sakatlik-soku-yildiz-oyuncu-mra-girecek",
    "source": "sabah",
    "genre": "spor",
    "article_date": "2025-04-22T12:17:46.422128",
    "request_date": "2025-04-22T12:17:46.422128",
    "is_empty": false
}