{
    "title": "Galatasaray kupa mesaisinde! Okan Buruk 11'i belirledi",
    "content": "Ziraat Türkiye Kupası yarı finalinde Konyaspor ile Galatasaray, saat 20.30'da Konya Büyükşehir Stadyumu'nda karşı karşıya gelecek. Tek maç eleme usulüne göre oynanacak müsabakada 90 dakikada eşitlik bozulmazsa uzatmalara gidilecek. Burada da bir takımın üstünlüğü sağlayamaması durumunda penaltı atışları finale çıkacak takımı belirleyecek. KUPADA 6. RANDEVUKonyaspor ile Galatasaray, Türkiye Kupası'nda bugüne kadar 5 kez rakip oldu. Söz konusu müsabakalarda sarı-kırmızılılar 3 galibiyet alırken, 2 maç da berabere sona erdi. Bu karşılaşmalarda Aslan'ın 11 golüne, Konya temsilcisi 4 golle karşılık verdi. GALATASARAY, 24. KEZ FİNALE ÇIKMAK İSTİYOR1962-1963 sezonundan bu yana oynanan Türkiye Kupası'nı en çok kazanan Galatasaray oldu. Sarı-kırmızılılar, 23 kez finalde mücadele ederken, 18'inde kupayı kazandı. Aslan, son olarak 2018-2019 sezonunda final oynadı ve Akhisarspor'u 3-1'lik skorla mağlup etti. Konyaspor ise 1 defa final oynadı. Yeşil-beyazlılar, 2016-2017 sezonunda finalde Başakşehir'i geçerek kupayı müzesine götürdü. BARIŞ ALPER YILMAZ İLE KEREM DEMİRBAY CEZALIGalatasaray'da Barış Alper Yılmaz ile Kerem Demirbay, cezasından dolayı Konyaspor karşısında oynamayacak. İki futbolcu, Fenerbahçe ile oynanan çeyrek final maçında yaşanan olaylardan dolayı 1'er maç men cezası almıştı. OKAN BURUK İLE RECEP UÇAR 6. KEZ RAKİPGalatasaray Teknik Direktörü Okan Buruk ile Konyaspor Teknik Direktörü Recep Uçar, bugüne kadar 5 karşı karşıya geldi. Buruk, sarı-kırmızılıları çalıştırırken, Uçar ise Ümraniyespor, Kayserispor ve Konyaspor'un başındaydı. Geride kalan 4 müsabakayı Okan Buruk'un takımı kazanırken, 1 maç da berabere bitti. OKAN BURUK'TAN FLAŞ MERTENS KARARI! Öte yandan Galatasaray'da, TÜMOSAN Konyaspor maçının ilk 11'i de netleşmeye başladı. MUHTEMEL 11'LER Tümosan Konyaspor:Deniz, Yasir, Adil, Uğurcan, Bazoer, Pedrinho, Yusuf, Jevtovic, Melih, Ndao, Kramer Galatasaray:Günay, Frankowski, Sanchez, Abdülkerim, Eren, Torreira, Lemina, Sallai, Sara, Yunus, Osimhen",
    "url": "https://www.takvim.com.tr/spor/2025/04/22/galatasaray-kupa-mesaisinde-okan-buruk-11i-belirledi",
    "source": "takvim",
    "genre": "spor",
    "article_date": "2025-04-22T12:18:12.087797",
    "request_date": "2025-04-22T12:18:12.087797",
    "is_empty": false
}