{
    "title": "Ziraat Türkiye Kupası'nda hakemler belli oldu!",
    "content": "Ziraat Türkiye Kupası'nda heyecan yarı final maçlarıyla devam ediyor. Finale bir adım kala Galatasaray deplasmanda Konyaspor ile Trabzonspor ise sahasında Göztepe ile karşılaşacak. Buğra Taşkınsoy. (AA)TFF, bu zorlu maçları yönetecek hakemleri de duyurdu: Konyaspor - Galatasaray :Buğra TaşkınsoyTrabzonspor - Göztepe :Cihan Aydın ",
    "url": "https://www.takvim.com.tr/spor/2025/04/21/ziraat-turkiye-kupasinda-hakemler-belli-oldu",
    "source": "takvim",
    "genre": "spor",
    "article_date": "2025-04-22T12:18:11.931546",
    "request_date": "2025-04-22T12:18:11.931546",
    "is_empty": false
}