{
    "title": "Son dakika: Bugünkü Sayısal Loto çekiliş sonuçları belli oldu! 21 Nisan 2025 Çılgın Sayısal Loto bilet sonucu sorgulama ekranı!",
    "content": "Pazartesi, Çarşamba ve Cumartesi günleri gerçekleşenÇılgın Sayısal Lotoçekilişinde heyecanlı bekleyiş sona erdi.Milli PiyangoTV YouTube hesabından canlı yayınlananSayısal Lotoçekilişi noter huzurunda gerçekleşti. Sayısal Loto sonuçları, millipiyangoonline.com veMilli PiyangoOnline mobil uygulamalarından sorgulanıyor.21 Nisan 2025 Çılgın Sayısal Loto sonuçları Son Çekiliş Sonucu Çekiliş no: 48 21/04/2025 - 21:30 13 31 37 42 77 80 Joker 79 Süperstar 33ÇILGIN SAYISAL LOTO SONUÇ SORGULAMA EKRANI",
    "url": "https://www.cnnturk.com/ekonomi/son-dakika-bugunku-sayisal-loto-cekilis-sonuclari-belli-oldu-21-nisan-2025-cilgin-sayisal-loto-bilet-sonucu-sorgulama-ekrani-2273449",
    "source": "cnnturk",
    "genre": "ekonomi",
    "article_date": "2025-04-22T12:17:38.752188",
    "request_date": "2025-04-22T12:17:38.752188",
    "is_empty": false
}