{
    "title": "Son dakika: Bugünkü On Numara çekilişi sonuçları belli oldu! 21 Nisan 2025 On Numara bilet sonucu sorgulama ekranı!",
    "content": "Pazartesi ve Cuma günleri gerçekleşenOn Numaraçekilişinde heyecanlı bekleyiş sona erdi.Milli PiyangoTV YouTube hesabından canlı yayınlanan On Numara çekilişi noter huzurunda gerçekleşti. On Numara sonuçları, millipiyangoonline.com veMilli PiyangoOnline mobil uygulamalarından sorgulanıyor.21 Nisan 2025 On Numara sonuçları Son Çekiliş Sonucu Çekiliş no: 32 21/04/2025 - 20:00 4 7 11 15 20 22 25 26 28 2937 40 41 56 62 63 68 69 71 72 73 80ON NUMARA SONUÇ SORGULAMA EKRANI",
    "url": "https://www.cnnturk.com/ekonomi/son-dakika-bugunku-on-numara-cekilisi-sonuclari-belli-oldu-21-nisan-2025-on-numara-bilet-sonucu-sorgulama-ekrani-2273446",
    "source": "cnnturk",
    "genre": "ekonomi",
    "article_date": "2025-04-22T12:17:35.647139",
    "request_date": "2025-04-22T12:17:35.647139",
    "is_empty": false
}