{
    "title": "Özgür Çelik’ten savcıya \"Kurultay Soruşturması\" ifadesi: Bu, CHP’nin iktidar yürüyüşünü durdurma çabasıdır",
    "content": "CHP İstanbul İl Başkanı Özgür Çelik, partisinin 38. Olağan Kurultayı'na ilişkin yürütülen soruşturma kapsamında savcıya ifade verdi. Çelik, dosyada yer alan iddiaların soyut ve mesnetsiz olduğunu belirterek,\"Bu soruşturma CHP’nin iktidar yürüyüşünü durdurma çabasıdır\"dedi. CHP’nin 38. Olağan Kurultayı’na ilişkin Ankara Cumhuriyet Başsavcılığı’nca başlatılan soruşturma kapsamında ifade veren Özgür Çelik, hakkındaki iddiaların gerçeği yansıtmadığını söyledi. Cumhuriyet’inaktardığınagöre Çelik, suçlamaların temelsiz olduğunu belirtti. Kurultay sürecinde ismi tanık ve şüpheli ifadelerinde geçenHatip KaraaslanveErkan Çakır'la ilgili olarak, Karaaslan’ı tanımadığını, Çakır’la ise yalnızca bir kez görüştüğünü belirten Çelik, şu ifadeleri kullandı: “Erkan Çakır, Iğdır İl Başkanı’yla birlikte görüşmek istediğini iletti. Ben de yeni seçilen bir il başkanı olarak bu talebi geri çevirmedim. Ancak görüşmeye yalnız geldi, Iğdır İl Başkanı’nın işi çıktığını söyledi. Kısa bir sohbet oldu, bir fotoğraf çektirdik ve ayrıldılar. Hayatımda bir daha görmedim.” Çelik, şüphelinin yanında bulunan kişilerin kimliğini bilmediğini, o gün JW Marriott Otel’de yapılan görüşmenin otelin toplantı salonunda, başka partililerin de bulunduğu bir ortamda geçtiğini söyledi. CHP İstanbul İl Başkanı Özgür Çelik'ten \"Kurultay soruşturması\" sonrası açıklama İfadesinde, soruşturmanın siyasi nitelik taşıdığı değerlendirmesinde bulunan Çelik, şunları kaydetti: “Partimizin kurultayına açılan bu soruşturma, Türkiye’nin birinci partisi olan CHP’nin iktidar yürüyüşünü durdurma çabasıdır. Bu soruşturma da şantaj ve dolandırıcı olduğu iddia edilen, birilerinin maşası haline gelmiş birkaç kişinin bana ve çok sayıda yol arkadaşımıza iftira attığı boş ve mesnetsiz iddialardan ibarettir. Bu çabalar da beyhudedir.” Çelik, Bursa İl BaşkanıNihat Yeşiltaş’la yaptığı görüşmeye ilişkin olarak da“Hemşerilik ilişkileri nedeniyle bir araya geldik. Ortak geçmişimiz olan Sivas üzerine sohbet ettik. Kurultay süreciyle ilgili yalnızca çok kısa bir değerlendirme oldu”bilgisini verdi. 38. Olağan Kurultay'da Kılıçdaroğlu'nu destekleyen 359 delege, olağanüstü kurultayda tek aday olan Özgür Özel'e oy verdi Siyasi yaşamında hiçbir zaman menfaat temelli bir ilişki kurmadığını ifade eden Çelik, şöyle devam etti: “Hayatımın hiçbir aşamasında maddi veya manevi çıkar temelli bir siyasi ilişkim olmadı. Tek motivasyonum, huzurlu ve adil bir Türkiye için üzerime düşeni yapmaktır.” Savcının sorularına verdiği yanıtta, Çelik, birinci ve ikinci derece yakınlarının CHP'li belediyelerde işe alınmadığını, delegelere para ya da hediye dağıtıldığına dair hiçbir bilgi ve gözlemi bulunmadığını ifade etti. “Delegelere telefon veya benzeri bir cihaz verildiğine ilişkin herhangi bir duyumum ya da bilgim yoktur. Bu tür iddialar iftira mahiyetinde, gerçek dışı beyanlardır.” Özgür Çelik, dosyada hakkında yer alan tüm suçlamaların somut delilden yoksun olduğunu vurgulayarak, savcılıktan takipsizlik talebinde bulundu.    ",
    "url": "https://t24.com.tr/haber/chp-li-ozgur-celik-ten-savciya-kurultay-sorusturmasi-ifadesi-bu-chp-nin-iktidar-yuruyusunu-durdurma-cabasidir,1234287",
    "source": "t24",
    "genre": "haber",
    "article_date": "2025-04-22T12:18:35.861123",
    "request_date": "2025-04-22T12:18:35.861123",
    "is_empty": false
}