{
    "title": "AKSUNGUR'dan yerli motorla irtifa rekoru!",
    "content": "TUSAŞ'tan yapılan açıklamaya göre, AKSUNGUR, TEI'nin yerli ve milli olarak geliştirdiği PD170 motoruyla gerçekleştirdiği uçuşta 40 bin feet yüksekliğe çıktı. Bu uçuşla milli motor TEI-PD170 en yüksek irtifasına ulaştı. Ayrıca bu uçuş, ASELSAN tarafından geliştirilen milli kamera AF500 ve ASPİLSAN'ın geliştirdiği milli ısıtıcılı bataryanın da AKSUNGUR ile test edildiği en yüksek irtifa oldu. TUSAŞ Genel Müdürü Mehmet Demiroğlu, X hesabından yaptığı paylaşımda, AKSUNGUR'un, 40 bin feet yükseklik denemesiyle bir başarıya daha imza attığını belirterek, \"Aldığımız her başarıyla daha da yükseğe çıkıyor ve geleceğe daha da güçlü adımlarla yürüyoruz. Güçlü bir geleceğin teminatı olan bu başarıyla gurur duyuyorum. Emeği geçen tüm çalışma arkadaşlarıma teşekkür ederim.\" ifadelerini kullandı. Çeşitli faydalı yüklerle ve yeni yeteneklerle donatılan AKSUNGUR, geçen hafta ASELSAN üretimi LGK81 ve LGK82 mühimmatları ile hedefi tam isabetle vurmuştu.",
    "url": "https://www.dunya.com/video-galeri/teknoloji/aksungurdan-yerli-motorla-irtifa-rekoru-video-772934",
    "source": "dunya",
    "genre": "video-galeri",
    "article_date": "2025-04-22T12:18:27.372767",
    "request_date": "2025-04-22T12:18:27.372767",
    "is_empty": false
}