{
    "title": "AKSUNGUR’dan millî motorla irtifa rekoru! 40 bin feet yüksekliğe çıktı",
    "content": "TUSAŞ’tan yapılan açıklamaya göre,AKSUNGUR, TEI’nin yerli ve millî olarak geliştirdiği PD170 motoruyla gerçekleştirdiği uçuşta 40 bin feet yüksekliğe çıktı. Bu uçuşla millî motor TEI-PD170 en yüksek irtifasına ulaştı.Ayrıca bu uçuş,ASELSAN tarafından geliştirilen millî kamera AF500 ve ASPİLSAN’ın geliştirdiği millî ısıtıcılı bataryanın da AKSUNGUR ile test edildiği en yüksek irtifa oldu. İlgili HaberTürkiye'nin savunma sanayisi sınır tanımıyor! AKSUNGUR göğüs kabarttı TUSAŞ Genel Müdürü Mehmet Demiroğlu, AKSUNGUR’un, 40 bin feet yükseklik denemesiyle bir başarıya daha imza attığını belirterek “Aldığımız her başarıyla daha da yükseğe çıkıyor ve geleceğe daha da güçlü adımlarla yürüyoruz. Güçlü bir geleceğin teminatı olan bu başarıyla gurur duyuyorum” dedi. İlgili HaberİHA ihracat başarılarına iki yeni halka! Bayraktar TB2, Akıncı, Aksungur derken...  inşallah 60 bini görürsün inşallah",
    "url": "https://www.turkiyegazetesi.com.tr/teknoloji/aksungurdan-milli-motorla-irtifa-rekoru-40-bin-feet-yukseklige-cikti-1110186",
    "source": "turkiye_gazetesi",
    "genre": "teknoloji",
    "article_date": "2025-04-22T12:18:20.140881",
    "request_date": "2025-04-22T12:18:20.140881",
    "is_empty": false
}