{
    "title": "Polis eve adım attığı an şoke oldu! Ölen annesine 'uyuyor' dedi",
    "content": "Balıkesir'in Karesi ilçesinde yaşanan ölüm olayı herkesi şok etti. Atatürk Mahallesi'nde yaşayan Ayten M. (75), komşuları tarafından haftalardır görülmeyince yetkililere bilgi verildi. Harekete geçen emniyet ekipleri, olay yerine intikal etti.  Kapıyı açarak eve giren polisler, beyaz bir köpek ile kadının oğlu olduğu iddia edilen Ş.M. ile karşılaştı. Kapıyı kimseye açmayan Ş.M.'ye 'annen nerede' diye soru soran polisler, 'içeride uyuyor' cevabı aldı. Yaşlı kadını kontrol eden ekipler, kadının hayatını kaybettiğini tespit etti. Sorulara mantıklı cevaplar veremediği öğrenilen Ş.M. önce evden çıkartıldı ve ardından gözaltına alındı. Bu sırada evde bulunan köpeğin ise Ş.M.'nin yanından ayrılmadığı ve sürekli olarak çevresine havladığı görüldü. Olay yerine gelen doktorun ilk incelemesi sonucunda yaşlı kadının üzerinde herhangi bir darp ya da kesici alet yaralanmasına rastlanmadığı ifade edilirken, Ayten M.'nin ölüm olayı ile ilgili olarak şüpheli ölüm verildi. Cumhuriyet savcısı olayla ilgili bilgilendirilirken, cenaze Adli Tıp Kurumu'na gönderildi.  Olayın ardından Olay Yeri İnceleme ekipleri eve girerek araştırmada bulundu. Bu sırada sürekli olarak havlayan köpek ise belediye yetkililerince teslim alınarak hayvan barınağına götürüldü. Ayrıca, \"çöp eve\" dönüşmüş olduğu görülen ev, detaylı bir temizlik işlemi için belediye ekipleri tarafından boşaltıldı. Evdeki boş alkol şişelerinin fazlalığı dikkat çekerken, yarısı dolu olan bir alkol şişesinin yanında 'Ruhun Deşifresi' isimli bir kitap dikkatlerden kaçmadı. Olayla ilgili soruşturma sürüyor.",
    "url": "https://www.cnnturk.com/turkiye/polis-eve-adim-attigi-an-sok-oldu-olen-annesine-uyuyor-dedi-2273567",
    "source": "cnnturk",
    "genre": "turkiye",
    "article_date": "2025-04-22T12:17:37.351073",
    "request_date": "2025-04-22T12:17:37.351073",
    "is_empty": false
}