{
  "id": null,
  "articleId": "72caa78d-38c5-4fae-9bba-519e77008536",
  "title": "Leeds, Burnley Premier Lig'e yükseldi",
  "content": "",
  "summary": "Leeds ve Burnley, Premier Lig'e yükseldi.",
  "longerSummary": "İngiltere Championship'in 44. haftasında Leeds United ve Burnley, İngiltere Premier Lig'e yükselmeyi garantiledi.  Leeds United, Stoke City'yi 6-0, Burnley ise Sheffield United'ı 2-1 mağlup etti.  Bu sonuçlar, her iki takımın da 94 puanla, üçüncü sıradaki Sheffield United'ın 8 puan önüne geçmelerini sağladı ve lig bitimine iki hafta kala yükselişlerini kesinleştirdi.  Burnley, geçen sezon Premier Lig'de mücadele ederken, Leeds United iki yıl aradan sonra Premier Lig'e geri döndü.  Premier Lig'den düşen takımlar arasında Leicester City ve Southampton bulunuyor. Ipswich Town'ın ise bu hafta matematiksel olarak düşmesi mümkün.",
  "category": "Spor",
  "tags": [],
  "source": [
    "https://www.sabah.com.tr/spor/futbol/2025/04/21/leeds-united-ve-burnley-premier-lige-yukseldi",
    "https://www.birgun.net/haber/premier-lig-e-yukselen-2-takim-belli-oldu-617384",
    "https://www.cnnturk.com/spor/futbol/ingiltere-championshipte-leeds-united-ile-burnley-premier-lige-yukseldi-2273524"
  ],
  "location": null,
  "popularityScore": 0,
  "createdAt": null,
  "image": "image.jpg",
  "priority": null
}