{
    "title": "Şimdiye dek bulunan en acı madde! Mantardan elde edildi...",
    "content": "Almanya'daki Leibniz Gıda Sistemleri Biyolojisi Enstitüsü'ndenbiliminsanları, ‘Amaropostia stiptica’ adlı raf mantarından üç kimyasal bileşik çıkardı. Bu maddelerin, insan dilindeki acı tat reseptörlerine olan etkisi incelendi. Üç bileşikten biri olan oligoporin D’nin düşük miktarlarda bile acı tadı tetikleyebildiği belirtildi.  Araştırmaya göre, bileşikler zehirli değil fakat tatları son derece acı. Bilim insanları, bu gibi doğal acı bileşiklerin sadece ağızda değil, mide, bağırsak, kalp ve akciğerlerde de bulunan acı reseptörlerini etkileyebileceğini söyledi. Ancak bu sensörlerin vücudun diğer bölgelerindeki rolünün tam olarak bilinmediği kaydedildi. Araştırmanın ortak yazarı Dr. Maik Behrens, bu tür çalışmalar sayesinde acı tat reseptörlerinin nasıl çalıştığına ve neden evrimleştiğine dair daha net bilgiler elde edilebileceğini aktardı. Dr. Behrens, “Ne kadar çok acı bileşik ve reseptör verisi toplarsak, yeni maddeleri tanımlamak ve etkilerini tahmin etmek o kadar kolay olur” dedi.",
    "url": "https://www.cnnturk.com/dunya/simdiye-dek-bulunan-en-aci-madde-mantardan-elde-edildi-2273629",
    "source": "cnnturk",
    "genre": "dunya",
    "article_date": "2025-04-22T12:17:38.407296",
    "request_date": "2025-04-22T12:17:38.407296",
    "is_empty": false
}