{
    "title": "UEFA İstanbul Temsilciliği 24 Nisan'da açılacak! Başkan Erdoğan törene katılacak",
    "content": "TürkiyeFutbol Federasyonundan (TFF) yapılan açıklamaya göre, TFF'nin temasları sonucuİstanbul'da açılması kararlaştırılanUEFAtemsilciliği 24 Nisan Perşembe gününden itibaren faaliyetlerine başlayacak.UEFA'NIN ÜÇÜNCÜ DIŞ MERKEZİLondra ve Brüksel'in ardından UEFA'nın üçüncü dış merkezi olacak İstanbul UEFA Temsilciliği'ne TFF'nin tarihi Levent Kasrı ev sahipliği yapacak. Kıtaları buluşturan, tarih ve medeniyetin kesişim noktası olan İstanbul, böylece dünya futbolunun sayılı merkezleri arasındaki yerini alacak. UEFA (AA) BAŞKAN ERDOĞAN KATILACAKUEFAİstanbulTemsilciliği'nin açılış törenine Başkan Recep Tayyip Erdoğan da katılacak. 24 Nisan Perşembe günü saat 12.00'de gerçekleştirilecek törende Erdoğan'ın yanı sıra UEFA Başkanı Aleksander Ceferin ve yönetim kurulu üyeleri ile üye ülke federasyon başkanları da yer alacak. Başkan Erdoğan, Manchester City ile Inter takımları arasında oynanan UEFA Şampiyonlar Ligi final maçını izledi. (AA/Haziran 2023) 23 NİSAN'DA GALA YEMEĞİ DÜZENLENECEKUEFAİstanbulTemsilciliği'nin açılışı veTürkiyeBüyük Millet Meclisi'nin kuruluş yıl dönümü vesilesiyle kutlanan Ulusal Egemenlik ve Çocuk Bayramı kapsamında 23 Nisan Çarşamba günü bir gala yemeği düzenlenecek. UEFA (AA) Çırağan Palace Kempinski'de saat 19.00'da başlayacak yemekteUEFABaşkanı Ceferin ve yönetim kurulu üyeleri ile üye ülke federasyon başkanları, Türk futbol ailesinin temsilcileriyle bir araya gelecek. FİNALLER ŞEHRİ İSTANBUL'DA UEFA'NIN 4 KUPASI SAHİBİNİ BULDUUEFA temsilciliğine ev sahipliği yapacakİstanbul, uluslararası turnuvaların finallerine ev sahipliği yapmasıyla dikkati çekiyor. İstanbul UEFA'nın birçok önemli organizasyonuna ev sahipliği yaptı. (AA) İstanbulbugüne kadar 2005UEFAŞampiyonlar Ligi finali, 2009 UEFA Kupası finali, 2019 UEFA Süper Kupa finali ve 2023 UEFA Şampiyonlar Ligi finaline başarıyla ev sahipliği yaptı. Gelecek yıldan itibaren peş peşe iki önemli UEFA finali dahaTürkiye'de oynanacak. İlk olarak İstanbul, 2026 UEFA Avrupa Ligi finalinde misafirlerini ağırlayacak. 2027 UEFA Konferans Ligi finali İstanbul ya da yapımı devam eden stadın durumuna göre Ankara'da oynanacak. UEFA İstanbul Temsilciliği, İtalya ile ortaklaşa düzenlenecek 2032 Avrupa Futbol Şampiyonası'nın hazırlık sürecinde de etkin rol üstlenecek. ",
    "url": "https://www.takvim.com.tr/spor/2025/04/21/uefa-istanbul-temsilciligi-24-nisanda-acilacak-baskan-erdogan-torene-katilacak",
    "source": "takvim",
    "genre": "spor",
    "article_date": "2025-04-22T12:18:11.270787",
    "request_date": "2025-04-22T12:18:11.270787",
    "is_empty": false
}