{
    "title": "Van’ın Başkale ilçesinde korkutan deprem!",
    "content": "Afet ve Acil Durum Yönetimi Başkanlığı (AFAD), sosyal medya hesabından yaptığı yazılı açıklamada 22 Nisan 2025 tarihinde saat 03.39'da Van'ın Başkale ilçesinde 4.0 büyüklüğünde bir depremin meydana geldiğini bildirdi. Sarsıntının yerin 6.95 kilometre derinliğinde gerçekleştiği aktarıldı.",
    "url": "https://www.ahaber.com.tr/gundem/2025/04/22/vanin-baskale-ilcesinde-korkutan-deprem",
    "source": "ahaber",
    "genre": "gundem",
    "article_date": "2025-04-22T12:17:23.353819",
    "request_date": "2025-04-22T12:17:23.353819",
    "is_empty": false
}