{
    "title": "Van'da 4.0 büyüklüğünde deprem",
    "content": "Afet ve Acil Durum Yönetimi Başkanlığının (AFAD) internet sitesinde yer alan bilgiye göre, merkez üssüVanBaşkaleolan 4.0 büyüklüğündedepremkaydedildi.Saat 03:39'da meydana gelen depremin 6.95 kilometre derinlikte meydana geldiği belirtildi.#DEPREMBüyüklük:4.0 (Mw)Yer:Başkale (Van)Tarih:2025-04-22Saat:03:39:39 TSİEnlem:38.19222 NBoylam:44.22389 EDerinlik:6.95 kmDetay:https://t.co/VJcnCpnHHP@afadbaskanlik@trthaber@anadoluajansi—AFADDeprem (@DepremDairesi)April 22, 2025 Saat 03:39'da meydana gelen depremin 6.95 kilometre derinlikte meydana geldiği belirtildi.#DEPREMBüyüklük:4.0 (Mw)Yer:Başkale (Van)Tarih:2025-04-22Saat:03:39:39 TSİEnlem:38.19222 NBoylam:44.22389 EDerinlik:6.95 kmDetay:https://t.co/VJcnCpnHHP@afadbaskanlik@trthaber@anadoluajansi—AFADDeprem (@DepremDairesi)April 22, 2025 #DEPREMBüyüklük:4.0 (Mw)Yer:Başkale (Van)Tarih:2025-04-22Saat:03:39:39 TSİEnlem:38.19222 NBoylam:44.22389 EDerinlik:6.95 kmDetay:https://t.co/VJcnCpnHHP@afadbaskanlik@trthaber@anadoluajansi",
    "url": "https://www.birgun.net/haber/van-da-4-0-buyuklugunde-deprem-617357",
    "source": "birgun",
    "genre": "haber",
    "article_date": "2025-04-22T12:18:32.229121",
    "request_date": "2025-04-22T12:18:32.229121",
    "is_empty": false
}