{
    "title": "Son dakika... Kütahya'da 4,3 büyüklüğünde deprem",
    "content": "Güncelleme Tarihi:Nisan 22, 2025 09:25 AFAD'ın verilerine göre; saat 20:24'te Kütahya'nın Simav ilçesinde 4,3 büyüklüğünde deprem meydana geldi. Deprem, yerin 13.43 km derininde gerçekleşti. #DEPREMBüyüklük:4.3 (Mw)Yer:Simav (Kütahya)Tarih:2025-04-21Saat:20:24:38 TSİEnlem:39.22389 NBoylam:28.97444 EDerinlik:13.43 kmDetay:https://t.co/6zTCQWtJAi@afadbaskanlik@trthaber@anadoluajansi— AFADDeprem(@DepremDairesi)April 21, 2025 #DEPREMBüyüklük:4.3 (Mw)Yer:Simav (Kütahya)Tarih:2025-04-21Saat:20:24:38 TSİEnlem:39.22389 NBoylam:28.97444 EDerinlik:13.43 kmDetay:https://t.co/6zTCQWtJAi@afadbaskanlik@trthaber@anadoluajansi Türkiye gündeminden son dakika haberleri, bugün yaşanan en son gelişmeler, siyaset gündeminden güncel haberler ve bütün son dakika haberleri için Hürriyet'in internet haber sitesi hurriyet.com.tr; Hurriyet.com.tr haber içerikleri kaynak gösterilmeden alıntı yapılamaz, Kanuna aykırı ve izinsiz olarak kopyalanamaz, başka yerde yayınlanamaz.",
    "url": "https://www.hurriyet.com.tr/gundem/son-dakika-kutahyada-4-3-buyuklugunde-deprem-42772733",
    "source": "hurriyet",
    "genre": "gundem",
    "article_date": "2025-04-22T12:16:53.143576",
    "request_date": "2025-04-22T12:16:53.143576",
    "is_empty": false
}