{
    "title": "SON DAKİKA! AFAD duyurdu! Kütahya'da 4.3 büyüklüğünde korkutan deprem",
    "content": "21.04.2025 - 20:32 |                                 Son Güncellenme:21.04.2025 - 23:41 AA Kütahya'nın Simav İlçesi'nde 4.3 büyüklüğünde korkutan birdepremoldu. Deprem yerin 13 kilometre derinliğinde meydana geldi ve çevre illerden de hissedildi. Saat 20.24 sularındaki deprem kısa süreli paniğe neden oldu. Afet ve Acil Durum Yönetimi Başkanlığının (AFAD) internet sitesinde yer alan bilgiye göre, merkez üssü Kütahya'nın Simav ilçesi olan 4,3 büyüklüğünde sarsıntı kaydedildi. KÜTAHYA VALİSİ IŞIN'DAN AÇIKLAMA Kütahya Valisi Musa Işın, X hesabından yaptığı açıklamada, \"İlimiz Simav ilçesinde bu akşam saat 20.24'te, 3.4 ve 4.3 büyüklüğünde iki deprem meydana gelmiştir. An itibarıyla, bizi müteessir edecek bir durum yoktur. Hemşehrilerimize çok geçmiş olsun. Allah ülkemizi ve aziz milletimizi korusun.\" ifadelerini kullandı. Depremin yerin 13,43 kilometre derinliğinde meydana geldiği belirlendi.  AFAD depremi böyle duyurdu; #DEPREMBüyüklük:4.3 (Mw)Yer:Simav (Kütahya)Tarih:2025-04-21Saat:20:24:38 TSİEnlem:39.22389 NBoylam:28.97444 EDerinlik:13.43 kmDetay:https://t.co/6zTCQWtJAi@afadbaskanlik@trthaber@anadoluajansi— AFAD Deprem (@DepremDairesi)April 21, 2025KÖYLERDEKİ VATANDAŞLAR GECEYİ DIŞARIDA GEÇİRİYORDepremin merkez üssü Simav'a 18 kilometre uzaklıktaki Yemişli köyünde bazı evlerin duvarlarında çatlaklar oluştu.Haberin DevamıDepremin ardından köyde yaşan vatandaşlar, geceyi dışarıda geçiriyor.Köy muhtarı İsmail Aydoğdu, AA muhabirine yaptığı açıklamada, bölgede 3 günden beri depremlerin sürdüğünü, 4,3 büyüklüğündeki depremin köyde korkuya neden olduğunu söyledi.Aydoğdu, \"Deprem nedeniyle köydeki bazı evlerin duvarlarında çatlaklar oluştu. Büyük korku içindeyiz.\" ifadelerini kullandı.İLGİNİZİ ÇEKEBİLİREge Denizi'nde 4.1 büyüklüğünde depremHaberi GörüntüleİLGİNİZİ ÇEKEBİLİRBakan Kurum: TOKİ ile kale gibi konutlar yaptıkHaberi Görüntüle #DEPREMBüyüklük:4.3 (Mw)Yer:Simav (Kütahya)Tarih:2025-04-21Saat:20:24:38 TSİEnlem:39.22389 NBoylam:28.97444 EDerinlik:13.43 kmDetay:https://t.co/6zTCQWtJAi@afadbaskanlik@trthaber@anadoluajansi KÖYLERDEKİ VATANDAŞLAR GECEYİ DIŞARIDA GEÇİRİYOR Depremin merkez üssü Simav'a 18 kilometre uzaklıktaki Yemişli köyünde bazı evlerin duvarlarında çatlaklar oluştu. Depremin ardından köyde yaşan vatandaşlar, geceyi dışarıda geçiriyor. Köy muhtarı İsmail Aydoğdu, AA muhabirine yaptığı açıklamada, bölgede 3 günden beri depremlerin sürdüğünü, 4,3 büyüklüğündeki depremin köyde korkuya neden olduğunu söyledi. Aydoğdu, \"Deprem nedeniyle köydeki bazı evlerin duvarlarında çatlaklar oluştu. Büyük korku içindeyiz.\" ifadelerini kullandı. Cadde| 21.04.2025 - 07:18 3 aylık hamile olduğu öğrenilen ünlü isim, aşerdiği atıştırmalıkları takipçileriyle paylaştı. Türkiye'den ve Dünya’dan son dakika haberler, köşe yazıları, magazinden siyasete, spordan seyahate bütün konuların tek adresi milliyet.com.tr; Milliyet.com.tr haber içerikleri izin alınmadan, kaynak gösterilerek dahi iktibas edilemez, kanuna aykırı ve izinsiz olarak kopyalanamaz, başka yerde yayınlanamaz.",
    "url": "https://www.milliyet.com.tr/gundem/son-dakika-afad-duyurdu-kutahyada-4-3-buyuklugunde-korkutan-deprem-7355697",
    "source": "milliyet",
    "genre": "gundem",
    "article_date": "2025-04-22T12:16:45.943142",
    "request_date": "2025-04-22T12:16:45.943142",
    "is_empty": false
}