{
  "id": null,
  "articleId": "75938744-c0fa-419f-be7e-bdd994f8bf04",
  "title": "Error during generation",
  "content": "",
  "summary": "Al Hilal-Al Shabab maçı 2-2 bitti.  Podence ve Al Shwirekh gollerini attı, Milinkovic-Savic ve Al Dawsari Al Hilal için oynadı.",
  "longerSummary": "Suudi Arabistan Pro Ligi'nin 29. haftasında Riyad'daki Kingdom Arena'da Al Hilal ile Al Shabab karşı karşıya geldi.  Maç, 2-2'lik beraberlikle sonuçlandı.\n\nAl Shabab, Daniel Podence'in 7. dakikadaki golüyle öne geçti. Al Hilal, Sergej Milinkovic-Savic'in 31. dakikadaki golüyle beraberliği sağladı.  İkinci yarıda Salim ed-Devseri (Al Dawsari olarak da geçiyor) 46. dakikada Al Hilal'i öne geçirdi, ancak Mohammed Al Shwirekh 68. dakikada Al Shabab için skoru eşitledi.\n\nMaç sonucunda Al Hilal 62 puanla ligde ikinci sırada, Al Shabab ise 51 puanla altıncı sırada yer aldı. Fatih Terim yönetimindeki Al Shabab, son 9 maçını yenilgi almadan tamamlayarak 5 galibiyet ve 4 beraberlik elde etti.",
  "category": "Spor",
  "tags": [],
  "source": [
    "https://www.ensonhaber.com/dunya/riyadda-terim-ve-jesusun-duellosunda-kazanan-cikmadi",
    "https://www.cnnturk.com/spor/futbol/fatih-terimli-al-shabab-al-hilalle-yenisemedi-2273540"
  ],
  "location": null,
  "popularityScore": 0,
  "createdAt": null,
  "image": "image.jpg",
  "priority": null
}