{
  "id": null,
  "articleId": "d6908557-00a8-43c5-89e6-66353d09f573",
  "title": "2025 Vekaletle Kurban Kesim Organizasyonu",
  "content": "",
  "summary": "2025 vekalet kurban bedelleri yurt içi 13.500 TL, yurt dışı 5.450 TL. Geçen yıl 34 milyon kişiye kurban eti ulaştırıldı.",
  "longerSummary": "Diyanet İşleri Başkanı Ali Erbaş, 2025 Vekaletle Kurban Kesim Organizasyonu Toplantısı'nda yaptığı konuşmada kurban ibadetinin Hz. Adem'e kadar uzanan köklü bir geçmişe sahip olduğunu ve öz ve biçim bakımından dini kaidelerle belirlenmiş, yerine başka bir ibadetin ikame edilemeyeceğini vurguladı.  Kurbanın parasını dağıtmak veya başka ibadetler yapmakla kurban borcunun yerine getirilmeyeceğini belirtti.\n\nErbaş, Türkiye Diyanet Vakfı'nın (TDV) dünyanın her yerine, ayrım gözetmeksizin yardım ulaştırdığını ve Müslüman azınlıklar, savaş mağdurları, yoksullar ve kimsesizler için umut kaynağı olduğunu ifade etti.  TDV'nin 50 yıllık tecrübesiyle vekaletle kurban kesiminde örnek bir organizasyon olduğunu belirterek, geçen yıl 747 bin 52 hisse kurbanın yurt içinde ve dışında 34 milyon 737 bin 918 kişiye ulaştırıldığını, bunun 1 milyon 50 bininin Filistinli olduğunu açıkladı.\n\n2025 yılı için 80 ülke ve 365 bölgede kurban kesimini hedeflediklerini belirten Erbaş, yurt içinde vekalet kurban bedellerinin sırasıyla 13.500 TL ve 5.450 TL olarak belirlendiğini açıkladı.  Bağış yapılabilecek yöntemler arasında TDV'nin web siteleri, mobil uygulama, müftülükler, şubeler, din görevlileri, PTT şubeleri ve anlaşmalı bankalar yer alıyor. Yurt dışı bağışları için ise din hizmetleri müşavirlikleri, ataşelikler ve cami dernekleri belirtildi.  \"Kurbanını Paylaş, Kardeşinle Yakınlaş\" temasıyla daha fazla insana ulaşmayı hedefledikleri belirtildi.",
  "category": "Din",
  "tags": [],
  "source": [
    "https://www.milliyet.com.tr/ekonomi/son-dakika-2025-yili-kurban-kesim-bedeli-aciklandi-7355966",
    "https://www.cnnturk.com/ekonomi/son-dakika-kurban-kesim-bedeli-belli-oldu-2273610"
  ],
  "location": null,
  "popularityScore": 0,
  "createdAt": null,
  "image": "image.jpg",
  "priority": null
}