{
    "title": "TÜİK o veriyi paylaştı! Nisanda geriledi",
    "content": "Tüketici güven endeksi nisanda aylık bazda yüzde 2,3 azalışla 83,9 oldu.Türkiye İstatistik Kurumu (TÜİK), nisan ayına ilişkin tüketici güven endeksi verilerini açıkladı.Buna göre, TÜİK ve Türkiye Cumhuriyet Merkez Bankası işbirliğiyle yürütülen Tüketici Eğilim Anketi sonuçlarından hesaplanan tüketici güven endeksi martta 85,9 iken bu ay yüzde 2,3 azalışla 83,9 olarak kayıtlara geçti.Mevcut dönemde hanenin maddi durumu endeksi geçen ay 70,9 iken nisanda yüzde 2,5 azalışla 69,1'e geriledi.Gelecek 12 aylık dönemde hanenin maddi durum beklentisi endeksi martta 84,7 iken bu ay yüzde 0,5 azalış kaydederek 84,3 oldu.Geçen ay 84,6 olan gelecek 12 aylık dönemde genel ekonomik durum beklentisi endeksi yüzde 2,2 düşüşle nisanda 82,8 olarak hesaplandı.Gelecek 12 aylık dönemde dayanıklı tüketim mallarına harcama yapma düşüncesi endeksi ise martta 103,2 iken bu ay yüzde 3,8 azalışla 99,3 olarak hesaplandı.",
    "url": "https://www.ahaber.com.tr/ekonomi/2025/04/22/tuik-o-veriyi-paylasti-nisanda-geriledi",
    "source": "ahaber",
    "genre": "ekonomi",
    "article_date": "2025-04-22T12:17:21.590850",
    "request_date": "2025-04-22T12:17:21.590850",
    "is_empty": false
}