{
    "title": "TÜİK, nisan ayı tüketici güven endeksini açıkladı",
    "content": "Türkiye İstatistik Kurumu ve Türkiye Cumhuriyet Merkez Bankası işbirliği ile yürütülen tüketici eğilim anketi sonuçlarından hesaplanantüketici güven endeksi, Nisan ayında yüzde 2,3 oranında azalarak 83,9 oldu. Endeks Mart ayında 85,9 değerini almıştı. Mevcut dönemde hanenin maddi durumu 69,1'e gerilerken gelecek 12 aylık dönemde hanenin maddi durum beklentisi 84,3 olarak kaydedildi. Gelecek 12 aylık dönemde genel ekonomik durum beklentisi 84,6'dan 82,8'e indi. Gelecek 12 aylık dönemde dayanıklı tüketim mallarına harcama yapma düşüncesi de 99,3'e geriledi. TÜKETİCİ GÜVEN ENDEKSİ NEDİR? Türkiye İstatistik Kurumu ve Türkiye Cumhuriyet Merkez Bankası işbirliği ile yürütülen tüketici eğilim anketi sonuçlarından hesaplanan tüketici güven endeksi 0-200 aralığında değer alabiliyor. Tüketici güven endeksinin 100'den büyük olması tüketici güveninde iyimser durumu, 100'den küçük olması tüketici güveninde kötümser durumu gösteriyor",
    "url": "https://www.cnnturk.com/ekonomi/tuik-nisan-ayi-tuketici-guven-endeksini-acikladi-2273561",
    "source": "cnnturk",
    "genre": "ekonomi",
    "article_date": "2025-04-22T12:17:36.920737",
    "request_date": "2025-04-22T12:17:36.920737",
    "is_empty": false
}