{
    "title": "TÜİK açıkladı: Ekonomiye güven nisanda düştü",
    "content": "TÜİK verilerine göre, ekonomik güven endeksi mart ayında 85,9 iken Nisan ayında yüzde 2,3 oranında azalarak 83,9 oldu. Türkiye İstatistik Kurumu, nisan ayı ekonomik güven endeksini açıkladı. Ekonomik güven endeksi mart ayında 85,9 iken nisan ayında yüzde 2,3 oranında azalarak 83,9 oldu. Ekonomik güven endeksi 0-200 aralığında değer alıyor. Ekonomik güven endeksinin 100'den büyük olması genel ekonomik duruma ilişkin iyimserliği, 100'den küçük olması ise genel ekonomik duruma ilişkin kötümserliği gösteriyor.   ",
    "url": "https://t24.com.tr/haber/tuik-acikladi-ekonomiye-guven-nisanda-dustu,1234316",
    "source": "t24",
    "genre": "haber",
    "article_date": "2025-04-22T12:18:37.123686",
    "request_date": "2025-04-22T12:18:37.123686",
    "is_empty": false
}