{
    "title": "Pendik'te sevgilisini bıçaklayarak öldürmüştü! İfadesi ortaya çıktı",
    "content": "Güncelleme Tarihi:Nisan 22, 2025 10:30 Olay, 18 Nisan saat 09.30 sıralarında Kaynarca Mahallesi'nde meydana geldi. Edinilen bilgiye göre, Özbekistan uyruklu Vasılahon Usmanova, birlikte yaşadığı sevgilisi R.A. tarafından bıçaklanarak öldürüldü. Olayın ardından görgü tanıkları ile görüşen polis ekipleri, ikilinin kavga ettiğini sırada R.A.'nın sevgilisini zorla bodrum kata götürmeye çalıştığını ve o sırada komşuların olaya müdahale ettiğini öğrendi. Komşularının 'dur yapma' diye bağırmalarına aldırış etmeyen şüphelinin kadını bıçakladıktan sonra kaçtığı anlar güvenlik kamerasına yansıdı. SAKLANDIĞI METRUK BİNADA YAKALADI Kamera görüntülerini izleyen polis ekipleri, kaçan şüpheliyi yakalamak için çalışma başlattı. Polis, yaptığı operasyonla şüpheli R.A.'yı saklandığı metruk binada yakaladı. Gayrettepe'de bulunan Cinayet Büro Amirliği'nde sorgusu yapılan şüpheli ve Vasılahon Usmanova'nın 13 Mart'ta İstanbul Havalimanı'ndan Türkiye'ye giriş yaptığı ve bir süredir kaldıkları evde sık sık tartıştıkları belirlendi. Polisteifadeveren R.A., aralarında çıkan tartışma sırasında kendini kaybettiğini anlatarak tam olarak ne yaptığını hatırlamadığını söylediği öğrenildi. R.A.'nın “Aramızda tartışma çıktı. Bir anda kendimi kaybettim\" dediği öğrenildi. Emniyetteki işlemleri tamamlanan şüpheli, sevk edildiği mahkemece tutuklanarak cezaevine gönderildi. Türkiye gündeminden son dakika haberleri, bugün yaşanan en son gelişmeler, siyaset gündeminden güncel haberler ve bütün son dakika haberleri için Hürriyet'in internet haber sitesi hurriyet.com.tr; Hurriyet.com.tr haber içerikleri kaynak gösterilmeden alıntı yapılamaz, Kanuna aykırı ve izinsiz olarak kopyalanamaz, başka yerde yayınlanamaz.",
    "url": "https://www.hurriyet.com.tr/gundem/pendikte-sevgilisini-bicaklayarak-oldurmustu-ifadesi-ortaya-cikti-42773022",
    "source": "hurriyet",
    "genre": "gundem",
    "article_date": "2025-04-22T12:16:53.395613",
    "request_date": "2025-04-22T12:16:53.395613",
    "is_empty": false
}