{
    "title": "Pendik'te sevgilisini bıçaklayarak öldürdü! Kan donduran ifade",
    "content": "22.04.2025 - 10:21 |                                 Son Güncellenme:22.04.2025 - 10:28 Ali AKSOYER /DHA Olay, 18 Nisan saat 09.30 sıralarında Kaynarca Mahallesi'nde meydana geldi. Edinilen bilgiye göre, Özbekistan uyrukluVasılahon Usmanova, birlikte yaşadığı sevgilisi R.A. tarafından bıçaklanarak öldürüldü. Olayın ardından görgü tanıkları ile görüşen polis ekipleri, ikilinin kavga ettiğini sırada R.A.'nın sevgilisini zorla bodrum kata götürmeye çalıştığını ve o sırada komşuların olaya müdahale ettiğini öğrendi. Komşularının 'dur yapma' diye bağırmalarına aldırış etmeyen şüphelinin kadını bıçakladıktan sonra kaçtığı anlar güvenlik kamerasına yansıdı. SAKLANDIĞI METRUK BİNADA YAKALADI Kamera görüntülerini izleyen polis ekipleri, kaçan şüpheliyi yakalamak için çalışma başlattı. Polis, yaptığı operasyonla şüpheli R.A.'yı saklandığı metruk binada yakaladı. Gayrettepe'de bulunanCinayetBüro Amirliği'nde sorgusu yapılan şüpheli ve Vasılahon Usmanova'nın 13 Mart'ta İstanbul Havalimanı'ndan Türkiye'ye giriş yaptığı ve bir süredir kaldıkları evde sık sık tartıştıkları belirlendi. Poliste ifade veren R.A., aralarında çıkan tartışma sırasında kendini kaybettiğini anlatarak tam olarak ne yaptığını hatırlamadığını söylediği öğrenildi. Emniyetteki işlemleri tamamlanan şüpheli, sevk edildiği mahkemece tutuklanarak cezaevine gönderildi.  Cadde| 22.04.2025 - 07:10 Son dönemin en popüler isimlerimden biri olan ünlü oyuncu Afra Saraçoğlu imaj değişikliğine gitti. Yeni saçlarını Instagram hesabından paylaşan Afra Saraçoğlu binlerce beğeni aldı. Türkiye'den ve Dünya’dan son dakika haberler, köşe yazıları, magazinden siyasete, spordan seyahate bütün konuların tek adresi milliyet.com.tr; Milliyet.com.tr haber içerikleri izin alınmadan, kaynak gösterilerek dahi iktibas edilemez, kanuna aykırı ve izinsiz olarak kopyalanamaz, başka yerde yayınlanamaz.",
    "url": "https://www.milliyet.com.tr/gundem/pendikte-sevgilisini-bicaklayarak-oldurdu-kan-donduran-ifade-7355909",
    "source": "milliyet",
    "genre": "gundem",
    "article_date": "2025-04-22T12:16:45.052516",
    "request_date": "2025-04-22T12:16:45.052516",
    "is_empty": false
}