{
    "title": "İstanbul'daÖzbekistanuyruklu kadının korkunç sonu! Komşular görünce 'Dur yapma' diye bağırdı!",
    "content": "Kan donduran olay, 18 Nisan saat 09.30 sıralarında Kaynarca Mahallesi'nde yaşandı... Özbekistan uyruklu Vasılahon Usmanova, birlikte yaşadığı sevgilisi R.A. tarafından bıçaklanarak katledildi.  Olayın ardından görgü tanıkları ile görüşen polis ekipleri, ikilinin kavga ettiğini sırada R.A.'nın sevgilisini zorla bodrum kata götürmeye çalıştığını ve o sırada komşuların olaya müdahale ettiğini öğrendi. Komşularının 'dur yapma' diye bağırmalarına aldırış etmeyen şüphelinin kadını bıçakladıktan sonra kaçtığı anlar güvenlik kamerasına yansıdı.  CANİ KISA SÜREDE YAKALANDIKamera görüntülerini izleyen polis ekipleri, kaçan şüpheliyi yakalamak için çalışma başlattı. Pendik'te sevgilisini bıçaklayarak öldürdü: 'Bir anda kendimi kaybettim' | Video Polis, yaptığı operasyonla şüpheli R.A.'yı saklandığı metruk binada yakaladı.  Gayrettepe'de bulunan Cinayet Büro Amirliği'nde sorgusu yapılan şüpheli ve Vasılahon Usmanova'nın 13 Mart'ta İstanbul Havalimanı'ndan Türkiye'ye giriş yaptığı ve bir süredir kaldıkları evde sık sık tartıştıkları belirlendi.  Poliste ifade veren R.A., aralarında çıkan tartışma sırasında kendini kaybettiğini anlatarak tam olarak ne yaptığını hatırlamadığını söylediği öğrenildi. Emniyetteki işlemleri tamamlanan şüpheli, sevk edildiği mahkemece tutuklanarak cezaevine gönderildi.",
    "url": "https://www.sabah.com.tr/yasam/istanbulda-ozbekistan-uyruklu-kadinin-korkunc-sonu-komsular-gorunce-dur-yapma-diye-bagirdi-7339051",
    "source": "sabah",
    "genre": "yasam",
    "article_date": "2025-04-22T12:17:49.616042",
    "request_date": "2025-04-22T12:17:49.616042",
    "is_empty": false
}