{
    "title": "Yenidoğan çetesi davasının dördüncü duruşması devam ediyor",
    "content": "Bakırköy 22. Ağır Ceza Mahkemesi tarafından adliyenin konferans salonunda yapılan duruşmaya, organize suç örgütü elebaşı olduğu iddia edilen doktor Fırat Sarı'nın da aralarında bulunduğu 29 tutuklu sanık ile bazı tutuksuz sanıklar, müştekiler ve avukatlar katıldı. Ayrıca duruşmaya başka suçtan tutuklu olan sanık Mustafa Kemal Zengin de getirildi. Çok sayıda basın mensubunun takip ettiği duruşmanın yapıldığı salonda polis ekiplerince yoğun güvenlik önlemi alındı. Duruşma sanık savunmalarının alınmasıyla devam ediyor. Bakırköy Cumhuriyet Başsavcılığınca hazırlanan 1399 sayfalık iddianamede, sanık doktor Fırat Sarı'nın elebaşı olduğu suç örgütünün sevk ve idaresini sanık doktor İlker Gönen ile 112 Acil Çağrı Merkezi ambulans şoförü Gıyasettin Mert Özdemir'in yaptığı belirtiliyor. İddianamede, suç örgütünün esas amacının, işletmesini devraldıkları yenidoğan yoğun bakım ünitelerinin 112 sevk sistemini bertaraf edip doluluğunu sağlamak, hastaların basamaklarıyla oynama yapıp, Sosyal Güvenlik Kurumundan (SGK) üst sınırda ödeme almak olduğu kaydediliyor. Sanıklarca hasta bebeklerin durumunun olduğundan daha ağır gösterildiği, olması gerekenden daha uzun süre yatışlarının sağlandığı belirtilen iddianamede, bu şekilde SGK'den yüksek ücret tahsil edildiği ve bazı hasta yakınlarından fazla para alındığı anlatılıyor. Bebek hastaların, uygun sağlık hizmeti almasını sağlayacak hastanelere sevki yerine şüphelilerin seçtiği, örgüt adına karlı görünen hastanelere yatırıldığı bildirilen iddianamede, karın çoğunun sağlık çalışanı olan örgüt üyesi sanıklarla paylaşıldığı ifade ediliyor. Esas amacın, bebeklerin sağlık durumunun iyileştirilmesi yerine maddi açıdan en fazla kazancın elde edilmesi olduğu iddianamede yer alıyor. İddianamede, sanıklar Fırat Sarı ve İlker Gönen için 10 bebeğin ölümü nedeniyle \"kasten öldürmenin ihmali davranışla işlenmesi\", \"nitelikli dolandırıcılık\" ve \"suç işlemek amacıyla örgüt kurmak\" suçlarından 10 kez, \"resmi belgede sahtecilik\" suçundan da 11 kez uygulanmak üzere toplam 177 yıl 6'şar aydan 582 yıl 9'ar aya kadar hapis cezası talep ediliyor. Sanık Gıyasettin Mert Özdemir'in ise \"kasten öldürmenin ihmali davranışla işlenmesi\", \"kişisel verilerin hukuka aykırı ele geçirilmesi\", \"kamu kurum ve kuruluşlarının zararına dolandırıcılık\", \"suç işlemek amacıyla örgüt kurma\" ve \"resmi belgede sahtecilik\" suçlarından 180 yıldan 589 yıl 9 aya kadar hapisle cezalandırılması isteniyor. 8'i kadın 44 sanık hakkında da benzer suçlardan hapis cezaları öngörülüyor. İddianamede, \"dolandırıcılık\" suçu işlenerek maddi menfaat temin edilen sorumlu hastaneler ve şirketler için de tüzel kişilere özgü güvenlik tedbiri uygulanması, bunların kapatılıp mal varlıklarına el konulması talep ediliyor. Soruşturma kapsamında İstanbul'da 9, Tekirdağ Çorlu'da 1 hastanenin ruhsatı iptal edilmiş, bu hastanelerde tedavi gören bebekler ve hastalar ambulanslarla kamu hastanelerine sevk edilmişti. Öte yandan yenidoğan çetesine ilişkin soruşturmayı yürüten Büyükçekmece Cumhuriyet Savcısı Yavuz Engin'i makamında ölümle tehdit edenler de tutuklanmıştı. Bu arada, davanın sanıklarından İlker Gönen, Antalya'da tutuklu bulunduğu cezaevinde 1 Şubat'ta intihar etmişti. Bakırköy Cumhuriyet Başsavcılığınca \"yenidoğan çetesi\"ne yönelik Büyükçekmece Cumhuriyet Başsavcılığının fezlekesi doğrultusunda hazırlanan 57 sayfalık iddianamede ise 13 kişi \"şüpheli\", Sosyal Güvenlik Kurumu \"suçtan zarar gören\" olarak yer alıyor. Firari hemşire Serenay Şenkalaycı'nın iki dosyada da şüpheli olarak yer aldığı iddianame, \"yenidoğan çetesi\"ne ilişkin Bakırköy 22. Ağır Ceza Mahkemesi'nde yargılaması devam eden ana dosyasıyla birleştirildi.",
    "url": "https://www.dunya.com/gundem/yenidogan-cetesi-davasinin-dorduncu-durusmasi-devam-ediyor-haberi-773179",
    "source": "dunya",
    "genre": "gundem",
    "article_date": "2025-04-22T12:18:26.196455",
    "request_date": "2025-04-22T12:18:26.196455",
    "is_empty": false
}