{
    "title": "'Yenidoğan Çetesi' davasında duruşma başladı! Savcıyı tehdit eden Mustafa Kemal Zengin hakim karşısında...",
    "content": "Güncelleme Tarihi:Nisan 22, 2025 12:06 Bakırköy 22. Ağır Ceza Mahkemesi’nde adliyenin konferans salonunda görülen duruşma saat 11.00 sıralarında başladı. Duruşmaya doktor Fırat Sarı'nın da aralarında bulunduğu 30 tutuklu sanıkla bazı tutuksuz sanıklar, müştekiler ve avukatlar katıldı. Davanın görülmeye devam edilen dördüncü duruşmasındasavcıYavuz Engin'itehditedenMustafa Kemal Zengin'in savunma yapması bekleniyor. \"YA BEN YA NİGAR DEMİŞ\" Tutuklu sanıklardan hemşire Nigar Kubilay, \"Başhemşire olarak çalıştım. Fırat Sarı ile anlaşamadık beni yönetime şikayet etmiş. Yönetim bana 'Fırat Bey ile aynı ortamda bulunma' dedi. Bir süre sonra da kovuldum. Yönetime gidip 'Ya ben Ya Nigar' demiş. Daha sonra başka bir yere geçtim orada Yenidoğan biriminde işe başladım ama Fırat Sarı'nın orasıyla ilgilendiğini öğrendim hatta yönetime gidip daha önce yaşadığımız olayları anlattım. 'Sorun yok' dediler. Ben epikriz yazmadım hemşirenin sorumluluğunda değildir. Hasta öldüğünde epikriz yazılması gerekir ama sistemde yazılmamış görünüyordu. Ben de yazılması gerektiğini hatırlattım\" dedi. Fırat Sarı'nın mesaj geçmişinde Nigar Kubilay hakkında 'İşine geleni yapıyor. Buna niye yüz veriyorsun. Kanlı Nigar' dediği öğrenildi. Bunun üzerine Nigar Kubilay, \"Aramızda husumet vardı böyle demeleri çok normal. Ancak ben epikriz yazmadım\" dedi. \"BANA HASTA BULUN\" DEDİĞİNİZ GÖRÜNÜYOR Mahkeme Başkanının, \"Konuşma kayıtlarında 'Bana hasta bulun' dediğiniz görüyor bunun hakkındaki savunmanız ne?\" sorusu üzerine Kubilay \"Hastane yönetimi bizden hasta bulmamızı istiyordu bu nedenle ben de hasta bulmamız gerektiğini söyledim\" dedi. Sanık Nigar Kubilay'ın savunmasının devamında, mesul müdürün ve başhekimin ayrı ayrı kişiler olduğunu ve görevlerinin farklı olduğunu belirtmesi üzerine, Mahkeme Başkanı, \"Bu bilgiyi ilk kez sizden duyuyorum. Kaç celsedir böyle bir bilgiyi kimse söylemedi\" dedi. Türkiye gündeminden son dakika haberleri, bugün yaşanan en son gelişmeler, siyaset gündeminden güncel haberler ve bütün son dakika haberleri için Hürriyet'in internet haber sitesi hurriyet.com.tr; Hurriyet.com.tr haber içerikleri kaynak gösterilmeden alıntı yapılamaz, Kanuna aykırı ve izinsiz olarak kopyalanamaz, başka yerde yayınlanamaz.",
    "url": "https://www.hurriyet.com.tr/gundem/yenidogan-cetesi-davasinda-durusma-basladi-savciyi-tehdit-eden-mustafa-kemal-zengin-hakim-karsisinda-42773167",
    "source": "hurriyet",
    "genre": "gundem",
    "article_date": "2025-04-22T12:16:53.678954",
    "request_date": "2025-04-22T12:16:53.678954",
    "is_empty": false
}