{
    "title": "Yenidoğan duruşması devam ediyor! Fırat Sarı yüzünden işten çıkarıldım",
    "content": "22.04.2025 - 11:46 |                                 Son Güncellenme:22.04.2025 - 12:14 Bakırköy 22. Ağır Ceza Mahkemesi'nde görülen duruşmaya aralarında örgüt lideri olduğu iddia edilenFırat Sarı’nın da arasında olduğu 30 tutuklu sanık katıldı. Öte yandan celse arasında bu dosya ile birleştirilen aralarında soruşturma savcısı Yavuz Engin’i tehdit eden Mustafa Kemal Zengin’in de arasında olduğu 13 sanık da duruşmada yer aldı. “YÖNETİM FIRAT SARI'YI SEÇTİ” Dün dinlenen 6 sanığın ardından duruşma bugün de sanık savunmaları ile devam etti. İlk olarak hemşire sanıkNigar Kubilaysavunmasını yaptı. Daha önce çalıştığı bir hastaneden sanık Fırat Sarı yüzünden çıkarıldığını anlatan Kubilay, “Fırat Sarı ile anlaşamıyorduk. Tartıştık. Sonrasında yönetim beni görüşmeye çağırdı ve işimesonverdiklerini söyledi. Sebebini sorduğumda Fırat Sarı’nın, ‘Ya ben ya o’ dediğini söylediler. Yönetim de tabi ki Fırat Sarı’yı seçti” dedi. “ÖRGÜTLE ALAKAM YOK” Daha sonra Bağcılar Medilife Hastanesi’ne işe başladığını anlatan Nigar Kubilay, “Fırat Sarı o hastaneye de yenidoğan bölümüne danışmanlık veriyordu” dedi. Bir örgüt varsa da kendisinin alakası olmadığını söyleyen Kubilay, “Benim örgütle bir muhatabım yoktur. Hesabıma para girişi yoktur. Hiçbir suçlamayı kabul etmiyorum” dedi. Cadde| 22.04.2025 - 07:10 Son dönemin en popüler isimlerimden biri olan ünlü oyuncu Afra Saraçoğlu imaj değişikliğine gitti. Yeni saçlarını Instagram hesabından paylaşan Afra Saraçoğlu binlerce beğeni aldı. Türkiye'den ve Dünya’dan son dakika haberler, köşe yazıları, magazinden siyasete, spordan seyahate bütün konuların tek adresi milliyet.com.tr; Milliyet.com.tr haber içerikleri izin alınmadan, kaynak gösterilerek dahi iktibas edilemez, kanuna aykırı ve izinsiz olarak kopyalanamaz, başka yerde yayınlanamaz.",
    "url": "https://www.milliyet.com.tr/gundem/son-dakika-yenidogan-durusmasi-devam-ediyor-firat-sari-yuzunden-isten-cikarildim-7355986",
    "source": "milliyet",
    "genre": "gundem",
    "article_date": "2025-04-22T12:16:45.708762",
    "request_date": "2025-04-22T12:16:45.708762",
    "is_empty": false
}