{
    "title": "E-ticarette temsilci atamayana af yok",
    "content": "Ticaret Bakanlığı'nın e-ticarette 1 Nisan'da yürürlüğe aldığı düzenleme kapsamında yurtdışından Türkiye'ye satış yapan satıcılar ve e-ticaret platformlarına temsilci bulundurma zorunluluğu getirilmişti. Ancak başta en fazla e-ithalatın yapıldığı Çinli Temu olmak üzere birçok platform ve satıcının henüz temsilcilik açmadığı öğrenildi. Bu durum halk sağlığı ve kanserojen ürün denetimi gibi kritik konularda muhatap bulunmasını zorlaştırırken Bakanlık, temsilcilik bulundurmayan firmalara erişim engeli getirmek için kolları sıvadı. TEMU'YA ERİŞİM ENGELİBu zorunluluğun muhatabı yurtdışı menşeli e-ticaret platformlarında satış yapan satıcılar olsa da e-ticaret platformlarının kendilerinin de satıcıları için bu görevi üstlenmesi mümkün kılındı. Yönetmeliğin yayımlanması sonrasında özellikle yurtdışı menşeli Temu gibi e-ticaret platformlarına yönelik bilgilendirme faaliyetleri yürütülürken, platformlarında satıcılarına gerekli bilgilendirmeleri yapmaları hatırlatıldı. Temu platformu henüz temsilcilik açmazken Türkiye'nin uyarılarını da dikkate almadı. Yönetmeliğin yürürlük tarihi olan 1 Nisan sonrasında Türkiye'de henüz temsilci atamayan satıcıların tespitine yönelik çalışmalar yürütülürken, yükümlülüğünü yerine getirmeyen satıcılara erişim engeli uygulanacak. Ayrıca, şikayet, ihbar ve denetim gibi araçlar ile yönetmeliğin bu hükmüne uyulmadığının yaygın olarak görülmesi halinde ithalatta da denetim yoluna gidilecek.200 BİN BEYANNAME ALARMIE-ithalat kapsamında yurtdışından sipariş verilen her bir eşyaya satıcısı tarafından belge düzenlenmesi gerekirken, birçok gönderi için belge düzenlenmediği ve bu durumun kontrolünde güçlük yaşandığı belirlendi. Gümrük işlemleri esnasında aranma koşulu veya beyan zorunluluğunun teyiti günlük ortalama 200 bin civarındaki beyannamenin tek tek kırmızı hat kriterinde kontrolünü gerektiriyor.ERİŞİM ENGELİ İÇİNBAŞVURU BTK'YAYAPILACAKEdinilen bilgiye göre, bakanlık yasalara uygun olmayan platform ve ürün linklerini kapatmak için Bilgi Teknolojileri ve İletişim Kurumu'na (BTK) başvuracak. BTK ise başvuruyu Erişim Sağlayıcıları Birliği'ne bildirecek. Karar 24 saat içinde sulh ceza hakiminin onayına sunulacak, hakim kararını en geç 48 saat içerisinde açıklayacak. Erişimi engellenen satıcıların mahkemeye 7 günlük itiraz süresi bulunacak.  Temu platformu henüz temsilcilik açmazken Türkiye'nin uyarılarını da dikkate almadı. Yönetmeliğin yürürlük tarihi olan 1 Nisan sonrasında Türkiye'de henüz temsilci atamayan satıcıların tespitine yönelik çalışmalar yürütülürken, yükümlülüğünü yerine getirmeyen satıcılara erişim engeli uygulanacak. Ayrıca, şikayet, ihbar ve denetim gibi araçlar ile yönetmeliğin bu hükmüne uyulmadığının yaygın olarak görülmesi halinde ithalatta da denetim yoluna gidilecek. 200 BİN BEYANNAME ALARMIE-ithalat kapsamında yurtdışından sipariş verilen her bir eşyaya satıcısı tarafından belge düzenlenmesi gerekirken, birçok gönderi için belge düzenlenmediği ve bu durumun kontrolünde güçlük yaşandığı belirlendi. Gümrük işlemleri esnasında aranma koşulu veya beyan zorunluluğunun teyiti günlük ortalama 200 bin civarındaki beyannamenin tek tek kırmızı hat kriterinde kontrolünü gerektiriyor. ERİŞİM ENGELİ İÇİNBAŞVURU BTK'YAYAPILACAKEdinilen bilgiye göre, bakanlık yasalara uygun olmayan platform ve ürün linklerini kapatmak için Bilgi Teknolojileri ve İletişim Kurumu'na (BTK) başvuracak. BTK ise başvuruyu Erişim Sağlayıcıları Birliği'ne bildirecek. Karar 24 saat içinde sulh ceza hakiminin onayına sunulacak, hakim kararını en geç 48 saat içerisinde açıklayacak. Erişimi engellenen satıcıların mahkemeye 7 günlük itiraz süresi bulunacak.",
    "url": "https://www.sabah.com.tr/ekonomi/e-ticarette-temsilci-atamayana-af-yok-7338715",
    "source": "sabah",
    "genre": "ekonomi",
    "article_date": "2025-04-22T12:17:49.001881",
    "request_date": "2025-04-22T12:17:49.001881",
    "is_empty": false
}