{
    "title": "Temsilci atamayana af yok!",
    "content": "TicaretBakanlığı'nın e-ticarette 1 Nisan'da yürürlüğe aldığı düzenleme kapsamında yurt dışından Türkiye'ye satış yapan satıcılar ve e-ticaret platformlarına temsilci bulundurma zorunluluğu getirilmişti. Ancak başta en fazla e-ithalatın yapıldığı Çinli Temu olmak üzere birçok platform ve satıcının henüz temsilcilik açmadığı öğrenildi. Bu durum halk sağlığı gibi kritik konularda muhatap bulunmasını zorlaştırırken; temsilcilik bulundurmayan firmalara erişim engeli için kollar sıvandı.",
    "url": "https://www.takvim.com.tr/ekonomi/2025/04/22/temsilci-atamayana-af-yok",
    "source": "takvim",
    "genre": "ekonomi",
    "article_date": "2025-04-22T12:18:11.556581",
    "request_date": "2025-04-22T12:18:11.556581",
    "is_empty": false
}