{
    "title": "TEMU'ya satış yasağı geliyor! e-Ticaret'te temsilci atamayan yandı",
    "content": "CEVDET FIRAT AYDOĞMUŞ -Yurt dışından Türkiye’ye satış yapan satıcılar vee-Ticaretplatformlarından temsilci bulundurma mecburiyetini yerine getirmeyenler takipte. Ticaret Bakanlığı, en fazla e-İthalat’ın yapıldığı platform olan Çinli Temu başta olmak üzere birçok phlatformun temsilcilik açmadığını bildirdi. Bu durumun, kanserojen ürün dahil kritik konularda halk sağlığına ilişkin denetimleri zorlaştırdığını açıklayan Bakanlık, temsilcilik açmayan firmalara erişim engeli için kolları sıvadı. Ticaret Bakanlığı’nın ‘Uzaktan İletişim Araçları Yoluyla Piyasaya Arz Edilen Ürünlerin Piyasa Gözetem ve Denetim Yönetmeliği’ 1 Nisan 2025’te yürürlüğe girmişti. Yönetmelikle, e-İthalat yoluyla ülkeye giren ürünlerin sağlık açısından kontrolünün yapılması ile tüketici haklarının korunması amaçlanıyor. Yönetmeliğin yürürlüğe girmesine, Ticaret Bakanlığı yetkililerinin söz konusu platformlara bilgilendirme yapmasına rağmen, Temu ve benzeri şirketler temsilcilik açma yolunda bir girişimde bulunmadı, Türkiye’nin uyarılarını dikkate almadı. Bu nedenle 1 Nisan sonrasında temsilcilik atamayanların tespitine yönelik çalışma yürütülürken, yönetmeliğe uymayanlara erişim engeli uygulanacağı açıklandı. İlgili HaberE-Ticaret’in de ‘odası’ olacak! Türkiye’de ilk olacak çalışma, esnafa rehberlik edecek Yönetmeliğe göre yurt dışından sipariş verilen her eşya için satıcının belge düzenlemesi gerekiyor ancak bu kurala uyulmadığı gözleniyor. Bunun yanında Türkiye’ye 2024 yılında 21 milyon civarı e-Ticaret gönderisi farklı ülkelerden ulaştı ve beyana konu edildi. Bir pakette farklı göndericilere ait gönderiler de işleme alındı.Ancak beyan zorunluluğu olan günlük ortalama 200 bin civarındaki beyannamenin tek tek kırmızı hat kriterinde kontrolü gerektiği, bunun ise dünyanın hiçbir yerinde uygulanabilir bir seviyede olmadığı ifade ediliyor. Bu nedenle Ticaret Bakanlığı, Bilgi Teknolojileri Kurumu’na (BTK) başvuru yaparak erişim engeli isteyecek. İlgili kurumların dahil olacağı süreçte karara 7 günlük itiraz zamanı bulunacak. İlgili HaberInfluencer’a yaptırılan reklamdan da sorumlular! Yasa ve yönetmelikler tamam, e-ticaret’te denetim dönemi başlıyor",
    "url": "https://www.turkiyegazetesi.com.tr/ekonomi/e-ticarette-temsilci-atamayan-yandi-temuya-satis-yasagi-geliyor-1110413",
    "source": "turkiye_gazetesi",
    "genre": "ekonomi",
    "article_date": "2025-04-22T12:18:21.166623",
    "request_date": "2025-04-22T12:18:21.166623",
    "is_empty": false
}