{
    "title": "Fenerbahçe'nin Kayserispor beraberliği sonrası tribünlerden yönetime tepki: Ali Koç istifa!",
    "content": "Fenerbahçe,Trendyol Süper Lig'in 32. haftasındaKayserisporile Ülker Stadyumu'nda karşılaştı. Gökhan Sazdağı ve Nazon ile iki kez öne geçen sarı kırmızılılara karşı Kanarya üç defa karşılık verdi. Skor 3-2 iken 90+4'te gelen Taha Sarıarslan'ın gol vuruşu, skoru 3-3 olarak belirledi.  Mücadele beraberlikle sona ererken tribünlerden de istifa tepkileri yükseldi. Fenerbahçe tribünleri yönetime tepki gösterdi (AA)  Uzun süredir Koç ve ekibini göreve bırakması konusunda sık sık mesaj gönderen taraftarlar, yaşanan puan kaybı sonrası yine tepki gösterdi. Fenerbahçeli taraftarlar DJ kabinine yumruk attı (X) DJ KABİNİNE SALDIRDILAR Taraftarların protestoları sırasında statta yüksek sesle müzik açılması, tansiyonu daha da yükseltti. Tribünlerin tepkisini bastırmak amacıyla yapıldığı iddia edilen bu hamle, bazı taraftarlar tarafından provokasyon olarak algılandı. Bu durum tribünlerde gergin anlara yol açtı.  Tepkilerin artması üzerine bazı taraftarlar, müzik yayınının yapıldığı bölüme yöneldi. Taraftardan yönetime tepki (DHA)  Yayın kabinine giden taraftarlar, burada küfürlü tezahüratlarda bulunarak camlara yumruk attı. Yaşanan bu gerginlik stat içinde kısa süreli kaosa neden oldu.  Taraftardan yönetime tepki (İHA) Olayın büyümesini önlemek amacıyla devreye güvenlik güçleri girdi. Yayın kabini çevresindeki taraftarlar bölgeden uzaklaştırılırken, olayın kontrolden çıkması engellendi.    ",
    "url": "https://www.takvim.com.tr/spor/2025/04/21/fenerbahce-tribunlerinden-ali-koc-ve-yonetimine-istifa-tepkisi",
    "source": "takvim",
    "genre": "spor",
    "article_date": "2025-04-22T12:18:12.514283",
    "request_date": "2025-04-22T12:18:12.514283",
    "is_empty": false
}