{
    "title": "Serhat Akın canlı yayında adeta çıldırdı! \"Yapıymış mapıymış hepsi hikaye\"",
    "content": "Fenerbahçe, Süper Lig'in 32'nci haftasında Kayserispor'la 3-3 berabere kaldı, zirveyle puan farkı 5'e yükseldi. Maçın ardından tepkilerin odak noktası Ali Koç ve teknik direktör Jose Mourinho olurken, eski Fenerbahçe futbolcusu ve futbol yorumcusu Serhat Akın adeta isyan etti. Sarı lacivertli kulübün başkanı Ali Koç'u sert bir dille eleştirirken ezeli rekabetin sona erdiğini söyleyen Akın, \"yapı falan hikaye\" dedi. İlgili HaberSergen Yalçın çok net konuştu! Fenerbahçe 3 yıldızına veda ediyor \"Ali Koç'un gidip gitmemesi bu saatten sonra mevzu bahis bile değildir\" diyen Akın, \"Türkiye'nin en büyük kulübü Fenerbahçe, 8 yıldır aynı başkan var.Başarı sıfır. Yapıymış, mapıymış, bunların hepsi hikaye ya!Yapı kim diyorsun? Cevap yok\" ifadelerini kullandı. Akın, sözlerini şöyle sürdürdü: \"Fenerbahçe bir şirket değildir. Rapor ile yönetilemez. Burası holding değil, AVM değil. Abdullah Avcı rapor verdi diye az kalsın işe alıyordu.  Bunlar bir gram üzülüyorlarsa şerefsizim ya! Ben eski profesyonel futbolcuyum ve ekrandayım diye maçlarda falan küfür edip deşarj da olamıyorum. Sabahlara kadar ağlıyorum ya! Psikolojim bozuldu. Ali Koç, Fenerbahçe - Galatasaray rekabetini bitirdi ya...\"",
    "url": "https://www.turkiyegazetesi.com.tr/spor/serhat-akin-canli-yayinda-adeta-cildirdi-yapiymis-mapiymis-hepsi-hikaye-1110469",
    "source": "turkiye_gazetesi",
    "genre": "spor",
    "article_date": "2025-04-22T12:18:20.502344",
    "request_date": "2025-04-22T12:18:20.502344",
    "is_empty": false
}