{
    "title": "Putin'den flaş ateşkes açıklaması! \"Olumlu yaklaşıyoruz\"",
    "content": "Rusya Devlet Başkanı Vladimir Putin, ateşkese her zaman olumlu yaklaştıklarını belirterek \"Bu nedenle böyle bir girişimde bulunduk\" dedi.A ATEŞKESE YEŞİL IŞIK Rusya Devlet Başkanı Vladimir Putin'in Rusya ve Ukrayna arasında Paskalya Bayramı nedeniyle ilan ettiği ateşkes sona erdi. Putin, Rusya'nın her türlü barış girişimine açık olduğunu belirterek, Ukrayna'dan da benzer bir tutum beklediğini söyledi. \"UKRAYNA'DAN BENZER TUTUM BEKLİYORUZ\" Putin,\"Ateşkese her zaman olumlu yaklaşıyoruz, bu nedenle böyle bir girişimde bulunduk. Her zaman her türlü barış girişimine olumlu yaklaştığımızı söyledik. Kiev rejiminin temsilcilerinin de aynı şekilde düşüneceğini umuyoruz\"dedi.",
    "url": "https://www.ahaber.com.tr/dunya/2025/04/21/putinden-flas-ateskes-aciklamasi-olumlu-yaklasiyoruz",
    "source": "ahaber",
    "genre": "dunya",
    "article_date": "2025-04-22T12:17:21.870313",
    "request_date": "2025-04-22T12:17:21.870313",
    "is_empty": false
}