{
    "title": "Putin: Ateşkese her zaman olumlu yaklaşıyoruz",
    "content": "Rusya Devlet Başkanı Vladimir Putin'in Rusya ve Ukrayna arasında Paskalya Bayramı nedeniyle ilan ettiği ateşkes sona erdi. Putin, Rusya'nın her türlü barış girişimine açık olduğunu belirterek, Ukrayna'dan da benzer bir tutum beklediğini söyledi. Putin, \"Ateşkese her zaman olumlu yaklaşıyoruz, bu nedenle böyle bir girişimde bulunduk. Her zaman her türlü barış girişimine olumlu yaklaştığımızı söyledik. Kiev rejiminin temsilcilerinin de aynı şekilde düşüneceğini umuyoruz\" dedi.",
    "url": "https://www.dunya.com/dunya/putin-ateskese-her-zaman-olumlu-yaklasiyoruz-haberi-773079",
    "source": "dunya",
    "genre": "dunya",
    "article_date": "2025-04-22T12:18:27.423753",
    "request_date": "2025-04-22T12:18:27.423753",
    "is_empty": false
}