{
  "id": null,
  "articleId": "53229cd9-a949-4bfe-bd34-769f35e40997",
  "title": "Divriği Ulu Cami: Mimari harikası, gizemli kabir.",
  "content": "",
  "summary": "1228'de inşa edilen Divriği Ulu Camii ve Darüşşifası, UNESCO Dünya Mirası Listesi'ndedir.  15 mezar içeren bir kabir odası mevcuttur.  Mimarisi ve motifleriyle ünlüdür.",
  "longerSummary": "1228 yılında Anadolu Selçuklu Devleti'ne bağlı Mengücek Beyliği döneminde Ahmet Şah ve eşi Melike Turan Melek tarafından yaptırılan Divriği Ulu Cami ve Darüşşifası, 9 yıllık bir restorasyon sürecinin ardından geçen yıl yeniden ziyarete açıldı.  Ahlatlı ve Tiflisli ustaların, özellikle Ahlatlı Hürrem Şah'ın taş işçiliği harikalarıyla dolu külliye, UNESCO Dünya Kültür Mirası Listesi'nde yer alıyor.\n\nKülliyenin mimarisi, uzaktan simetrik görünmesine rağmen özünde asimetrik olan, on binlerce birbirinden farklı motifle bezenmiş olmasıyla dikkat çekiyor. Bu motifler, kainattaki çeşitliliğin uyum ve dengesini temsil ediyor.  Evliya Çelebi tarafından \"Methinde diller kısır, kalem kırıktır\" diye övgüyle bahsedilen yapı, \"Anadolu'nun El Hamrası\" olarak da adlandırılıyor.\n\nDarüşşifa bölümünde bulunan bir kabir odasında, Ahmet Şah, babası Süleyman Şah, annesi Fatıma Hatun, eşi Turan Melek Hanım ve diğer aile fertlerinin olmak üzere toplam 15 mezar bulunuyor.  Kabir odasının giriş kapısındaki kalp şeklindeki terazi sembolü, ahiret hayatına ve kalbin önemine dair tasavvufi bir mesaj taşıyor.  Müezzin Nail Ayan'ın açıklamalarına göre, bu sembol, dünyada yapılan iyilik ve kötülüklerin ahirette tartılacağını ve kalbin Allah'a yöneltilmesinin önemini vurguluyor.  Sembol, ölenlerin ruhlarının, dünyalık mal mülkten değil, kalplerinin durumuna göre ahirette değerlendirileceğini ifade ediyor.",
  "category": "Kültür",
  "tags": [],
  "source": [
    "https://www.posta.com.tr/gundem/15-mezar-ve-gizemli-sembolun-sirri-unesco-listesinde-miras-2853142",
    "https://www.milliyet.com.tr/gundem/restorasyon-sonrasi-ortaya-cikan-detay-15-mezar-ve-gizemli-sembolun-sirri-7355926"
  ],
  "location": null,
  "popularityScore": 0,
  "createdAt": null,
  "image": "image.jpg",
  "priority": null
}