{
    "title": "Bakanlık, hakkında suç duyurusunda bulunacağını belirtmişti; Mükremin Gezgin'den açıklama geldi!",
    "content": "Aile ve Sosyal Hizmetler Bakanlığı'nın sosyal medya hesabında paylaştığı ve çocukların yer aldığı videosu nedeniyle fenomenMükremin Gezginhakkında suç duyusunda bulunacağı belirtildi. Gezgin, konuya ilişkin olarak yaptığı paylaşımda; \"\"Çocuklarımızın isteği üzerine yaptığım paylaşımlar hiçbir şekilde onları hedef alan veya hasar verici bir davranış değildir. Çocuklarımıza karşı en ufak bir hayasızca tutum veya müstehcenlik içerdiği iddia edilen bir görüntüm bulunmamaktadır\" dedi. Bakanlık kaynaklarından alınan bilgiye göre, Gezgin’in erkek çocuklarına ‘ben kadınım değil mi?’ diye sorduğu ve sosyal medya hesaplarından yayınladığı video nedeniyle, Bakanlığın Gezgin hakkında TCK’nın ilgili maddelerinde yer alan ‘hayasızca hareketler’ ve ‘müstehcenlik’ suçlarından suç duyurusunda bulunacağı öğrenildi. Gezgin, konuya ilişkin olarak sosyal medya hesabından şu açıklamayı yaptı: \"Çocuklarımızın isteği üzerine yaptığım paylaşımlar hiçbir şekilde onları hedef alan veya hasar verici bir davranış değildir. Çocuklarımıza karşı en ufak bir hayasızca tutum veya müstehcenlik içerdiği iddia edilen bir görüntüm bulunmamaktadır. Daha önce birçok yardım projesi ve çocuklar adına gerçekleştirdiğim bağışlarla kamuoyunun takdirini kazanmış birisi olarak, bu tür çirkin ithamlarla şahsıma yönelik yapılan tehdit ve hedef gösterme girişimlerini kesinlikle kabul etmiyorum\"   ",
    "url": "https://t24.com.tr/haber/aile-ve-sosyal-hizmetler-bakanligi-mukremin-gezgin-hakkinda-suc-duyusunda-bulunacak,1234347",
    "source": "t24",
    "genre": "haber",
    "article_date": "2025-04-22T12:18:37.559133",
    "request_date": "2025-04-22T12:18:37.559133",
    "is_empty": false
}