{
    "title": "Bakanlıktan \"Ben kadın mıyım?\" sorusuna suç duyurusu: Mükremin Gezgin'e \"hayasızca hareketler\" suçlaması",
    "content": "Aile ve Sosyal Hizmetler Bakanlığı, sosyal medya hesabında paylaştığı ve çocukların yer aldığı videosu nedeniyle fenomenMükremin Gezginhakkında suç duyusunda bulunacak. Bakanlık kaynaklarından alınan bilgiye göre, Gezgin’in erkek çocuklarına ‘ben kadınım değil mi?’ diye sorduğu ve sosyal medya hesaplarından yayınladığı video nedeniyle, Bakanlığın Gezgin hakkında TCK’nın ilgili maddelerinde yer alan ‘hayasızca hareketler’ ve ‘müstehcenlik’ suçlarından suç duyurusunda bulunacağı öğrenildi. (DHA) ",
    "url": "https://t24.com.tr/haber/bakanliktan-ben-kadin-miyim-sorusuna-suc-duyurusu-mukremin-gezgin-e-hayasizca-hareketler-suclamasi,1234257",
    "source": "t24",
    "genre": "haber",
    "article_date": "2025-04-22T12:18:37.223793",
    "request_date": "2025-04-22T12:18:37.223793",
    "is_empty": false
}