{
  "id": null,
  "articleId": "0bc329c6-bb1d-49b2-b0c3-aa84ac2fab40",
  "title": "Türkiye Petrol ve Gaz Üretimi Arttı",
  "content": "",
  "summary": "Türkiye'nin petrol ve doğalgaz üretimi artıyor; Sakarya Gaz Sahası'nın 1. fazı tamamlandı, günlük 9,5 milyon m³ üretim hedefleniyor.  Yurt içi ve yurt dışında yeni keşif ve ortaklıklar yapılıyor.",
  "longerSummary": "Türkiye'nin enerji politikası kapsamında yürütülen petrol ve gaz arama faaliyetleri ile ilgili olarak Bakan Bayraktar tarafından yapılan açıklamaların özeti aşağıdadır:\n\n**Yurtiçi Üretim ve Keşifler:**\n\n* Türkiye'nin günlük yurt içi petrol üretimi 130 bin varilin üzerinde. Gabar sahasından 80 bin varil üretim sağlanıyor.\n* Sakarya Gaz Sahası'nın birinci fazı tamamlandı ve günlük 9,5 milyon metreküp üretime ulaşıldı. İkinci faz ile üretimin iki katına çıkarılması hedefleniyor (2028'de günlük 40 milyon metreküpe ulaşılması ve tüm hanelerin doğal gaz ihtiyacının karşılanması hedefleniyor).\n* Diyarbakır'daki dört sahada, ABD ile yapılan bir anlaşma sonucu, konvansiyonel olmayan petrol ve gaz üretimi için 2025 yılında sondaj çalışmalarına başlanacak.\n* Trakya bölgesinde gaz arama çalışmaları devam ediyor.\n* Yeni keşifler için çalışmalar devam ediyor ve bulunan rezervler üretime dahil edilecek.\n\n**Yurtdışı Faaliyetler:**\n\n* Türkiye, yurt dışında da aktif olarak petrol ve gaz arama faaliyetlerine devam edecek.\n* **Azerbaycan ve Hazar Havzası:** İki yeni offshore sahasında çalışmalar yürütülüyor.\n* **Irak:** Hem Kuzey Irak hem de Güney Basra bölgelerinde sahalarla ilgileniliyor.\n* **Rusya:** Mevcut faaliyetlerin artırılması hedefleniyor.\n* **Somali:**  Karada 3, denizde 3 blok olmak üzere toplam 6 blokta arama çalışmaları başladı.  Offshore'da sismik veri toplama Mayıs sonu tamamlanacak ve yıl sonuna kadar sondaj kararı verilecek.\n* **Pakistan:** Pakistan açık denizlerinde arama yapmak üzere devlet şirketiyle anlaşma imzalandı.\n* **Bulgaristan:** Önümüzdeki ay, yabancı bir şirket ve Türkiye Petrolleri arasında Bulgaristan ekonomik bölgesinde bir blok için anlaşma imzalanacak.\n* **Macaristan:** MOL şirketiyle hem Macaristan'da hem de yurt dışında stratejik ortaklık anlaşması imzalandı.\n* **Türkmenistan:** 1 Mart'tan itibaren gaz ithalatı başladı ve gaz ile petrol sahalarıyla ilgili çalışmalar yürütülüyor.\n* **Libya:** Kısa süre içinde yeni anlaşmaların duyurulması bekleniyor.\n\n**İthalat Azaltma Stratejisi:**\n\n* Üretimi artırmak ve kaynak çeşitliliğini sağlamak (daha ucuz ve farklı kaynaklardan ithalat) yoluyla petrol ve gaz ithalatı azaltılmaya çalışılıyor.\n* Özellikle LNG alanında farklı ülkelerle işbirliği ve ticaretin artması hedefleniyor.  Türkmenistan bu konuda önemli bir örnek olarak gösteriliyor.\n\nÖzetle, Türkiye enerji bağımsızlığı için hem yurtiçi üretimi artırmayı hem de yurtdışında yeni kaynaklar keşfetmeyi ve işbirlikleri kurmayı hedefliyor.  Bu kapsamda hem konvansiyonel hem de konvansiyonel olmayan kaynaklara yönelik çalışmalar yürütülüyor ve çeşitli ülkelerle stratejik ortaklıklar geliştiriliyor.",
  "category": "Ekonomi",
  "tags": [],
  "source": [
    "https://www.dunya.com/ekonomi/bakan-bayraktar-yeni-asama-diyerek-acikladi-bir-sehirde-petrol-bir-bolgede-gaz-icin-dugmeye-basildi-haberi-773026",
    "https://www.takvim.com.tr/ekonomi/2025/04/21/yeni-kesif-yukleniyor-enerji-ve-tabii-kaynaklar-bakani-alparslan-bayraktar-acikladi-diyarbakirda-petrol-trakyada-gaz"
  ],
  "location": null,
  "popularityScore": 0,
  "createdAt": null,
  "image": "image.jpg",
  "priority": null
}