{
    "title": "Bakan Bayraktar 'Yeni aşama' diyerek açıkladı: Bir şehirde petrol, bir bölgede gaz için düğmeye basıldı",
    "content": "Ekonomi Yönetimi, Giresun'da Doğu Karadeniz Projesi (DOKAP) Eylem Planı Bilgilendirme ve İstişare Toplantısı ile bu yılın ikinci Ekonomi Koordinasyon Kurulu (EKK) toplantısının ardından gazetecilerle bir araya gelerek gündeme ilişkin soruları yanıtladı. Bakan Bayraktar, enerji politikası kapsamında petrol ve gaz aramacılığı konusunda çok yönlü ve katmanlı bir süreç yürüttüklerini belirterek, şunları kaydetti: \"Türkiye'de Gabar 80 bin varillere geldi. Bizim Türkiye'de yurt içi üretimimiz 130 bin varilleri aşmış durumda. Sakarya Gaz Sahası'nın birinci fazı tamamlandı.Yaklaşık 9,5 milyon metreküplük günlük üretimle ikinci fazın üretimine, yani bunu 2 katına çıkaracak üretim aşamasının faaliyetlerine devam ediyoruz. Gabar ve Sakarya Gaz Sahası'nın yanı sıra yeni sahalarda, yani keşiflerle alakalı çalışmalarımıza da devam ediyoruz.Dolayısıyla bir taraftan üretimi arttırmak, bir taraftan da yeni keşiflerle bulduğumuz yeni rezervleri üretim rezervlerimize eklemek istiyoruz. Bu minvalde çalışmalar devam ediyor.\" Geçen ay Türkiye Petrolleri Anonim Ortaklığının ABD'de bir anlaşma imzalayarak, Diyarbakır'daki 4 sahada uzun vadeli strateji kapsamında yer alan konvansiyonel olmayan petrol ve gaz üretime yönelik bir ortaklık kurduğunu anımsatan Bayraktar, \"2025 yılı içerisinde değerlendirme ve sahaya girip sondajlara başlayacağımız bir süreç yaşayacağız. Bu Türk petrol ve doğal gaz aramacılığında yeni bir merhale, yeni bir aşama. Diyarbakır'da petrol, Trakya'da gaz prospektinin olduğu, yani potansiyelinin olduğu bir arama programı üzerinde çalışıyoruz\" bilgisini paylaştı. Bayraktar, sözlerine şöyle devam etti: \"Bundan sonraki süreçte Türkiye dışarıda da petrol ve doğal gaz aramacılığında çok aktif olacak. Burada ilk hedef şu anda varlıklarımızın olduğu, üretimlerimizin, operasyonlarımızın olduğu ülkeler.Başta Azerbaycan ya da Hazar havzası coğrafyası. Burada ilgilendiğimiz 2 yeni offshore sahası var. Onun dışında Irak'ta, hem Kuzey Irak hem Güney Basra diyebileceğim, sahalarla ilgileniyoruz. Yine Rusya'da şu anda bir sahada faaliyetimiz var. Onu yine artırmayı hedefliyoruz. Yeni ülkeler de var. Çalışmaya başladığımız ülkelerden biri Somali.Somali offshore'unda 3 bloğumuza, karada 3 blok ilave ettik. Nisan ayının 10'unda bu anlaşmayı Türkiye Petrolleri yaptı ve Somali'nin karasında da aramalara başlıyoruz. Offshore'da mayıs sonu gibi sismik veri toplama çalışmamız bitecek. Yıl sonuna doğru buradaki sondajla ilgili kararımızı oluşturmuş olacağız.\" Pakistan devlet şirketi ile Pakistan açık denizlerinde arama yapmak üzere bir anlaşma imzaladıklarını da hatırlatan Bayraktar, \"Bu ülkelerin Türkiye'ye olan ilgisinin, ikili işbirliğimizin, üst düzeydeki işbirliğinin ve uyumun katkısı var. Ama Türkiye'nin son yıllarda geliştirdiği offshore kabiliyeti, yani denizlerde arama ve üretim kabiliyeti onları bu anlamda etkiliyor. Bu anlaşmaların gerisinde böyle teknik ve ticari bir motivasyon da var\" değerlendirmesinde bulundu. Bayraktar, Bulgaristan ve Macaristan ile işbirliğine ilişkin, \"Muhtemelen önümüzdeki ay bitiririz anlaşmayı. Bulgaristan'da yabancı bir şirket ile Türkiye Petrolleri, Bulgaristan denizinde, Bulgaristan ekonomik bölgesinde bir blok için anlaşma imzalayacak. Keza yine Macaristan'ın MOL şirketiyle hem Macaristan'da hem de Macaristan dışında stratejik bir ortaklık anlaşması imzaladık\" diye konuştu. Hedef ülkelerden bir diğerinin de Türkmenistan olduğunu kaydeden Bayraktar, \"Türkmenistan'dan gaz almaya ilk kez 1 Mart itibarıyla başladık. Şimdi Türkmenistan'da gaz ve petrol sahalarıyla alakalı bir çalışmanın içerisindeyiz. Libya'da önümüzdeki kısa süre içerisinde yeni anlaşmaları sizler vesilesiyle kamuoyumuza duyurabileceğimiz bir süreç bizleri bekliyor\" değerlendirmesinde bulundu. Bayraktar, enerji alanında ithalatı azaltmaya yönelik neler yapılabileceğine odaklandıklarını belirterek, şunları kaydetti: \"Türkiye'nin petrol ve gaz ithalatını düşürecek, dolayısıyla üretimimizi artıracak faaliyetlerin içindeyiz. Bir taraftan da kaynakları çeşitlendirerek, yani mevcut ithalatımızı da düşürecek şekilde, sadece üretimle değil, aldığımız ülkeden daha ucuza, aldığımız ülkeleri farklılaştırarak, bu anlamda da önümüzdeki süreçte farklı ülkelerle özellikle LNG alanında işbirliğimiz ve ticaretimiz artabilir. Daha ucuza, Türkmenistan buna önemli bir örnekti, maliyetlerimizi düşürecek çalışmaların içerisinde olmaya devam edeceğiz.\"",
    "url": "https://www.dunya.com/ekonomi/bakan-bayraktar-yeni-asama-diyerek-acikladi-bir-sehirde-petrol-bir-bolgede-gaz-icin-dugmeye-basildi-haberi-773026",
    "source": "dunya",
    "genre": "ekonomi",
    "article_date": "2025-04-22T12:18:26.573254",
    "request_date": "2025-04-22T12:18:26.573254",
    "is_empty": false
}