{
    "title": "Şanlıurfa'da park halindeki 9 araç kundaklandı",
    "content": "Olay, gece saatlerinde Akabe Mahallesi'nde meydana geldi. Mahalleli tarafından sokağa park edilen minibüs, hafif ticari araç ve otomobillerden oluşan 9 araç üzerine yanıcı madde dökülerek ateşe verildi. Alevleri fark eden mahalleli, durumu itfaiyeye bildirdi. Olay yerine sevk edilen ekipler, alevleri kısa sürede söndürdü. Araçları ateşe verdiği iddia edilen Emin B. ise mahalleli tarafından yakalanıp, polise teslim edildi.  Akabe Mahallesi Muhtarı Ahmet Karademir, gece yaşanan olayın mahallede büyük tedirginliğe yol açtığını söyledi. Kundaklanan araçlardan birinin sahibi olan Melikşah Kılıç da yangında kendi minibüsünün de bulunduğu 9 aracın büyük hasar gördüğünü söyledi.  Olayla ilgili soruşturma başlatıldı.",
    "url": "https://www.cnnturk.com/turkiye/sanliurfada-park-halindeki-9-arac-kundaklandi-2273626",
    "source": "cnnturk",
    "genre": "turkiye",
    "article_date": "2025-04-22T12:17:37.791561",
    "request_date": "2025-04-22T12:17:37.791561",
    "is_empty": false
}