{
    "title": "Yer: Şanlıurfa! Park halindeki 9 araç kundaklandı",
    "content": "22.04.2025 - 11:02 |                                 Son Güncellenme:22.04.2025 - 11:02 AA Akabe Mahallesi'nde farklı sokaklarda park halinde bulunan 9araç, iddiaya göre E.B. tarafından ateşe verildi. Olayı fark eden mahalle sakinleri, durumupolisve itfaiyeye ekiplerine bildirdi. İtfaiye ekiplerinin söndürdüğü yangınlar sonucu araçlarda hasar oluştu. E.B, polis ekiplerince gözaltına alındı. Mahalle muhtarı Ahmet Karademir, gazetecilere, gece saatlerinde 9 aracın kundaklandığını, olayın şüphelisinin yakalandığını belirtti.Aracı kundaklanan Melikşah Kılıç ise gece polislerin kapıyı çalmasıyla uyandığını, aracındaki yangına ilk müdahaleyi hortumla yaptıklarını, hasarın büyük olduğunu ifade etti.Restorasyon sonrası ortaya çıkan detay! 15 mezar ve gizemli sembolün sırrıRestorasyon sonrası ortaya çıkan detay! 15 mezar ve gizemli sembolün sırrıHaberi Görüntüle Mahalle muhtarı Ahmet Karademir, gazetecilere, gece saatlerinde 9 aracın kundaklandığını, olayın şüphelisinin yakalandığını belirtti. Aracı kundaklanan Melikşah Kılıç ise gece polislerin kapıyı çalmasıyla uyandığını, aracındaki yangına ilk müdahaleyi hortumla yaptıklarını, hasarın büyük olduğunu ifade etti. Cadde| 22.04.2025 - 07:10 Son dönemin en popüler isimlerimden biri olan ünlü oyuncu Afra Saraçoğlu imaj değişikliğine gitti. Yeni saçlarını Instagram hesabından paylaşan Afra Saraçoğlu binlerce beğeni aldı. Türkiye'den ve Dünya’dan son dakika haberler, köşe yazıları, magazinden siyasete, spordan seyahate bütün konuların tek adresi milliyet.com.tr; Milliyet.com.tr haber içerikleri izin alınmadan, kaynak gösterilerek dahi iktibas edilemez, kanuna aykırı ve izinsiz olarak kopyalanamaz, başka yerde yayınlanamaz.",
    "url": "https://www.milliyet.com.tr/gundem/yer-sanliurfa-park-halindeki-9-arac-kundaklandi-7355943",
    "source": "milliyet",
    "genre": "gundem",
    "article_date": "2025-04-22T12:16:45.240012",
    "request_date": "2025-04-22T12:16:45.240012",
    "is_empty": false
}