{
  "id": null,
  "articleId": "269cd0af-013b-49f5-8825-85ec39834f5e",
  "title": "Ankaragücü'nde Kaplan tekrar teknik direktör",
  "content": "",
  "summary": "Error during generation",
  "longerSummary": "MKE Ankaragücü, Trendyol 1. Lig'de 39 puanla 18. sırada, düşme hattında yer almaktadır.  Son 3 haftaya girerken, Mesut Bakkal ile karşılıklı anlaşarak yollarını ayırdı. Bakkal, 4 maçlık görev süresi boyunca 3 mağlubiyet ve 1 beraberlik almıştır.  Yerine, kulüpte 5. kez teknik direktörlük yapacak olan Mustafa Kaplan getirilmiştir. Kaplan, Ankaragücü'nü daha önce 2012-2013, 2014-2015, 2018-2019 ve 2019-2020 sezonlarında çalıştırmıştır.  Son olarak 2023-2024 sezonunda Adanaspor'da görev yapmıştır. Bu sezon Ankaragücü, Mustafa Kaplan dahil olmak üzere toplamda 6 farklı teknik direktörle çalışmış olacaktır.  Diğer teknik direktörler Kemal Özdeş (iki kez), Cihat Arslan, Kenan Koçak ve Mustafa Dalcı'dır.",
  "category": "Spor",
  "tags": [],
  "source": [
    "https://www.sabah.com.tr/spor/futbol/2025/04/21/mke-ankaragucunde-mustafa-kaplan-donemi",
    "https://www.cnnturk.com/spor/futbol/mke-ankaragucu-kalan-haftalarda-mustafa-kaplana-emanet-2273362"
  ],
  "location": null,
  "popularityScore": 0,
  "createdAt": null,
  "image": "image.jpg",
  "priority": null
}