{
    "title": "Ticaret Bakanı Bolat,Japonya'ya resmi ziyaret gerçekleştirecek",
    "content": "Ticaret Bakanı Bolat, Japonya'ya kritik bir ziyaret gerçekleştirecek. Bolat, ziyaretin ikinci günü Tokyo'da, Japonya Ticaret Bakanı, Ulaştırma ve Altyapı Bakanı ve Japon Tarım Bakanı ile ayrı ayrı ikili görüşmeler gerçekleştirecek,Ticaret Bakanı Ömer Bolat, 23-24 Nisan 2025 tarihlerinde Japonya'ya resmi ve özel sektör karma heyetle ziyaret gerçekleştirecek. Bakan Bolat, ziyaretin ilk gününde EXPO 2025 Osaka kapsamında Türkiye Pavilyonu'nun resmi açılış törenine katılacak ve uluslararası kamuoyuna Türkiye'nin kültürel ve teknolojik vizyonunu tanıtacak. Aynı gün, EXPO yönetimi ile temaslar ve diğer ülke pavilyonlarını da ziyaret edecek. Bolat, ziyaretin ikinci günü Tokyo'da, Japonya Ticaret Bakanı, Ulaştırma ve Altyapı Bakanı ve Japon Tarım Bakanı ile ayrı ayrı ikili görüşmeler gerçekleştirecek, ayrıca Türk ve Japon iş dünyasının önde gelen isimlerini bir araya getiren Türkiye-Japonya CEO Yuvarlak Masa Toplantısı'na katılacak.",
    "url": "https://www.sabah.com.tr/ekonomi/ticaret-bakani-bolat-japonyaya-resmi-ziyaret-gerceklestirecek-7338975",
    "source": "sabah",
    "genre": "ekonomi",
    "article_date": "2025-04-22T12:17:46.857608",
    "request_date": "2025-04-22T12:17:46.857608",
    "is_empty": false
}