{
  "id": null,
  "articleId": "baa755e8-78d0-44f5-b04b-5472f7e87a09",
  "title": "Türkiye'de rekor düşük Mart ayı yağışı",
  "content": "",
  "summary": "Mart ayı yağışı, İstanbul'da son 39 yılın en düşük seviyesinde. Marmara'da yağışlar geçen yıla göre %59, uzun yıllar ortalamasına göre %61 azaldı.  Kırıkkale, Balıkesir, Kocaeli ve Sakarya'da da rekor düşük yağışlar görüldü.",
  "longerSummary": "Mart 2024, Türkiye'nin birçok bölgesinde son yılların en kurak Mart ayı oldu.  Meteoroloji Genel Müdürlüğü verilerine göre, Marmara Bölgesi'nde mart ayı yağışı, uzun yıllar ortalaması olan 66,1 milimetrenin çok altında, sadece 25,7 milimetre olarak gerçekleşti. Bu, geçen yıla göre %59, uzun yıllar ortalamasına göre ise %61'lik bir düşüş anlamına geliyor.\n\nİstanbul, son 39 yılın en düşük mart ayı yağışını yaşadı.  Benzer şekilde, Kırıkkale (son 65 yıl), Balıkesir (son 42 yıl), Kocaeli ve Sakarya (son 36 yıl) da son yılların en düşük mart ayı yağış miktarlarını kaydetti.  Yağışlı gün sayısı da bölgelere göre farklılık gösterdi; Kırklareli, Çanakkale ve Balıkesir çevrelerinde 15-20 gün arasındayken, Kırıkkale'de 1 güne kadar düştü.\n\nMeteoroloji Mühendisi Güven Özdemir, Türkiye genelinde ve özellikle Marmara Bölgesi'nde ciddi bir yağış düşüşü yaşandığını, bunun kuraklık riskini artırdığını belirtti.  Barajlardaki doluluk oranlarının geçici bir rahatlama sağlasa da,  toprağın yeterince nemlenmediğini ve gelecek yıllar için ciddi bir alarm verilmesi gerektiğini vurguladı. Özdemir, küresel ortalama sıcaklık artışının 1,3 dereceye ulaştığını ve metropollerde bu artışın daha da yüksek olduğunu da ekledi.",
  "category": "Çevre",
  "tags": [],
  "source": [
    "https://www.turkiyegazetesi.com.tr/yasam/en-son-1960da-boylesi-goruldu-rekorlar-kirildi-alarm-zilleri-caldi-1110490",
    "https://www.ntv.com.tr/turkiye/istanbulda-son-39-yilin-en-kotu-mart-ayi-alarm-zilleri-caliyor,-Emsp7u83kuS7laZ9vJTcA"
  ],
  "location": null,
  "popularityScore": 0,
  "createdAt": null,
  "image": "image.jpg",
  "priority": null
}