{
    "title": "Son dakika: Diyanet açıkladı! 2025 vekaletle kurban kesim bedeli ne kadar oldu?",
    "content": "Kurban Bayramıyaklaşırken kurban fiyatları en merak edilen konuların başında geliyor.Diyanet İşleri Başkanı Prof. Dr. Ali Erbaşvatandaşların merak ettiği rakamları açıkladı. Erbaş,Türkiye Diyanet Vakfıtarafından yürütülen 2025 yılı vekaletle kurban kesim bedellerini duyurdu. Buna göre, yurt içinde vekaletle kurban kesim bedeli 13.500 TL, yurt dışında ise 5.450 TL olarak belirlendi. Geçtiğimiz yıl yurt içi için belirlenen fiyat 11.750 TL, yurt dışı için ise 4.750 TL düzeyindeydi. Bu yılki güncellemeyle birlikte yurt içi fiyatında 1.750 TL artış yaşandı. Böylece kurban bedelinde yaklaşık yüzde 12,9 oranında artış olmuş oldu. Kurban ibadetinde esas olan kişinin kurbanını bizzat kesmesidir. Ancak bu ibadet, malî yönü ağır bastığı için vekalet yoluyla da yerine getirilebilmektedir. Diyanet İşleri Başkanlığı'na bağlı Din İşleri Yüksek Kurulu, vekaletle kurban kesimine ilişkin detayları resmi internet sitesinde paylaştı. Kurulun açıklamasına göre, günümüzde vekaletle kurban kesimi iki temel şekilde uygulanıyor: 1.Kurban ibadetini yerine getirmek isteyen kişi, bu işlemi gerçekleştirecek kuruluşa kurbanlık hayvanın satın alınması ve kesilmesi için genel bir vekalet veriyor. Vekalet verilen kuruluş, müvekkil adına bu kurbanı temin ediyor ve bayram günlerinde kesimini gerçekleştiriyor. 2.Bu yöntemde ise kuruluşlar belirli bir bedel karşılığında kurbanlık hayvanı veya hisseyi kurban sahiplerine satıyor. Kesim günü geldiğinde, alıcıdan alınan vekaletle kurban kesimi gerçekleştiriliyor. Bu yıl Kurban Bayramı, 6 Haziran 2025 Cuma günü başlayacak ve 9 Haziran 2025 Pazartesi günü sona erecek. Bayram öncesindeki arefe günü ise 5 Haziran Perşembe’ye denk geliyor. Dört gün sürecek bayram tatili, 6-7-8-9 Haziran tarihlerinde idrak edilecek. Bayram nedeniyle kamu kurumları ve birçok özel kuruluş bu tarihlerde tatil olacak.",
    "url": "https://www.dunya.com/gundem/son-dakika-diyanet-acikladi-2025-vekaletle-kurban-kesim-bedeli-ne-kadar-oldu-haberi-773170",
    "source": "dunya",
    "genre": "gundem",
    "article_date": "2025-04-22T12:18:26.925769",
    "request_date": "2025-04-22T12:18:26.925769",
    "is_empty": false
}