{
    "title": "2025 vekaletle kurban kesim bedeli belli oldu!",
    "content": "T24 Haber Merkezi Diyanet İşleri BaşkanıAli Erbaş, Türkiye Diyanet Vakfı'nın (TDV) 2025 yılı vekaletle kurban kesim bedelini yurt içi 13 bin 500 lira, yurt dışı 4 bin 450 lira olarak belirlediklerini açıkladı. Diyanet İşlerinden yapılan açıklamada, Türkiye Diyanet Vakfı'nın (TDV) 2025 yılı vekaletle kurban kesim bedeli duyuruldu. Açıklamaya göre; kurban kesim bedeli, yurt içi 13 bin 500 lira, yurt dışı 4 bin 450 lira olarak belirlendi.   ",
    "url": "https://t24.com.tr/haber/diyanet-isleri-baskani-ali-erbas-turkiye-diyanet-vakfi-nin-kurban-bedelini-acikladi-,1234338",
    "source": "t24",
    "genre": "haber",
    "article_date": "2025-04-22T12:18:36.626667",
    "request_date": "2025-04-22T12:18:36.626667",
    "is_empty": false
}