{
    "title": "Ercüment öldü, Sude gözyaşlarına boğuldu: \"Benim yüzümden öldü\"",
    "content": "Sakarya'da otomobilin çarptığı motosikletli genç yaşamını yitirdi.Kaza, saat 02.00 sıralarında Karasu-Kocaali yolu Küçük Karasu mevkisinde meydana geldi. Sürücüsünün kimliği ve plakası tespit edilemeyen otomobil, Kocaali yönüne giden Ercüment Solmaz'ın yeni aldığı plakasız motosiklete çarptı.Solmaz, otomobilin altında yaklaşık 85 metre sürüklendi.Otomobil sürücüsü durmayıp yoluna devam ederken, yoldan geçen diğer sürücülerin ihbarı üzerine kaza yerine sağlık ekipleri sevk edildi. Sakarya'da otomobilin çarptığı motosikletli genç yaşamını yitirdi. Kaza, saat 02.00 sıralarında Karasu-Kocaali yolu Küçük Karasu mevkisinde meydana geldi. Sürücüsünün kimliği ve plakası tespit edilemeyen otomobil, Kocaali yönüne giden Ercüment Solmaz'ın yeni aldığı plakasız motosiklete çarptı. Solmaz, otomobilin altında yaklaşık 85 metre sürüklendi. Otomobil sürücüsü durmayıp yoluna devam ederken, yoldan geçen diğer sürücülerin ihbarı üzerine kaza yerine sağlık ekipleri sevk edildi. Sağlık ekiplerinin kontrolünde Denizcilik Meslek Yüksek Okulu Sivil Savunma ve İtfaiyecilik Bölümü öğrencisi Ercüment Solmaz'ın yaşamını yitirdiği belirlendi.Yapılan incelemelerin ardından Karasu Devlet Hastanesi morguna kaldırılan Solmaz'ın cansız bedeni, otopsi için Adapazarı ilçesindeki Adli Tıp Kurumu'na gönderildi. Sağlık ekiplerinin kontrolünde Denizcilik Meslek Yüksek Okulu Sivil Savunma ve İtfaiyecilik Bölümü öğrencisi Ercüment Solmaz'ın yaşamını yitirdiği belirlendi. Yapılan incelemelerin ardından Karasu Devlet Hastanesi morguna kaldırılan Solmaz'ın cansız bedeni, otopsi için Adapazarı ilçesindeki Adli Tıp Kurumu'na gönderildi. KIZ ARKADAŞI GÖZYAŞLARINA BOĞULDUKazayı öğrenip olay yerine gelen Ercüment Solmaz'ın Sude isimli kız arkadaşı, ölüm haberini alınca gözyaşlarına boğuldu.Genç kız, \"Telefonla konuştuk, 3 dakika sonra kazayı öğrendim. Benim yüzümden öldü.\" dedi. Karasu'da yaşayan Solmaz'ın, Kocaali ilçesindeki kız arkadaşını görmek için yola çıktığı öğrenildi.Kazaya ilişkin çalışma başlatan güvenlik güçleri, kaçan sürücüyü Düzce'de yakalayarak gözaltına alındı. KIZ ARKADAŞI GÖZYAŞLARINA BOĞULDU Kazayı öğrenip olay yerine gelen Ercüment Solmaz'ın Sude isimli kız arkadaşı, ölüm haberini alınca gözyaşlarına boğuldu. Genç kız, \"Telefonla konuştuk, 3 dakika sonra kazayı öğrendim. Benim yüzümden öldü.\" dedi. Karasu'da yaşayan Solmaz'ın, Kocaali ilçesindeki kız arkadaşını görmek için yola çıktığı öğrenildi. Kazaya ilişkin çalışma başlatan güvenlik güçleri, kaçan sürücüyü Düzce'de yakalayarak gözaltına alındı.",
    "url": "https://www.ntv.com.tr/turkiye/ercument-oldu-sude-gozyaslarina-boguldu-benim-yuzumden-oldu,ZDFHa6yu2Ea0meTNAmfkkA",
    "source": "ntv",
    "genre": "turkiye",
    "article_date": "2025-04-22T12:17:12.292316",
    "request_date": "2025-04-22T12:17:12.292316",
    "is_empty": false
}