{
    "title": "Stajyer itfaiyecinin kahreden ölümü!",
    "content": "HABERİ PAYLAŞ İHA Gece saatlerinde Karasu-Kocaali yolu Küçük Karasu mevkiinde meydana gelen olayda,Sakaryaİtfaiyesinde staj yapan Sivil Savunma ve İtfaiyecilik Bölümü Öğrencisi Ercüment Solmaz (21) kız arkadaşının yanına gitmek için Kocaali'ne doğru motosikleti ile yola çıktı. Bu esnada Solmaz'a, H.B. idaresindeki plakası henüz öğrenilemeyen otomobil çarptı. Çarpmanın etkisi ile metrelerce sürüklenen gençstajyeritfaiyeci olay yerinde hayatını kaybetti. Acı haberi alarak olay yerine giden kız arkadaşı ise gözyaşlarına boğuldu. Kazanın ardından olay yerinden uzaklaşan otomobil sürücüsü H.B. ise jandarma ekiplerince gözaltına alındı. Solmaz'ın cenazesi, olay yerinde yapılan incelemelerin ardından Sakarya Eğitim ve Araştırma Hastanesi Korucuk Kampüsü'ndeki otopsi merkezine kaldırıldı. SAATLER ÖNCE YAPTIĞI PAYLAŞIMLAR KALDI Öte yandan, hayatını kaybeden gençten geriye ise kazadan önce sosyal medya hesabı üzerinden paylaşımlar ileitfaiyekıyafetleri ile çekilen fotoğrafları kaldı. Kız arkadaşı ise sosyal medya hesabı üzerinden, \"Mekanın cennet olsun sevgilim. Nurlar içinde yat, hep kalbimde olacaksın\" paylaşımını yaptı. İTFAİYEDEN BAŞSAĞLIĞI MESAJI Ayrıca Sakarya Büyükşehir Belediyesi İtfaiye Dairesi Başkanlığı'ndan konuya ilişkin yapılan başsağlığı mesajında ise, \"Sivil Savunma ve İtfaiyecilik Bölümü Öğrencisi aynı zamanda Sakarya İtfaiyesinde staj yapan öğrencimiz Ercüment Solmaz 01.05'te elim bir kaza sonucu Karasu Kocaali yolu üzerinde motosikleti ile trafik kazası yaparak hayatını kaybetti. Hayatını kaybeden öğrencimizin ailesine ve yakınlarına başsağlığı dileriz\" ifadeleri yer aldı.",
    "url": "https://www.posta.com.tr/gundem/stajyer-itfaiyecinin-kahreden-olumu-2853168",
    "source": "posta",
    "genre": "gundem",
    "article_date": "2025-04-22T12:18:05.924216",
    "request_date": "2025-04-22T12:18:05.924216",
    "is_empty": false
}