{
  "id": null,
  "articleId": "130945d4-4b62-4aae-83c2-85820f72b897",
  "title": "Harvard, Trump'a karşı dava açtı.",
  "content": "",
  "summary": "Harvard, Trump yönetiminin fon dondurma kararına karşı dava açtı.",
  "longerSummary": "Harvard Üniversitesi, Donald Trump yönetiminin yaklaşık 2,2 milyar dolarlık mevcut federal fonunu dondurmasının ve ek 1 milyar dolarlık fonu daha dondurma tehdidinin ardından, Trump yönetimine dava açtı.  Üniversite, yönetimin bu eylemlerinin yasa dışı olduğunu ve hükümetin yetkisini aştığını savunuyor.  Yönetimin bu kararı, Filistin yanlısı kampüs protestoları ve üniversitenin çeşitlilik, eşitlik ve kapsayıcılık programlarıyla ilgili iddialarına dayanıyor.  Trump yönetimi, Harvard'a sağlanan toplam 8,7 milyar dolarlık hibeyi soruşturmaya almış ve  bu soruşturmaya  Harvard Üniversitesi profesörleri de dava açarak itiraz etmişti.  Beyaz Saray, fon dondurulmasını \"antisemitizmle ilgili yasaların\" uygulanması olarak gerekçelendiriyor.  Bunun yanı sıra, ABD Gelir İdaresi (IRS), Harvard'ın vergi muafiyetini kaldırma ihtimalini değerlendiriyor.  Harvard rektörü Alan Garber, fon dondurmasının eğitim, araştırma ve sağlık alanlarında ciddi sonuçlar doğuracağını belirtti ve üniversitenin \"yasa dışı talepleri\" yerine getirmeyeceğini açıkladı.  Dava dilekçesinde, hükümetin Harvard'ı kendi ideolojik görüşlerine uymaya zorlamak için fonları kesme tehdidinde bulunduğu iddia ediliyor.",
  "category": "Siyaset",
  "tags": [],
  "source": [
    "https://www.dunya.com/dunya/fonlarinin-dondurulmasini-istemisti-harvard-universitesi-trump-yonetimine-dava-acti-haberi-773152",
    "https://www.birgun.net/haber/harvard-universitesi-nden-trump-yonetimine-dava-617365",
    "https://bianet.org/haber/harvard-universitesi-nden-trump-yonetimine-dava-fonlarin-dondurulmasi-hukuka-aykiri-306674",
    "https://www.ahaber.com.tr/dunya/2025/04/22/harvard-universitesiden-trump-yonetimine-fon-dondurma-davasi"
  ],
  "location": null,
  "popularityScore": 0,
  "createdAt": null,
  "image": "image.jpg",
  "priority": null
}