{
  "id": null,
  "articleId": "a24012e0-7622-4ebe-a601-72026cd12ad4",
  "title": "Google'a Rusya'dan savaş cezası",
  "content": "",
  "summary": "Google, Rus askerlerinin verilerini ifşa ettiği gerekçesiyle Rusya'da 46.240 dolar para cezasına çarptırıldı.  Toplam ceza borcu ise 2,4 trilyon doları aştı.",
  "longerSummary": "Moskova'daki bir mahkeme, Google'ı Ukrayna savaşında ölen Rus askerlerinin kişisel bilgilerini ifşa eden YouTube içerikleri nedeniyle 3,8 milyon ruble (yaklaşık 46.240 ABD doları) para cezasına çarptırdı.  Bu karar, Rusya Federal İletişim, Bilgi Teknolojisi ve Kitle İletişim Araçları Denetleme Servisi (Roskomnadzor)'un, söz konusu içeriklerin Rus yasalarını ihlal ettiğini tespit etmesine dayanıyor.  Bu, Google'ın Rusya'da aldığı çeşitli cezaların bir parçası.  Daha önceki cezalar arasında, Rus askerlerinin teslim olmasını anlatan videolar ve Rus devlet medyasına YouTube üzerinden erişim kısıtlamaları yer alıyor.  Yerel basında çıkan haberlere göre, Google'ın Rusya'daki toplam ceza borcu 2 undesiyon rubleyi (yaklaşık 2,4 desilyon dolar) aşmış olup, bu rakam 2023 yılı dünya GSYİH'sini (106 trilyon dolar) çok büyük oranda aşıyor.  Undesilyon 36 basamaklı bir sayıdır.  Geç ödemeler nedeniyle borç miktarı artmaya devam ediyor.",
  "category": "Teknoloji",
  "tags": [],
  "source": [
    "https://www.ntv.com.tr/teknoloji/rusya-googlei-bir-kez-daha-mahkum-etti-para-cezalari-2-4-desilyon-dolari-buldu,Jzgg4NvFUEm2YScMizxfWw",
    "https://www.turkiyegazetesi.com.tr/teknoloji/rusyadan-googlea-46-bin-dolarlik-ceza-askerlerin-bilgileri-ifsa-edildi-1110341"
  ],
  "location": null,
  "popularityScore": 0,
  "createdAt": null,
  "image": "image.jpg",
  "priority": null
}