{
    "title": "MKE Ankaragücü kalan haftalarda Mustafa Kaplan'a emanet",
    "content": "Sarı-lacivertli kulüpten yapılan açıklamaya göre, Bakkal ile yollar karşılıklı anlaşılarak ayrıldı. Görevde sadece 4 maç kalan ve 3 mağlubiyet ve 1 beraberlik gören Bakkal'ın yerineMKE Ankaragücü'nde teknik direktörlük koltuğunaMustafa Kaplanoturdu. MKE Ankaragücü,Trendyol 1. Lig'de son 3 haftaya girilirken 39 puanla düşme hattında 18. sırada yer alıyor. - Mustafa Kaplan 5. kez görevde Mustafa Kaplan, sarı-lacivertli takımda 5. kez teknik direktörlük görevine getirildi. MKE Ankaragücü'nü 2012-2013, 2014-2015, 2018-2019 ve 2019-2020 sezonlarında belli dönemlerde çalıştıran Kaplan'ın, 5 yılı aşkın bir sonra yeniden sarı-lacivertli takımla yolları kesişti. Mustafa Kaplan son olarak 2023-2024 sezonunda Adanaspor'u çalıştırmıştı. - Bu sezon 6. teknik adam MKE Ankaragücü, bu sezon 6. farklı teknik adamla çalışacak. Mustafa Kaplan'dan önce sarı-lacivertlilerde bu sezon Kemal Özdeş iki kez olmak üzere Cihat Arslan, Kenan Koçak, Mustafa Dalcı veMesut Bakkalgörev yaptı.",
    "url": "https://www.cnnturk.com/spor/futbol/mke-ankaragucu-kalan-haftalarda-mustafa-kaplana-emanet-2273362",
    "source": "cnnturk",
    "genre": "spor",
    "article_date": "2025-04-22T12:17:38.436432",
    "request_date": "2025-04-22T12:17:38.436432",
    "is_empty": false
}