{
    "title": "MKE Ankaragücü'ndeMustafa Kaplandönemi!",
    "content": "Ankaragücü'nde Mustafa Kaplan dönemi başlıyor. Sarı-lacivertli kulüpten yapılan açıklamaya göre, Mesut Bakkal ile yollar karşılıklı anlaşılarak ayrıldı. Görevde sadece 4 maç kalan ve 3 mağlubiyet ve 1 beraberlik gören Bakkal'ın yerine MKE Ankaragücü'nde teknik direktörlük koltuğuna Mustafa Kaplan oturdu. MKE Ankaragücü, Trendyol 1. Lig'de son 3 haftaya girilirken 39 puanla düşme hattında 18. sırada yer alıyor. 5.KEZ GÖREVE GELDİ Mustafa Kaplan, sarı-lacivertli takımda 5. kez teknik direktörlük görevine getirildi. MKE Ankaragücü'nü 2012-2013, 2014-2015, 2018-2019 ve 2019-2020 sezonlarında belli dönemlerde çalıştıran Kaplan'ın, 5 yılı aşkın bir sonra yeniden sarı-lacivertli takımla yolları kesişti. Mustafa Kaplan son olarak 2023-2024 sezonunda Adanaspor'u çalıştırmıştı. BU SEZON 6.TEKNİK ADAM MKE Ankaragücü, bu sezon 6. farklı teknik adamla çalışacak. Mustafa Kaplan'dan önce sarı-lacivertlilerde bu sezon Kemal Özdeş iki kez olmak üzere Cihat Arslan, Kenan Koçak, Mustafa Dalcı ve Mesut Bakkal görev yaptı.",
    "url": "https://www.sabah.com.tr/spor/futbol/2025/04/21/mke-ankaragucunde-mustafa-kaplan-donemi",
    "source": "sabah",
    "genre": "spor",
    "article_date": "2025-04-22T12:17:45.820460",
    "request_date": "2025-04-22T12:17:45.820460",
    "is_empty": false
}