{
  "id": null,
  "articleId": "6deead75-a5c6-45a0-b392-8a78b72aba59",
  "title": "Piyango sonuçları açıklandı",
  "content": "",
  "summary": "21 Nisan 2025 On Numara ve Çılgın Sayısal Loto sonuçları açıklandı.",
  "longerSummary": "21 Nisan 2025 tarihinde, Milli Piyango tarafından iki ayrı piyango çekilişi gerçekleştirildi.  Her iki çekiliş de noter huzurunda yapıldı ve Milli Piyango TV YouTube kanalından canlı yayınlandı.\n\n**On Numara Çekilişi (Çekiliş No: 32, 21/04/2025 - 20:00):**  Kazanan numaralar: 4, 7, 11, 15, 20, 22, 25, 26, 28, 29, 37, 40, 41, 56, 62, 63, 68, 69, 71, 72, 73, 80. Sonuçlar millipiyangoonline.com ve Milli Piyango Online mobil uygulamasından sorgulanabilir.  Bu çekiliş Pazartesi ve Cuma günleri yapılmaktadır.\n\n**Çılgın Sayısal Loto Çekilişi (Çekiliş No: 48, 21/04/2025 - 21:30):** Kazanan numaralar: 13, 31, 37, 42, 77, 80. Joker numarası: 79. Süperstar numarası: 33. Sonuçlar millipiyangoonline.com ve Milli Piyango Online mobil uygulamasından sorgulanabilir. Bu çekiliş Pazartesi, Çarşamba ve Cumartesi günleri yapılmaktadır.",
  "category": "Ekonomi",
  "tags": [],
  "source": [
    "https://www.cnnturk.com/ekonomi/son-dakika-bugunku-sayisal-loto-cekilis-sonuclari-belli-oldu-21-nisan-2025-cilgin-sayisal-loto-bilet-sonucu-sorgulama-ekrani-2273449",
    "https://www.cnnturk.com/ekonomi/son-dakika-bugunku-on-numara-cekilisi-sonuclari-belli-oldu-21-nisan-2025-on-numara-bilet-sonucu-sorgulama-ekrani-2273446"
  ],
  "location": null,
  "popularityScore": 0,
  "createdAt": null,
  "image": "image.jpg",
  "priority": null
}