{
    "title": "Harvard Üniversitesi'nden Trump Yönetimine Dava: Fonların dondurulması hukuka aykırı",
    "content": "Harvard Üniversitesi, Trump yönetiminin üniversiteye sağlanan federal fonları dondurma kararına karşı hukuki mücadele başlattı. Üniversite, bu adımın yasalara aykırı olduğunu belirterek dava açtığını duyurdu. Rektör Alan Garber, üniversitenin internet sitesinde yayımladığı açıklamada, Trump yönetiminin yaklaşık 2,2 milyar dolarlık mevcut fonu dondurduğunu ve 1 milyar dolar daha dondurmayı planladığını belirtti. Garber, yönetimin Harvard’dan “yasa dışı taleplerini” yerine getirmesini beklediğini, ancak üniversitenin bu talepleri reddettiğini söyledi. Garber ayrıca, vergi muafiyetlerinin kaldırılmasının da gündeme geldiğini ve bu tür adımların eğitim, sağlık ve araştırma alanlarında ciddi etkiler doğurabileceğini vurguladı. Açıklamada, hükümetin fonları ideolojik bir baskı aracı olarak kullandığına dikkat çekildi. Garber, \"Hükümet, üniversitede kimin işe alınacağına ve ne öğretileceğine müdahale etmeye çalışıyor. Bugün, Amerikan yükseköğretimini dünya için örnek haline getiren değerleri savunuyoruz\" dedi. Dava dilekçesinde ise, \"Hükümet, Harvard'ı kendi ideolojik bakış açılarına uyum sağlamaya zorlamak için federal fonları kesme tehdidini kullanmıştır\" ifadelerine yer verildi. Trump yönetimi, Filistin yanlısı kampüs protestoları ve üniversitelerin çeşitlilik, eşitlik ve kapsayıcılık programlarını gerekçe göstererek birçok üniversiteyi hedef almıştı. Bu çerçevede Harvard’a sağlanan 8,7 milyar doların \"sivil haklar yasalarına uygun şekilde kullanılıp kullanılmadığının\" araştırıldığı açıklanmıştı. Harvard ise bu talepleri reddederek reform baskılarına boyun eğmeyeceğini belirtmişti. Üniversite profesörleri, söz konusu soruşturmanın ardından dava yoluna gitmişti. Beyaz Saray Sözcüsü Karoline Leavitt, fonların dondurulmasını “antisemitizme karşı yasaların uygulanması” gerekçesiyle savunurken, ABD Gelir İdaresi (IRS), Harvard’ın vergi muafiyetini kaldırma olasılığını değerlendirmeye aldı. (EMK)",
    "url": "https://bianet.org/haber/harvard-universitesi-nden-trump-yonetimine-dava-fonlarin-dondurulmasi-hukuka-aykiri-306674",
    "source": "bianet",
    "genre": "haber",
    "article_date": "2025-04-22T12:18:41.901837",
    "request_date": "2025-04-22T12:18:41.901837",
    "is_empty": false
}