{
    "title": "Fonlarının dondurulmasını istemişti: Harvard Üniversitesi, Trump yönetimine dava açtı",
    "content": "Harvard Üniversitesi, hükümet tarafından üniversiteye sağlanan fonların dondurulmasını engellemek için ABD Başkanı Donald Trump yönetimine dava açıldığını duyurdu. Rektör Alan Garber, üniversitenin internet sitesinden yaptığı açıklamada, Trump yönetiminin üniversitenin fonlarını dondurmasına ilişkin değerlendirmelerde bulundu. Harvard'ın federal hükümetin, \"yasa dışı taleplerini\" yerine getirmeyi reddetmesinin ardından çeşitli adımlar attığını kaydeden Garber, Trump yönetiminin 2,2 milyar dolarlık fonun dondurulması kararına ek olarak 1 milyar dolarlık fonu daha dondurmayı düşündüğünü aktardı. Garber, üniversitenin vergi muafiyetinin de kaldırılmasının göz önünde bulunduğunu vurgulayarak, bu ve benzeri faaliyetlerin eğitim, araştırma ve sağlık alanlarında \"ciddi sonuçları\" olacağının altını çizdi. Hükümetin fonları dondurmasının hukuka aykırı olduğunu ve hükümetin yetkisini aştığını kaydeden Garber, bu sebeple üniversitenin fonların dondurulmasını durdurmak üzere Trump yönetimine dava açtığını duyurdu. Garber, hükümetin üniversitede \"kimin işe alınacağı ve ne öğretileceğini\" kontrol etmeye çalıştığını aktararak, \"Bugün, Amerikan yükseköğretimini dünya için bir yol gösterici haline getiren değerleri savunuyoruz\" dedi. Dava dilekçesinde, \"Hükümet, Harvard'ı hükümetin tercih ettiği bakış açıları ve ideolojiler karışımına uymaya zorlamak amacıyla federal fonların kesilmesi tehdidini kullanmıştır\" ifadesi kullanıldı. Trump yönetimi, aralarında Harvard'ın da olduğu birçok üniversiteye yönelik, başta Filistin destekçisi kampüs protestoları ile çeşitlilik, eşitlik ve kapsayıcılık programlarını gerekçe göstererek, federal fonları dondurma tehdidinde bulunmuştu. Yönetim, Harvard Üniversitesine çeşitli kuruluşlar tarafından verilen 8,7 milyar doları aşkın hibenin \"sivil haklar yasalarına uygun şekilde kullanıldığından emin olmak amacıyla\" soruşturma açıldığını duyurmuştu. Federal yönetimin bu tehdidine karşılık Harvard Üniversitesi, Trump'ın \"üniversitede reform\" yönündeki taleplerini kabul etmeyeceğini açıklamıştı. Harvard Üniversitesi profesörleri, Trump yönetiminin okula sağlanan 8,7 milyar dolarlık federal fonları soruşturma kararına karşı dava açmıştı. Trump yönetimi de Harvard'a sağlanan 2,2 milyar dolarlık fonun ve 60 milyon dolarlık sözleşme bedelinin dondurulmasına karar vermişti. Beyaz Saray Sözcüsü Karoline Leavitt, Harvard'a sağlanan fonların dondurulmasını \"antisemitizmle ilgili yasaların\" uygulanmasıyla savunmuştu. ABD Gelir İdaresi (IRS) ise Harvard Üniversitesinin vergi muafiyetini kaldırmayı değerlendirdiğini duyurmuştu.",
    "url": "https://www.dunya.com/dunya/fonlarinin-dondurulmasini-istemisti-harvard-universitesi-trump-yonetimine-dava-acti-haberi-773152",
    "source": "dunya",
    "genre": "dunya",
    "article_date": "2025-04-22T12:18:27.632823",
    "request_date": "2025-04-22T12:18:27.632823",
    "is_empty": false
}