{
    "title": "Clippers yıldızı Kawhi Leonard, Nuggets serisine denge getirdi!",
    "content": "NBA play-off'larına 2 maçla devam edildi. Batı Konferansı'nı 4. sırada bitirenDenver Nuggets, play-off ilk tur serisi ikinci maçında konferans 5'incisi Clippers'ı ağırladı. Kawhi Leonard'ın 39 sayı, 5 asistlik performansıyla öne çıktığı maçta Nuggets'ı 105-102 yenen Clippers, seriyi eşitledi. Clippers'taJames Harden18 sayı, 7 asist ve Ivica Zubac 16 sayı, 12 ribauntla oynadı. KAWHI LEONARD MASTERPIECE IN GAME 2!🖐️ 39 PTS🖐️ 15-19 FGM🖐️ 5 AST🖐️ 2 STL🖐️ 4 3PMClippers even the series 1-1 in a THRILLER in Denver 😤pic.twitter.com/9pFIrooD1a Nuggets'ta iseNikola Jokic26 sayı, 12 ribaunt, 10 asist ve Jamal Murray 23 sayı, 6 asist üretti. Pistons, Knicks'i mağlup etti Doğu Konferansı'nı 6. sırada tamamlayanDetroit Pistons, ilk tur serisi ikinci maçında konferans 3'üncüsü New York Knicks'i 100-94 yenerek durumu 1-1 yaptı. Konuk takım Pistons'ta Cade Cunningham 33 sayı, 12 ribaunt, Dennis Schröder 20 sayı, 3 asist ve Tobias Harris 15 sayı, 13 ribauntla mücadele etti. Knicks'te ise Jalen Brunson'ın 37 sayı, 7 asist ve Mikal Bridges'in 19 sayı, 5 ribauntluk performansları mağlubiyeti engelleyemedi.",
    "url": "https://www.cnnturk.com/spor/nba/clippers-yildizi-kawhi-leonard-nuggets-serisine-denge-getirdi-2273605",
    "source": "cnnturk",
    "genre": "spor",
    "article_date": "2025-04-22T12:17:36.074856",
    "request_date": "2025-04-22T12:17:36.074856",
    "is_empty": false
}