{
    "title": "Ekler",
    "content": "NBA play-off'larına 2 maçla devam edildi. Batı Konferansı'nı 4. sırada bitiren Denver Nuggets, play-off ilk tur serisi ikinci maçında konferans 5'incisi Clippers'ı ağırladı. Kawhi Leonard'ın 39 sayı, 5 asistlik performansıyla öne çıktığı maçta Nuggets'ı 105-102 yenen Clippers, seriyi eşitledi. Clippers'ta James Harden 18 sayı, 7 asist ve Ivica Zubac 16 sayı, 12 ribauntla oynadı. Nuggets'ta ise Nikola Jokic 26 sayı, 12 ribaunt, 10 asist ve Jamal Murray 23 sayı, 6 asist üretti. Doğu Konferansı'nı 6. sırada tamamlayan Detroit Pistons, ilk tur serisi ikinci maçında konferans 3'üncüsü New York Knicks'i 100-94 yenerek durumu 1-1 yaptı. Konuk takım Pistons'ta Cade Cunningham 33 sayı, 12 ribaunt, Dennis Schröder 20 sayı, 3 asist ve Tobias Harris 15 sayı, 13 ribauntla mücadele etti. Knicks'te ise Jalen Brunson'ın 37 sayı, 7 asist ve Mikal Bridges'in 19 sayı, 5 ribauntluk performansları mağlubiyeti engelleyemedi.",
    "url": "https://www.cumhuriyet.com.tr/spor/nba-play-offlarinda-clippers-ve-pistons-serilerini-esitledi-2321177",
    "source": "cumhuriyet",
    "genre": "spor",
    "article_date": "2025-04-22T12:17:01.474056",
    "request_date": "2025-04-22T12:17:01.474056",
    "is_empty": false
}