{
    "title": "Bakanlıktan deprem bölgesinde 23 Nisan programı!",
    "content": "Bakanlıktan yapılan açıklamaya göre, yarın 13.00-18.00 saatlerindeki şenliklerde, sıfır atıkla ilgili atölye çalışmaları, yüz boyama, palyaço gösterileri, tiyatro gibi birçok etkinlikle çocuklar doyasıya eğlenecek. Etkinlikler, Adıyaman'ın Eğriçay Parkı, Hatay'ın İskenderun ilçesindeki Millet Parkı, Kahramanmaraş Namık Kemal Mahallesi 49024 Sokak ve Malatya'nın İnönü Caddesi'nde gerçekleştirilecek. Bakanlığın sosyal medya hesabından programa ilişkin yapılan paylaşımda,\"Sevgiyle kurulan şehirlerimizde bayram var, neşe var, 23 Nisan şenliğimiz var. Adıyaman, Hatay, Kahramanmaraş ve Malatya'da çocuklarımızın kahkahaları gökyüzüne karışacak, umutlarımız yeniden yükselecek. 23 Nisan şenliğimize tüm çocuklarımızı bekliyoruz.\"ifadeleri kullanıldı.",
    "url": "https://www.ahaber.com.tr/gundem/2025/04/22/bakanliktan-deprem-bolgesinde-23-nisan-programi",
    "source": "ahaber",
    "genre": "gundem",
    "article_date": "2025-04-22T12:17:22.116239",
    "request_date": "2025-04-22T12:17:22.116239",
    "is_empty": false
}