{
    "title": "Galatasaray'a Granit Xhaka müjdesi! Yeşil ışık yandı",
    "content": "Süper Lig'de liderGalatasarayşampiyonluk mücadelesinin yanı sıra, yeni sezon transfer çalışmalarını da hızlandırdı. Dries Mertens'e veda etmeye hazırlanan Galatasaray, orta saha merkezine dünya çapında bir takviye yapmaya hazırlanıyor. Fotoğraf: AFP ASLAN'A YEŞİL IŞIK Sarı-kırmızılı takım, Avrupa'da başarı için orta sahasında kaliteyi artırma kararı aldı. Geçtiğimiz günlerdeLeverkusen'denXhakaile temas kurulurken olumlu sinyaller sonrasında düğmeye basılmıştı. 32 yaşındaki maestro, Galatasaray'ın maçlarını takip etmeye başladı. Fotoğraf: AFP LEVERKUSEN XHAKA'YA ENGEL OLMAYACAK GazeteciSacha Tavolieri'nin haberine göre;Bayer Leverkusen'den ayrılmayı ciddi şekilde düşünen 32 yaşındaki futbolcunun Galatasaray'ın teklifinin kariyerinin son büyük mali fırsatlarından biri olduğunun farkında olduğunu, Leverkusen'in de oyuncunun takıma yaptığı katkılardan ötürü düşük bir bonservis bedeliyle ayrılmasına sıcak baktığını öne sürdü.    ",
    "url": "https://www.ahaber.com.tr/spor/galatasaray/2025/04/22/galatasaraya-granit-xhaka-mujdesi-yesil-isik-yandi",
    "source": "ahaber",
    "genre": "spor",
    "article_date": "2025-04-22T12:17:23.009651",
    "request_date": "2025-04-22T12:17:23.009651",
    "is_empty": false
}