{
    "title": "PKK ne zaman silah bırakacak? DEM Parti heyeti 4. kez İmralı'ya gitti",
    "content": "DEM Partiİmralıheyetinde yer alanPervin BuldanteröristbaşıAbdullah Öcalanile görüşmek için İmralı Adası'na ziyaret gerçekleştirdi. Sırrı Süreyya Önder'in yokluğunda Buldan'a Öcalan'ın avukatıFaik Özgür Eroleşlik etti. İmralı'ya ziyarette bulunan DEM Parti Van milletvekili Pervin Buldan (AA) DEM PARTİ'DEN ZİYARET SONRASI AÇIKLAMADEM Parti Van Milletvekili Pervin Buldan, bugün İmralı Adası'na gerçekleştirdikleri ziyarete ilişkin,\"Görüşmenin oldukça verimli geçtiğini özellikle ifade etmek isterim. Yaptığımız görüşmede elbette ki ilk gündem, ilk konu sevgili Sırrı Süreyya Önder'in sağlık durumu oldu.\"dedi.Buldan, İmralı'ya gerçekleştirdikleri ziyaret sonrasında, TBMM Başkanvekili ve DEM Parti İstanbul Milletvekili Sırrı Süreyya Önder'in kalp rahatsızlığı nedeniyle geçirdiği ameliyatın ardından tedavisinin sürdüğü Şişli'deki hastane önünde basın mensuplarına açıklama yaptı.İmralı görüşmesinin yaklaşık 2,5 saat sürdüğünü belirten Buldan,\"Görüşmenin oldukça verimli geçtiğini özellikle ifade etmek isterim. Yaptığımız görüşmede elbette ki ilk gündem, ilk konu sevgili Sırrı Süreyya Önder'in sağlık durumu oldu.\"dedi.Buldan, terör örgütü elebaşı Abdullah Öcalan'ın, Sırrı Süreyya Önder'in sağlık durumuyla ilgili çıkan tüm haberleri takip ettiğini, çok büyük bir üzüntü duyduğunu, en kısa zamanda sağlığına kavuşmasını umut ettiğini ifade ederek,\"Ayrıca süreçle ilgili de hem umudunu koruduğunu hem de çalışmalarını devam ettirdiğinin altını da önemle çizdi.\"diye konuştu. Pervin Buldan, İmralı ziyareti sonrası İstanbul'da tedavi gören Sırrı Süreyya Önder'in bulunduğu hastaneye gitti. (İHA)Pervin Buldan, açıklamasının ardından terör örgütü elebaşı Öcalan'ın, Sırrı Süreyya Önder'e hitaben gönderdiği mesajı okudu.Mesajda, şu ifadeler yer aldı:\"Sırrı Süreyya Önder'e yaşadığı rahatsızlık nedeniyle şifa diliyorum. Ailesine ve tüm dostlarına, sevenlerine geçmiş olsun dileklerimi sunuyorum. Sırrı Süreyya Önder ile 12 yıllık mesaimiz var. Onun taşıdığı büyük önem şudur; Adıyamanlı ve Türkmen kökenli ideal biri olarak Baba İshak geleneğini temsil ediyor. Büyük barış çabasını topluma yansıtan, toplumsal ön yargıları şahsında kırabilen biridir. Bunu da yaptı. Ön yargıları toplumda kırdı, Mecliste kırdı, sokakta kırdı. Onun şahsında hayata geçen, Anadolu genleri ve kültürü dediğimiz şeydir. Barış dediğimiz şey de Anadolu genlerini, Türkmen geleneğini yaşanılır kılmaktır.Önder, böyle biridir ve gerçek Türkmenlik özü budur. En iyi barış kimliği, en iyi barış kültürü. 'Israrla düşmanlaştıralım, bu biçimde siyaset yapalım' anlayışının tam zıddıdır. Önder'in olumsuzluklarla baş etme, onları yönetebilme kültürü önemlidir. Ortaya çıkan olumsuzlukları derinleşmeden olumluya dönüştürebilendir. Herkesin Önder'in kaldığı hastaneye gittiğini, onun anısına bağlılığını beyan ettiğini görüyorum. Bağlılığın gereği, onun barış çabasını pratikleştirmekten geçer. Bir kez daha kendisine, ailesine, sevenlerine, tüm topluma geçmiş olsun dileklerimi sunuyor, bir an evvel iyileşerek en coşkulu, en güçlü haliyle aramızda olmasını diliyorum.\"Buldan, mesajı okuduktan sonra,\"Bir kez daha İmralı heyeti üyeleri olarak sevgili Sırrı Süreyya Önder'e hem geçmiş olsun dileklerimizi hem de onu özlemle beklediğimizi, bu çalışmalara kaldığımız yerden devam etmesi için ona ihtiyacımız olduğunu belirtmek istiyorum.\"ifadelerini kullandı. DEM Parti heyeti geçtiğimiz haftalarda Başkan Erdoğan'ı da ziyaret etmişti. (A Haber arşiv) BAŞKAN ERDOĞAN'I DA ZİYARET ETMİŞLERDİ\"Terörsüz Türkiye\"hedefi kapsamında DEM Parti heyeti geçtiğimiz haftalarda Başkan Erdoğan'ı da ziyaret etmişti.Cumhurbaşkanlığı Külliyesi'nde gerçekleştirilen toplantı, Başkan Erdoğan'ın sürece verdiği önemi göstermesi açısından AK Parti Genel Merkezi ya da Meclis yerine Beştepe'de yapılmasıyla dikkat çekti. DEM Parti, görüşmenin ardından yaptığı açıklamada,\"Dünden daha umutluyuz\"diyerek sürecin olumlu ilerlediğini vurguladı.",
    "url": "https://www.ahaber.com.tr/gundem/2025/04/21/pkk-ne-zaman-silah-birakacak-dem-parti-heyeti-4-kez-imraliya-gidiyor",
    "source": "ahaber",
    "genre": "gundem",
    "article_date": "2025-04-22T12:17:21.694057",
    "request_date": "2025-04-22T12:17:21.694057",
    "is_empty": false
}