{
    "title": "İstanbul'da DEAŞ'a darbe! 14 gözaltı birden",
    "content": "İstanbul'da DEAŞ silahlı terör örgütüyle bağlantılı olduğu belirtilen 20 şüphelinin yakalanmasına yönelik düzenlenen operasyonda 14 kişi gözaltına alındı. İstanbul Cumhuriyet Başsavcılığı, Terör Suçları Soruşturma Bürosu tarafından yürütülen soruşturma kapsamında, İstanbul'da faaliyet gösteren ve DEAŞ silahlı terör örgütü ile bağlantılı oldukları değerlendirilen 20 şüpheliye yönelik 22 Nisan'da operasyon düzenlendi. Operasyonda 14 şüpheli yakalanırken, firari 6 kişiyi yakalama çalışmaları ise sürüyor. Şüphelilerin evlerinde yapılan aramalarda çok sayıda dijital doküman ele geçirildi.",
    "url": "https://www.ahaber.com.tr/gundem/2025/04/22/istanbulda-deasa-darbe-14-gozalti-birden",
    "source": "ahaber",
    "genre": "gundem",
    "article_date": "2025-04-22T12:17:20.990888",
    "request_date": "2025-04-22T12:17:20.990888",
    "is_empty": false
}