{
    "title": "Galatasaray'da Lucas Torreira'nın sözleşmesi 2028 yılına kadar uzatıldı",
    "content": "Galatasaray'da Lucas Torreira ilgili sıcak bir gelişme yaşandı. Sarı kırmızılı takım, Lucas Torreira'nın sözleşmesinin 30 Haziran 2028'e kadar uzatıldığını TFF'ye bildirdi.",
    "url": "https://www.ahaber.com.tr/spor/galatasaray/2025/04/21/galatasarayda-lucas-torreiranin-sozlesmesi-2028-yilina-kadar-uzatildi",
    "source": "ahaber",
    "genre": "spor",
    "article_date": "2025-04-22T12:17:22.874331",
    "request_date": "2025-04-22T12:17:22.874331",
    "is_empty": false
}