{
    "title": "Baba-oğul yolsuzluk şebekesi! Haraca bağlanan müteahhit konuştu! İmamoğlu'nun babası da çarkın içinde",
    "content": "Yolsuzluk soruşturması kapsamında İstanbul Cumhuriyet Başsavcılığı'na müşteki şüpheli sıfatıyla ifade veren müteahhit Muzaffer Beyaz, Beylikdüzü'nde ortağı olduğu West Side konut projesinin iskânını alabilmek için Ekrem İmamoğlu'nun babası Hasan İmamoğlu'na 3 daire vermek zorunda kaldıklarını söyledi.  Beyaz,\"Mehmet Murat Çalık iskân için 3 tane daireyi Hasan İmamoğlu'na devretmemizi istedi, devrettik. Devir işlemlerinde sonradan sorun yaşamamak için hesabımıza göstermelik olarak para gönderdiler. Daha sonra bu para proje yöneticileriyle kendilerine iade edildi\"dedi. SIVACIYLA BAŞKAN HALLETTİMuzaffer Beyaz, savcılık ifadesinde şunu söyledi: West Side isimli projeye 2014 yılında başladık. 2019 yılında iskânını aldık. Bu projenin iskânını Adem Soytekin halletti. Adem'e, kaba inşaat yapımından dolayı yüklü miktarda nakit ödeme yaptık.  Bu ödemeler, inşaatı yapan firmaların kurmuş olduğu ortaklık üzerinden yapıldı. Kayıtları da dosyada sunacağım. Kalan ödemede iskân işlerini halletmesi için Adem'e 7 dükkân, 5 daire verdik. Ayrıca bu projede 3 daireyi de Hasan İmamoğlu üzerine yaptık.  Sabah'ın haberine göre; Mehmet Murat Çalık bina ruhsatı için 3 tane daireyi bu şekilde devretmemizi istedi. Ancak devir işlemlerinde sonradan sorun yaşamamak için hesabımıza göstermelik olarak para gönderdiler. Daha sonra bu para proje yöneticileriyle kendilerine iade edildi. ",
    "url": "https://www.ahaber.com.tr/gundem/2025/04/22/baba-ogul-yolsuzluk-sebekesi-haraca-baglanan-muteahhit-konustu-imamoglunun-babasi-da-carkin-icinde",
    "source": "ahaber",
    "genre": "gundem",
    "article_date": "2025-04-22T12:17:23.668290",
    "request_date": "2025-04-22T12:17:23.668290",
    "is_empty": false
}