{
    "title": "Nimet Tanrıkulu'nun duruşması ertelendi",
    "content": "İnsan Hakları Derneği (İHD) kurucularından Nimet Tanrıkulu’nun yargılandığı davanın ikinci duruşması Çağlayan Adliyesi 24. Ağır Ceza Mahkemesinde görüldü. Duruşmayı, Tanrıkulu’nun avukatları ve birçok insan hakları savunucusu da takip etti. Duruşma hakkında bianet’e bilgi veren İHD Eş Genel Başkanı Eren Keskin, yargılamanın 2013-2015’teki ‘çözüm süreci’ne ilişkin yapıldığını ve Tanrıkulu’nun bu süreçte katıldığı toplantıların suçlama konusu yapıldığını belirtti. Daha önce benzer suçlamalarla Diyarbakır’da açılan dava hakkında takipsizlik kararı verildiğini hatırlattı. Nimet Tanrıkulu'nun duruşması 1 Temmuz 2025 tarihine ertelendi. Adli kontrol tedbiri kaldırılmayan Tanrıkulu, ayda iki kez yerine bir kez imza atacak. 26 Kasım 2024’te polis sabah erken saatlerde, hakkında gizlilik kararı olan bir soruşturma kapsamında Nimet Tanrıkulu’nun evine baskın düzenledi. Gözaltına alınan Tanrıkulu aynı gün, Ankara Emniyet Müdürlüğü’nün terörle mücadele şubesi tarafından Ankara’ya götürüldü. 29 Kasım’da Ankara 4. Sulh Ceza Hakimliği’nin kararıyla ‘terör örgütü üyeliği’ suçlamasıyla tutuklandı. Tanrıkulu 4 Mart’ta görülen ilk duruşmada tahliye edilmiş, davanın ikinci duruşması ise 22 Nisan’a ertelenmişti. (AB)",
    "url": "https://bianet.org/haber/nimet-tanrikulu-nun-durusmasi-ertelendi-306682",
    "source": "bianet",
    "genre": "haber",
    "article_date": "2025-04-22T12:18:41.823141",
    "request_date": "2025-04-22T12:18:41.823141",
    "is_empty": false
}