{
    "title": "Murathan Mungan’ın 50. sanat yılı sempozyumla kutlanıyor",
    "content": "Şair ve yazar Murathan Mungan’ın doğum günü ve 50. sanat yılı iki günlük bir sempozyumla kutlanıyor. Sempozyum 24-25 Nisan 2025 tarihlerinde Mimar Sinan Güzel Sanatlar Üniversitesi Fındıklı Yerleşkesi Sedad Hakkı Eldem Oditoryumu’nda gerçekleştirilecek.Sempozyumun ilk günü ilk oturum “Mungan Şiirine Dair”. Haydar Ergülen’in moderatörlüğünde Yıldırım Türker, Deniz Durukan ve Orhan Kâhyaoğlu konuşacaklar. Sema Kaygusuz, Gaye Boralıoğlu, Behçet Çelik ve Murat Özyaşar’ın katılacakları “Yazarlar Murathan Mungan’ı Okuyor” başlıklı ikinci oturumun moderatörü ise Doğan Yaşat. Günün son oturumunun başlığı “Şairin Romanları”. Erol Köroğlu, Doğan Yaşat, Sevin Okyay ve Müge İplikçi Necmiye Alpay’ın moderatörlüğünde Mungan’ın romanları hakkında konuşacaklar.25 Nisan Cuma günkü ilk oturum, “Mungan’ın Anlattıklarını Düşünmek”. Sibel Irzık, Mahmut Mutman ve Bahanur Garan’ın katılacakları oturumu Nüket Esen yönetecek. Fatmagül Berktay’ın moderatörlüğünü üstlendiği “Mungan’ın Dikkatleri ve Mungan’a Yönelen Dikkat” başlıklı ikinci oturumda ise Fatih Özgüven, Sırma Köksal, Savaş Kılıç ve Sylvain Cavaillès söz alacaklar.Zeynep Oral’ın yöneteceği “Yazarın Sahnesi” başlıklı günün son oturumu ise tiyatro hakkında. Ayşenil Şamlıoğlu’nun konuşmasını Nazan Kesal ve Atakan Keskin’in Taziye oyunundan seslendirecekleri bir bölüm takip ediyor.Sempozyum, Murathan Mungan’ın Kapanış Konuşması ile son bulacak.MSGSÜ Sosyoloji Bölümü ve Metis Yayınları işbirliğiyle gerçekleştiren etkinlik herkese açık ve ücretsizdir. Katılımcılar ve sempozyum özetleri hakkında daha ayrıntılı bilgi için bkz: 1. link, katılımcı biyografileri:https://www.metiskitap.com/document/murathan-mungan-sempozyum-katilimcilar.pdf 2. link, özetler:https://www.metiskitap.com/document/murathan-mungan-sempozyum.pdf",
    "url": "https://bianet.org/haber/murathan-munganin-50-sanat-yili-sempozyumla-kutlaniyor-306655",
    "source": "bianet",
    "genre": "haber",
    "article_date": "2025-04-22T12:18:41.997189",
    "request_date": "2025-04-22T12:18:41.997189",
    "is_empty": false
}