{
    "title": "Özel güvenlikler Ali İsmail Korkmaz’ın resmini sildi, öğrenciler yeniden çizdi",
    "content": "Gezi Direnişi’ne destek eylemleri sırasında Eskişehir’de dövülerek öldürülen Anadolu Üniversitesi öğrencisi Ali İsmail Korkmaz’ın resmi, bugün sabah (21 Nisan) kendi fakültesinin duvarına çizildi. Ancak kısa süre sonra, özel güvenlik görevlileri tarafından silindi. Öğle saatlerinde öğrenciler, Korkmaz’ın eğitim gördüğü İngilizce Öğretmenliği Bölümü’ne ait fakültenin duvarına resmi yeniden çizdi ve bu kez resmi korumak amacıyla başında bekleme kararı aldı. Resmi çizen öğrencilerden biri, konuya ilişkin görüşlerini bianet’e anlattı. Öğrenci, sözlerine Ali İsmail Korkmaz’ın 12 yıl önce, bugün yaşanan sürece benzer bir dönemde, Anadolu Üniversitesi öğrencisiyken Eskişehir sokaklarında polisler tarafından dövülerek öldürüldüğünü hatırlatarak başladı. “Biz Ali İsmail’in sıra arkadaşlarıyız, kardeşleriyiz,” diyen öğrenci, onun üniversitesinde, fakültesinin giriş duvarına onun adını ve anısını yaşatmak amacıyla bu resmi çizdiklerini ifade etti. Öğrenci, “Ali İsmail Korkmaz onurumuzdur” diyerek sözlerini sonlandırdı. (YAH/VC)",
    "url": "https://bianet.org/haber/ozel-guvenlikler-ali-ismail-korkmazin-resmini-sildi-ogrenciler-yeniden-cizdi-306668",
    "source": "bianet",
    "genre": "haber",
    "article_date": "2025-04-22T12:18:42.201285",
    "request_date": "2025-04-22T12:18:42.201285",
    "is_empty": false
}