{
    "title": "Altamira Karma Resim Sergisi açılıyor",
    "content": "RessamMustafa Özel'in kurduğu Altamira Atölyesi'nin karmaresimsergisi yarın açılacak.İstanbul Beşiktaş'taki Deniz Müzesi'nde bulunansergialanında saat 17.00'de açılışı gerçekleştirilecek sergide 30 farklı sanatçının eserleri yer alacak.Sergi 27 Nisan tarihine dek sanatseverler tarafından gezilebilecek.Sergide Kadın hastalıkları ve Doğum Uzmanı Dr. Gülnihal Bülbül'ün de doğum yapmış kadın ve bebeğinin resmettiği iki resim çalışması da bulunuyor. İstanbul Beşiktaş'taki Deniz Müzesi'nde bulunansergialanında saat 17.00'de açılışı gerçekleştirilecek sergide 30 farklı sanatçının eserleri yer alacak.Sergi 27 Nisan tarihine dek sanatseverler tarafından gezilebilecek.Sergide Kadın hastalıkları ve Doğum Uzmanı Dr. Gülnihal Bülbül'ün de doğum yapmış kadın ve bebeğinin resmettiği iki resim çalışması da bulunuyor. Sergi 27 Nisan tarihine dek sanatseverler tarafından gezilebilecek.Sergide Kadın hastalıkları ve Doğum Uzmanı Dr. Gülnihal Bülbül'ün de doğum yapmış kadın ve bebeğinin resmettiği iki resim çalışması da bulunuyor. Sergi 27 Nisan tarihine dek sanatseverler tarafından gezilebilecek.Sergide Kadın hastalıkları ve Doğum Uzmanı Dr. Gülnihal Bülbül'ün de doğum yapmış kadın ve bebeğinin resmettiği iki resim çalışması da bulunuyor. Sergide Kadın hastalıkları ve Doğum Uzmanı Dr. Gülnihal Bülbül'ün de doğum yapmış kadın ve bebeğinin resmettiği iki resim çalışması da bulunuyor.",
    "url": "https://www.birgun.net/haber/altamira-karma-resim-sergisi-aciliyor-617193",
    "source": "birgun",
    "genre": "haber",
    "article_date": "2025-04-22T12:18:31.142917",
    "request_date": "2025-04-22T12:18:31.142917",
    "is_empty": false
}