{
    "title": "Güngören'de kolonlarından ses gelen 6 katlı bina boşaltıldı",
    "content": "İstanbul Güngören'de 6 katlı birbina, kolonlarından gelen sesler üzerinetahliyeedildi.Olay, dün (21 Nisan) akşam saatlerinde Merkez Mahallesi Cömerttürk Sokak'ta yaşandı. Edinilen bilgiye göre, sokakta bulunan 6 katlı binada oturanlar kolonlardan gelen sesler üzerine durumu itfaiye, polis ve zabıta ekiplerine bildirdi. Olay yerine gelen itfaiye ekipleri ve zabıta ekipleri, binada incelemelerde bulundu.Fotoğraf: DHABİNA SAKİNLERİ OTELLERE YERLEŞTİRİLDİYapılan incelemeler sonucunda bina sakinleri tedbir amaçlı tahliye edildi. Binada yaşayanlar belediyenin belirlediği otellere yerleştirildi. Ekipler, bina çevresine bariyerler yerleştirerek önlem aldı.Belediye ekiplerinin detaylı inceleme yapacağı ve çıkan sonuca göre bina ile ilgili karar verileceği öğrenildi. Olay, dün (21 Nisan) akşam saatlerinde Merkez Mahallesi Cömerttürk Sokak'ta yaşandı. Edinilen bilgiye göre, sokakta bulunan 6 katlı binada oturanlar kolonlardan gelen sesler üzerine durumu itfaiye, polis ve zabıta ekiplerine bildirdi. Olay yerine gelen itfaiye ekipleri ve zabıta ekipleri, binada incelemelerde bulundu.Fotoğraf: DHABİNA SAKİNLERİ OTELLERE YERLEŞTİRİLDİYapılan incelemeler sonucunda bina sakinleri tedbir amaçlı tahliye edildi. Binada yaşayanlar belediyenin belirlediği otellere yerleştirildi. Ekipler, bina çevresine bariyerler yerleştirerek önlem aldı.Belediye ekiplerinin detaylı inceleme yapacağı ve çıkan sonuca göre bina ile ilgili karar verileceği öğrenildi. Yapılan incelemeler sonucunda bina sakinleri tedbir amaçlı tahliye edildi. Binada yaşayanlar belediyenin belirlediği otellere yerleştirildi. Ekipler, bina çevresine bariyerler yerleştirerek önlem aldı.Belediye ekiplerinin detaylı inceleme yapacağı ve çıkan sonuca göre bina ile ilgili karar verileceği öğrenildi. Belediye ekiplerinin detaylı inceleme yapacağı ve çıkan sonuca göre bina ile ilgili karar verileceği öğrenildi.",
    "url": "https://www.birgun.net/haber/gungoren-de-kolonlarindan-ses-gelen-6-katli-bina-bosaltildi-617426",
    "source": "birgun",
    "genre": "haber",
    "article_date": "2025-04-22T12:18:30.336107",
    "request_date": "2025-04-22T12:18:30.336107",
    "is_empty": false
}