{
    "title": "DEM Parti heyeti Öcalan ile görüştü",
    "content": "Politika ServisiDEM Partiİmralı Heyetidün PKK LideriAbdullah Öcalanile İmralı’da görüştü. Heyetteki Ahmet Türk ve Sırrı Süreyya Önder’in rahatsızlıkları sebebiyle görüşmeyi Pervin Buldan ve Asrın Hukuk Bürosundan Avukat Faik Özgür Erol gerçekleştirdi. Görüşmenin ardından ise detaylı bir açıklama yapılmadı.DEM Parti tarafından yapılan açıklamada ertelenen Adalet Bakanlığı görüşmesi için yeni başvurunun yapıldığı duyuruldu. Bakanlık görüşmesinde Grup Başkanvekilleri Gülistan Kılıç Koçyiğit ve Sezai Temelli’nin yanı sıra Hukuk ve İnsan Hakları Komisyonu Eşsözcüsü ve Eş Genel Başkan Yardımcısı Öztürk Türkdoğan’ın da yer alacağı belirtildi.Öte yandan aynı gün DEM Parti heyetinin Erbil ziyareti de dikkat çekti. Heyetin çeşitli siyasi partiler ve aydınlarla görüşeceği öğrenilirken, görüşmelerin Kürdistan Bölgesi’nin tamamını kapsamayacağı, Kürdistan Demokrat Partisi (KDP) ve Kürdistan Yurtseverler Birliği’nin (KYB) bu temaslarda yer almayacağı belirtildi.Partiden yapılan açıklamada ziyaretin önceki görüşmelerin devamı niteliğinde olduğu ve bölgesel iş birliği, halklar arası diyalog ve barışın inşasına katkı sunmayı amaçladığı ifade edildi. DEM Partiİmralı Heyetidün PKK LideriAbdullah Öcalanile İmralı’da görüştü. Heyetteki Ahmet Türk ve Sırrı Süreyya Önder’in rahatsızlıkları sebebiyle görüşmeyi Pervin Buldan ve Asrın Hukuk Bürosundan Avukat Faik Özgür Erol gerçekleştirdi. Görüşmenin ardından ise detaylı bir açıklama yapılmadı.DEM Parti tarafından yapılan açıklamada ertelenen Adalet Bakanlığı görüşmesi için yeni başvurunun yapıldığı duyuruldu. Bakanlık görüşmesinde Grup Başkanvekilleri Gülistan Kılıç Koçyiğit ve Sezai Temelli’nin yanı sıra Hukuk ve İnsan Hakları Komisyonu Eşsözcüsü ve Eş Genel Başkan Yardımcısı Öztürk Türkdoğan’ın da yer alacağı belirtildi.Öte yandan aynı gün DEM Parti heyetinin Erbil ziyareti de dikkat çekti. Heyetin çeşitli siyasi partiler ve aydınlarla görüşeceği öğrenilirken, görüşmelerin Kürdistan Bölgesi’nin tamamını kapsamayacağı, Kürdistan Demokrat Partisi (KDP) ve Kürdistan Yurtseverler Birliği’nin (KYB) bu temaslarda yer almayacağı belirtildi.Partiden yapılan açıklamada ziyaretin önceki görüşmelerin devamı niteliğinde olduğu ve bölgesel iş birliği, halklar arası diyalog ve barışın inşasına katkı sunmayı amaçladığı ifade edildi. DEM Parti tarafından yapılan açıklamada ertelenen Adalet Bakanlığı görüşmesi için yeni başvurunun yapıldığı duyuruldu. Bakanlık görüşmesinde Grup Başkanvekilleri Gülistan Kılıç Koçyiğit ve Sezai Temelli’nin yanı sıra Hukuk ve İnsan Hakları Komisyonu Eşsözcüsü ve Eş Genel Başkan Yardımcısı Öztürk Türkdoğan’ın da yer alacağı belirtildi.Öte yandan aynı gün DEM Parti heyetinin Erbil ziyareti de dikkat çekti. Heyetin çeşitli siyasi partiler ve aydınlarla görüşeceği öğrenilirken, görüşmelerin Kürdistan Bölgesi’nin tamamını kapsamayacağı, Kürdistan Demokrat Partisi (KDP) ve Kürdistan Yurtseverler Birliği’nin (KYB) bu temaslarda yer almayacağı belirtildi.Partiden yapılan açıklamada ziyaretin önceki görüşmelerin devamı niteliğinde olduğu ve bölgesel iş birliği, halklar arası diyalog ve barışın inşasına katkı sunmayı amaçladığı ifade edildi. Öte yandan aynı gün DEM Parti heyetinin Erbil ziyareti de dikkat çekti. Heyetin çeşitli siyasi partiler ve aydınlarla görüşeceği öğrenilirken, görüşmelerin Kürdistan Bölgesi’nin tamamını kapsamayacağı, Kürdistan Demokrat Partisi (KDP) ve Kürdistan Yurtseverler Birliği’nin (KYB) bu temaslarda yer almayacağı belirtildi.Partiden yapılan açıklamada ziyaretin önceki görüşmelerin devamı niteliğinde olduğu ve bölgesel iş birliği, halklar arası diyalog ve barışın inşasına katkı sunmayı amaçladığı ifade edildi. Partiden yapılan açıklamada ziyaretin önceki görüşmelerin devamı niteliğinde olduğu ve bölgesel iş birliği, halklar arası diyalog ve barışın inşasına katkı sunmayı amaçladığı ifade edildi.",
    "url": "https://www.birgun.net/haber/dem-parti-heyeti-ocalan-ile-gorustu-617335",
    "source": "birgun",
    "genre": "haber",
    "article_date": "2025-04-22T12:18:31.819716",
    "request_date": "2025-04-22T12:18:31.819716",
    "is_empty": false
}