{
    "title": "Şiddetin sorumluları 6284’e göz dikenlerdir",
    "content": "Haber MerkeziErzincanKadın Platformu üyeleri, Erzurum Şehir Hastanesi bahçesinde araç içerisinde Erzincan Binali Yıldırım Üniversitesi öğrencisi Hatice Ağcakale Buzlak’ın evli olduğu Ali Osman Buzlak tarafından öldürülmesiniprotestoetti.Cumhuriyet Meydanı’nda yapılan eylemde konuşan Zeynep Sarıca, cinayetin sorumlularının İstanbul Sözleşmesi’ni kaldıran ve6284sayılı Kanun’a göz dikenler olduğunu söyledi.İstanbul Zeytinburnu’da Ukraynalı Hanna Dürçek (44) adlı kadın, evli olduğu Ferhan Dürçek tarafından katledildi. Dürçek cinayet sonrası intihar etti. ErzincanKadın Platformu üyeleri, Erzurum Şehir Hastanesi bahçesinde araç içerisinde Erzincan Binali Yıldırım Üniversitesi öğrencisi Hatice Ağcakale Buzlak’ın evli olduğu Ali Osman Buzlak tarafından öldürülmesiniprotestoetti.Cumhuriyet Meydanı’nda yapılan eylemde konuşan Zeynep Sarıca, cinayetin sorumlularının İstanbul Sözleşmesi’ni kaldıran ve6284sayılı Kanun’a göz dikenler olduğunu söyledi.İstanbul Zeytinburnu’da Ukraynalı Hanna Dürçek (44) adlı kadın, evli olduğu Ferhan Dürçek tarafından katledildi. Dürçek cinayet sonrası intihar etti. Cumhuriyet Meydanı’nda yapılan eylemde konuşan Zeynep Sarıca, cinayetin sorumlularının İstanbul Sözleşmesi’ni kaldıran ve6284sayılı Kanun’a göz dikenler olduğunu söyledi.İstanbul Zeytinburnu’da Ukraynalı Hanna Dürçek (44) adlı kadın, evli olduğu Ferhan Dürçek tarafından katledildi. Dürçek cinayet sonrası intihar etti. İstanbul Zeytinburnu’da Ukraynalı Hanna Dürçek (44) adlı kadın, evli olduğu Ferhan Dürçek tarafından katledildi. Dürçek cinayet sonrası intihar etti.",
    "url": "https://www.birgun.net/haber/siddetin-sorumlulari-6284e-goz-dikenlerdir-617318",
    "source": "birgun",
    "genre": "haber",
    "article_date": "2025-04-22T12:18:31.358605",
    "request_date": "2025-04-22T12:18:31.358605",
    "is_empty": false
}