{
    "title": "EuroLeague'de play-off başlıyor",
    "content": "THYEuroLeague'de play-off heyecanı bu akşam oynanacak maçlarla başlıyor.Bu akşam hemFenerbahçe Bekohem deAnadolu Efesparkeye çıkacak.Saat 20.45'te başlayacak maçta, normal sezonu Olympiakos'un bir mağlubiyet arkasında ikinci sırada tamamlayan Fenerbahçe Beko, play-in'deReal Madrid'i deplasmanda yenerek çeyrek final oynama hakkı elde eden Paris Basket'i konuk edecek.Normal sezonu 6'ncı sırada bitiren Anadolu Efes ise saat 21.30'da eski koçu Ergin Ataman'ın çalıştırdığı son şampiyon Panathinaikos'a konuk olacak.Bu iki eşleşmenin kazananı, final four'da yarı finalde karşı karşıya gelecek.Çeyrek finalin diğer eşleşmeleri ise yarın başlayacak. Yarın akşam Monaco-Barcelona ve Olympiakos-Real Madrid maçları oynanacak. Bu akşam hemFenerbahçe Bekohem deAnadolu Efesparkeye çıkacak.Saat 20.45'te başlayacak maçta, normal sezonu Olympiakos'un bir mağlubiyet arkasında ikinci sırada tamamlayan Fenerbahçe Beko, play-in'deReal Madrid'i deplasmanda yenerek çeyrek final oynama hakkı elde eden Paris Basket'i konuk edecek.Normal sezonu 6'ncı sırada bitiren Anadolu Efes ise saat 21.30'da eski koçu Ergin Ataman'ın çalıştırdığı son şampiyon Panathinaikos'a konuk olacak.Bu iki eşleşmenin kazananı, final four'da yarı finalde karşı karşıya gelecek.Çeyrek finalin diğer eşleşmeleri ise yarın başlayacak. Yarın akşam Monaco-Barcelona ve Olympiakos-Real Madrid maçları oynanacak. Saat 20.45'te başlayacak maçta, normal sezonu Olympiakos'un bir mağlubiyet arkasında ikinci sırada tamamlayan Fenerbahçe Beko, play-in'deReal Madrid'i deplasmanda yenerek çeyrek final oynama hakkı elde eden Paris Basket'i konuk edecek.Normal sezonu 6'ncı sırada bitiren Anadolu Efes ise saat 21.30'da eski koçu Ergin Ataman'ın çalıştırdığı son şampiyon Panathinaikos'a konuk olacak.Bu iki eşleşmenin kazananı, final four'da yarı finalde karşı karşıya gelecek.Çeyrek finalin diğer eşleşmeleri ise yarın başlayacak. Yarın akşam Monaco-Barcelona ve Olympiakos-Real Madrid maçları oynanacak. Normal sezonu 6'ncı sırada bitiren Anadolu Efes ise saat 21.30'da eski koçu Ergin Ataman'ın çalıştırdığı son şampiyon Panathinaikos'a konuk olacak.Bu iki eşleşmenin kazananı, final four'da yarı finalde karşı karşıya gelecek.Çeyrek finalin diğer eşleşmeleri ise yarın başlayacak. Yarın akşam Monaco-Barcelona ve Olympiakos-Real Madrid maçları oynanacak. Bu iki eşleşmenin kazananı, final four'da yarı finalde karşı karşıya gelecek.Çeyrek finalin diğer eşleşmeleri ise yarın başlayacak. Yarın akşam Monaco-Barcelona ve Olympiakos-Real Madrid maçları oynanacak. Çeyrek finalin diğer eşleşmeleri ise yarın başlayacak. Yarın akşam Monaco-Barcelona ve Olympiakos-Real Madrid maçları oynanacak.",
    "url": "https://www.birgun.net/haber/euroleague-de-play-off-basliyor-617367",
    "source": "birgun",
    "genre": "haber",
    "article_date": "2025-04-22T12:18:30.833155",
    "request_date": "2025-04-22T12:18:30.833155",
    "is_empty": false
}