{
    "title": "İsmail Küçükkaya'dan Bahçeli kulisi: Bugün açıklama yapacak",
    "content": "Milliyetçi Hareket Partisi (MHP) Genel BaşkanıDevlet Bahçeli'nin, eski danışmanı Mümtaz'er Türköne’nin \"Erdoğan çözüm sürecini tırpanlayacak, Bahçeli de bunun üzerine erken seçime götürecek\" açıklaması üzerine bugün yazılı biraçıklamayapması bekleniyor.MHP kaynaklarından aldığı bilgiyi kamuoyuyla paylaşan gazeteciİsmail Küçükkaya, \"T24’te yayımlanan söyleşi gün boyu tartışıldı. MHP’li kaynaklardan edindiğim bilgiye göre, Bahçeli’nin bu iddialara bugün yazılı bir açıklamayla yanıt vermesi bekleniyor\" dedi.MÜMTAZ'ER TÜRKÖNE: BAHÇELİ TÜRKİYE’Yİ ERKEN SEÇİME GÖTÜRECEKDün (21 Nisan) T24’ten Cansu Çamlıbel’e konuşan yazar Mümtaz'er Türköne, AKP'li Cumhurbaşkanı Erdoğan’ın çözüm sürecini engelleyeceğini ve bu sürecin Bahçeli’yierken seçimçağrısı yapmaya yönlendireceğini ileri sürmüştü.Türköne, şunları söylemişti:\"Erdoğan çözüm sürecini baltalayacak, yani çözüm sürecinin gelişmesini engelleyecek. Bahçeli de bunun üzerine Türkiye'yi erken seçime götürecek. Erdoğan çözüm sürecini baltalayacak çünkü daha önce anlattığım gibi hukuka dönüşün kendi hegemonik gücünü tırpanlayacağını ve kendini enterne edeceğini düşünecek. Bu yüzden de süreci küçük küçük tırpanlayarak sona erdirmeye çalışacak. Yani aslında Erdoğan çözüm sürecinin kendisine değil bu sürecin kendisine hukuk dayatacak olmasına karşı. Söyledim, hukuka dönüş olmadan da çözüm sürecinin başarılı olma ihtimali yok. O zaman da Bahçeli Türkiye'yi erken seçime götürmek zorunda. Çünkü çözüm sürecinin önü ancak o zaman açılır.\"Şamil Tayyar: \"Cumhur İttifakı'nda bir şeylerin yolunda gitmediğini öğrendim\"Mümtaz'er Türköne'den dikkat çeken erken seçim yorumu MHP kaynaklarından aldığı bilgiyi kamuoyuyla paylaşan gazeteciİsmail Küçükkaya, \"T24’te yayımlanan söyleşi gün boyu tartışıldı. MHP’li kaynaklardan edindiğim bilgiye göre, Bahçeli’nin bu iddialara bugün yazılı bir açıklamayla yanıt vermesi bekleniyor\" dedi.MÜMTAZ'ER TÜRKÖNE: BAHÇELİ TÜRKİYE’Yİ ERKEN SEÇİME GÖTÜRECEKDün (21 Nisan) T24’ten Cansu Çamlıbel’e konuşan yazar Mümtaz'er Türköne, AKP'li Cumhurbaşkanı Erdoğan’ın çözüm sürecini engelleyeceğini ve bu sürecin Bahçeli’yierken seçimçağrısı yapmaya yönlendireceğini ileri sürmüştü.Türköne, şunları söylemişti:\"Erdoğan çözüm sürecini baltalayacak, yani çözüm sürecinin gelişmesini engelleyecek. Bahçeli de bunun üzerine Türkiye'yi erken seçime götürecek. Erdoğan çözüm sürecini baltalayacak çünkü daha önce anlattığım gibi hukuka dönüşün kendi hegemonik gücünü tırpanlayacağını ve kendini enterne edeceğini düşünecek. Bu yüzden de süreci küçük küçük tırpanlayarak sona erdirmeye çalışacak. Yani aslında Erdoğan çözüm sürecinin kendisine değil bu sürecin kendisine hukuk dayatacak olmasına karşı. Söyledim, hukuka dönüş olmadan da çözüm sürecinin başarılı olma ihtimali yok. O zaman da Bahçeli Türkiye'yi erken seçime götürmek zorunda. Çünkü çözüm sürecinin önü ancak o zaman açılır.\"Şamil Tayyar: \"Cumhur İttifakı'nda bir şeylerin yolunda gitmediğini öğrendim\"Mümtaz'er Türköne'den dikkat çeken erken seçim yorumu Dün (21 Nisan) T24’ten Cansu Çamlıbel’e konuşan yazar Mümtaz'er Türköne, AKP'li Cumhurbaşkanı Erdoğan’ın çözüm sürecini engelleyeceğini ve bu sürecin Bahçeli’yierken seçimçağrısı yapmaya yönlendireceğini ileri sürmüştü.Türköne, şunları söylemişti:\"Erdoğan çözüm sürecini baltalayacak, yani çözüm sürecinin gelişmesini engelleyecek. Bahçeli de bunun üzerine Türkiye'yi erken seçime götürecek. Erdoğan çözüm sürecini baltalayacak çünkü daha önce anlattığım gibi hukuka dönüşün kendi hegemonik gücünü tırpanlayacağını ve kendini enterne edeceğini düşünecek. Bu yüzden de süreci küçük küçük tırpanlayarak sona erdirmeye çalışacak. Yani aslında Erdoğan çözüm sürecinin kendisine değil bu sürecin kendisine hukuk dayatacak olmasına karşı. Söyledim, hukuka dönüş olmadan da çözüm sürecinin başarılı olma ihtimali yok. O zaman da Bahçeli Türkiye'yi erken seçime götürmek zorunda. Çünkü çözüm sürecinin önü ancak o zaman açılır.\"Şamil Tayyar: \"Cumhur İttifakı'nda bir şeylerin yolunda gitmediğini öğrendim\"Mümtaz'er Türköne'den dikkat çeken erken seçim yorumu Türköne, şunları söylemişti:\"Erdoğan çözüm sürecini baltalayacak, yani çözüm sürecinin gelişmesini engelleyecek. Bahçeli de bunun üzerine Türkiye'yi erken seçime götürecek. Erdoğan çözüm sürecini baltalayacak çünkü daha önce anlattığım gibi hukuka dönüşün kendi hegemonik gücünü tırpanlayacağını ve kendini enterne edeceğini düşünecek. Bu yüzden de süreci küçük küçük tırpanlayarak sona erdirmeye çalışacak. Yani aslında Erdoğan çözüm sürecinin kendisine değil bu sürecin kendisine hukuk dayatacak olmasına karşı. Söyledim, hukuka dönüş olmadan da çözüm sürecinin başarılı olma ihtimali yok. O zaman da Bahçeli Türkiye'yi erken seçime götürmek zorunda. Çünkü çözüm sürecinin önü ancak o zaman açılır.\"Şamil Tayyar: \"Cumhur İttifakı'nda bir şeylerin yolunda gitmediğini öğrendim\"Mümtaz'er Türköne'den dikkat çeken erken seçim yorumu \"Erdoğan çözüm sürecini baltalayacak, yani çözüm sürecinin gelişmesini engelleyecek. Bahçeli de bunun üzerine Türkiye'yi erken seçime götürecek. Erdoğan çözüm sürecini baltalayacak çünkü daha önce anlattığım gibi hukuka dönüşün kendi hegemonik gücünü tırpanlayacağını ve kendini enterne edeceğini düşünecek. Bu yüzden de süreci küçük küçük tırpanlayarak sona erdirmeye çalışacak. Yani aslında Erdoğan çözüm sürecinin kendisine değil bu sürecin kendisine hukuk dayatacak olmasına karşı. Söyledim, hukuka dönüş olmadan da çözüm sürecinin başarılı olma ihtimali yok. O zaman da Bahçeli Türkiye'yi erken seçime götürmek zorunda. Çünkü çözüm sürecinin önü ancak o zaman açılır.\"Şamil Tayyar: \"Cumhur İttifakı'nda bir şeylerin yolunda gitmediğini öğrendim\"Mümtaz'er Türköne'den dikkat çeken erken seçim yorumu",
    "url": "https://www.birgun.net/haber/ismail-kucukkaya-dan-bahceli-kulisi-bugun-aciklama-yapacak-617406",
    "source": "birgun",
    "genre": "haber",
    "article_date": "2025-04-22T12:18:31.460996",
    "request_date": "2025-04-22T12:18:31.460996",
    "is_empty": false
}