{
    "title": "Kastamonu'da hamile kadının cansız bedeni evde bulundu: Evli olduğu erkek tutuklandı",
    "content": "Kastamonu'da bir evde 23 yaşındakihamileElif C.'nin cansız bedeni bulundu. Elif C.'nin evli olduğu B.Ctutuklandı.Bıçaklanarak öldürüldüğü belirlenen Elif C.'nin (23) evli olduğu  B.C, gözaltına alındıktan sonra emniyetteki işlemlerinin ardından Kastamonu Adliyesine sevk edildi.Şüpheli, çıkarıldığı hakimlikçe tutuklandı.Zanlının, 1,5 yaşındaki çocuğuyla yaklaşık 10 gün önce bıçaklanarak öldürülen Elif C.'nin cannsız bedeniyle aynı evde kaldığı öğrenildi.Arnavutoğlu Caddesi'ndeki bir binada dün, kötü koku geldiğinin bildirilmesi üzerine eve giren polis ekipleri, Elif C.'nin bıçaklanarak öldürüldüğü, sağlık ekiplerince yapılan kontrolde ise kadının hamile olduğu tespit edilmişti.B.C. gözaltı alınmış, 1,5 yaşındaki çocukları ise koruma altına alınmıştı. Bıçaklanarak öldürüldüğü belirlenen Elif C.'nin (23) evli olduğu  B.C, gözaltına alındıktan sonra emniyetteki işlemlerinin ardından Kastamonu Adliyesine sevk edildi.Şüpheli, çıkarıldığı hakimlikçe tutuklandı.Zanlının, 1,5 yaşındaki çocuğuyla yaklaşık 10 gün önce bıçaklanarak öldürülen Elif C.'nin cannsız bedeniyle aynı evde kaldığı öğrenildi.Arnavutoğlu Caddesi'ndeki bir binada dün, kötü koku geldiğinin bildirilmesi üzerine eve giren polis ekipleri, Elif C.'nin bıçaklanarak öldürüldüğü, sağlık ekiplerince yapılan kontrolde ise kadının hamile olduğu tespit edilmişti.B.C. gözaltı alınmış, 1,5 yaşındaki çocukları ise koruma altına alınmıştı. Şüpheli, çıkarıldığı hakimlikçe tutuklandı.Zanlının, 1,5 yaşındaki çocuğuyla yaklaşık 10 gün önce bıçaklanarak öldürülen Elif C.'nin cannsız bedeniyle aynı evde kaldığı öğrenildi.Arnavutoğlu Caddesi'ndeki bir binada dün, kötü koku geldiğinin bildirilmesi üzerine eve giren polis ekipleri, Elif C.'nin bıçaklanarak öldürüldüğü, sağlık ekiplerince yapılan kontrolde ise kadının hamile olduğu tespit edilmişti.B.C. gözaltı alınmış, 1,5 yaşındaki çocukları ise koruma altına alınmıştı. Zanlının, 1,5 yaşındaki çocuğuyla yaklaşık 10 gün önce bıçaklanarak öldürülen Elif C.'nin cannsız bedeniyle aynı evde kaldığı öğrenildi.Arnavutoğlu Caddesi'ndeki bir binada dün, kötü koku geldiğinin bildirilmesi üzerine eve giren polis ekipleri, Elif C.'nin bıçaklanarak öldürüldüğü, sağlık ekiplerince yapılan kontrolde ise kadının hamile olduğu tespit edilmişti.B.C. gözaltı alınmış, 1,5 yaşındaki çocukları ise koruma altına alınmıştı. Arnavutoğlu Caddesi'ndeki bir binada dün, kötü koku geldiğinin bildirilmesi üzerine eve giren polis ekipleri, Elif C.'nin bıçaklanarak öldürüldüğü, sağlık ekiplerince yapılan kontrolde ise kadının hamile olduğu tespit edilmişti.B.C. gözaltı alınmış, 1,5 yaşındaki çocukları ise koruma altına alınmıştı. B.C. gözaltı alınmış, 1,5 yaşındaki çocukları ise koruma altına alınmıştı.",
    "url": "https://www.birgun.net/haber/kastamonu-da-hamile-kadinin-cansiz-bedeni-evde-bulundu-evli-oldugu-erkek-tutuklandi-617359",
    "source": "birgun",
    "genre": "haber",
    "article_date": "2025-04-22T12:18:32.989860",
    "request_date": "2025-04-22T12:18:32.989860",
    "is_empty": false
}