{
    "title": "Emine’yi öldüren sabıkalı erkek ahırda yakalandı",
    "content": "Haber MerkeziSamsun’un Canik ilçesinde, 15 Nisan günü boşanma aşamasındaki 36 yaşındaki Emine Akpınar’ı öldüren Emrah Akpınar, Atakum ilçesindeki bir evin ahırında yakalandı. Emrah Akpınar'ın, 2016 yılında ağabeyi İdris Akpınar'ı 4 yerinden bıçaklayarak öldürdüğü, Samsun 3'üncü Ağır Ceza Mahkemesi tarafından 16 yıl 8 ay hapis cezasına çarptırıldığı ve bir süre önce cezaevinden çıktığı öğrenildi.Emine AkpınarHatay'ın Dörtyol ilçesindeki Altınçağ Mahallesi'nde oturan Ahmet Sönmez ile evli olduğu 57 yaşındaki Zeynep Sönmez arasında önceki gece saatlerinde tartışma çıktı. Sesleri duyan komşularının ihbarıyla eve jandarma ekipleri sevk edildi. Açık kapıdan içeri giren ekipler, kanlar içerisinde kalan Zeynep Sönmez ile karşılaştı. Sönmez'in boynuna aldığı darbe sonucu öldüğü belirlendi. 3 çocuk annesi Sönmez Altınçağ Mezarlığı'nda toprağa verildi. Ahmet Sönmez tutuklandı.Zeynep SönmezManisa’nın Turgutlu ilçesinde de Fırat A. adlı erkek, evli olduğu Şenaye A.'yı katletti, 8 yaşındaki kızı D.A.'yı da yaraladı. Fail Fırat A., polis tarafından yakalandı. Samsun’un Canik ilçesinde, 15 Nisan günü boşanma aşamasındaki 36 yaşındaki Emine Akpınar’ı öldüren Emrah Akpınar, Atakum ilçesindeki bir evin ahırında yakalandı. Emrah Akpınar'ın, 2016 yılında ağabeyi İdris Akpınar'ı 4 yerinden bıçaklayarak öldürdüğü, Samsun 3'üncü Ağır Ceza Mahkemesi tarafından 16 yıl 8 ay hapis cezasına çarptırıldığı ve bir süre önce cezaevinden çıktığı öğrenildi.Emine AkpınarHatay'ın Dörtyol ilçesindeki Altınçağ Mahallesi'nde oturan Ahmet Sönmez ile evli olduğu 57 yaşındaki Zeynep Sönmez arasında önceki gece saatlerinde tartışma çıktı. Sesleri duyan komşularının ihbarıyla eve jandarma ekipleri sevk edildi. Açık kapıdan içeri giren ekipler, kanlar içerisinde kalan Zeynep Sönmez ile karşılaştı. Sönmez'in boynuna aldığı darbe sonucu öldüğü belirlendi. 3 çocuk annesi Sönmez Altınçağ Mezarlığı'nda toprağa verildi. Ahmet Sönmez tutuklandı.Zeynep SönmezManisa’nın Turgutlu ilçesinde de Fırat A. adlı erkek, evli olduğu Şenaye A.'yı katletti, 8 yaşındaki kızı D.A.'yı da yaraladı. Fail Fırat A., polis tarafından yakalandı. Hatay'ın Dörtyol ilçesindeki Altınçağ Mahallesi'nde oturan Ahmet Sönmez ile evli olduğu 57 yaşındaki Zeynep Sönmez arasında önceki gece saatlerinde tartışma çıktı. Sesleri duyan komşularının ihbarıyla eve jandarma ekipleri sevk edildi. Açık kapıdan içeri giren ekipler, kanlar içerisinde kalan Zeynep Sönmez ile karşılaştı. Sönmez'in boynuna aldığı darbe sonucu öldüğü belirlendi. 3 çocuk annesi Sönmez Altınçağ Mezarlığı'nda toprağa verildi. Ahmet Sönmez tutuklandı. Manisa’nın Turgutlu ilçesinde de Fırat A. adlı erkek, evli olduğu Şenaye A.'yı katletti, 8 yaşındaki kızı D.A.'yı da yaraladı. Fail Fırat A., polis tarafından yakalandı.",
    "url": "https://www.birgun.net/haber/emineyi-olduren-sabikali-erkek-ahirda-yakalandi-617019",
    "source": "birgun",
    "genre": "haber",
    "article_date": "2025-04-22T12:18:31.092875",
    "request_date": "2025-04-22T12:18:31.092875",
    "is_empty": false
}