{
    "title": "Pekin, ABD ile anlaşma yapanlara karşılık verecek",
    "content": "Dış HaberlerÇinTicaret Bakanlığı, diğer ülkelerin Çin’in zararına olacak şekildeABDile ekonomik anlaşmalar yapmaları hâlinde Pekin’in buna kararlı şekilde karşılık vereceğini bildirdi. Washington’ın gümrük vergilerini kötüye kullandığını belirten Çin Ticaret Bakanlığı, diğer ülkeleri Çin’in zararına olacak şekilde ABD ile kapsamlı ekonomik anlaşmalar yapmamaları konusunda uyardı.Açıklamada, Çin’in aleyhine olacak herhangi bir anlaşmaya karşılık verileceği belirtildi.Açıklama, Trump yönetiminin, bazı ülkeleri Çin ile olan ticaretlerini sınırlamaya zorladığı iddialarına cevaben yapıldı. Çin Dışişleri Bakanlığı Sözcüsü, “ABD, tüm ticaret ortaklarına karşı gümrük vergilerini kötüye kullanıyor ve tüm tarafları sözde ‘karşılıklı vergi’ görüşmelerine zorlamaya çalışıyor” dedi.Batı medyasına göre Pekin, çarşamba günü gayriresmi bir Birleşmiş Milletler Güvenlik Konseyi toplantısı düzenleyecek ve ABD’yi gümrük vergilerini silah hâline getirerek küresel barış ve kalkınma çabalarını gölgelemekle suçlayacak. ÇinTicaret Bakanlığı, diğer ülkelerin Çin’in zararına olacak şekildeABDile ekonomik anlaşmalar yapmaları hâlinde Pekin’in buna kararlı şekilde karşılık vereceğini bildirdi. Washington’ın gümrük vergilerini kötüye kullandığını belirten Çin Ticaret Bakanlığı, diğer ülkeleri Çin’in zararına olacak şekilde ABD ile kapsamlı ekonomik anlaşmalar yapmamaları konusunda uyardı.Açıklamada, Çin’in aleyhine olacak herhangi bir anlaşmaya karşılık verileceği belirtildi.Açıklama, Trump yönetiminin, bazı ülkeleri Çin ile olan ticaretlerini sınırlamaya zorladığı iddialarına cevaben yapıldı. Çin Dışişleri Bakanlığı Sözcüsü, “ABD, tüm ticaret ortaklarına karşı gümrük vergilerini kötüye kullanıyor ve tüm tarafları sözde ‘karşılıklı vergi’ görüşmelerine zorlamaya çalışıyor” dedi.Batı medyasına göre Pekin, çarşamba günü gayriresmi bir Birleşmiş Milletler Güvenlik Konseyi toplantısı düzenleyecek ve ABD’yi gümrük vergilerini silah hâline getirerek küresel barış ve kalkınma çabalarını gölgelemekle suçlayacak. Açıklamada, Çin’in aleyhine olacak herhangi bir anlaşmaya karşılık verileceği belirtildi.Açıklama, Trump yönetiminin, bazı ülkeleri Çin ile olan ticaretlerini sınırlamaya zorladığı iddialarına cevaben yapıldı. Çin Dışişleri Bakanlığı Sözcüsü, “ABD, tüm ticaret ortaklarına karşı gümrük vergilerini kötüye kullanıyor ve tüm tarafları sözde ‘karşılıklı vergi’ görüşmelerine zorlamaya çalışıyor” dedi.Batı medyasına göre Pekin, çarşamba günü gayriresmi bir Birleşmiş Milletler Güvenlik Konseyi toplantısı düzenleyecek ve ABD’yi gümrük vergilerini silah hâline getirerek küresel barış ve kalkınma çabalarını gölgelemekle suçlayacak. Açıklama, Trump yönetiminin, bazı ülkeleri Çin ile olan ticaretlerini sınırlamaya zorladığı iddialarına cevaben yapıldı. Çin Dışişleri Bakanlığı Sözcüsü, “ABD, tüm ticaret ortaklarına karşı gümrük vergilerini kötüye kullanıyor ve tüm tarafları sözde ‘karşılıklı vergi’ görüşmelerine zorlamaya çalışıyor” dedi.Batı medyasına göre Pekin, çarşamba günü gayriresmi bir Birleşmiş Milletler Güvenlik Konseyi toplantısı düzenleyecek ve ABD’yi gümrük vergilerini silah hâline getirerek küresel barış ve kalkınma çabalarını gölgelemekle suçlayacak. Batı medyasına göre Pekin, çarşamba günü gayriresmi bir Birleşmiş Milletler Güvenlik Konseyi toplantısı düzenleyecek ve ABD’yi gümrük vergilerini silah hâline getirerek küresel barış ve kalkınma çabalarını gölgelemekle suçlayacak.",
    "url": "https://www.birgun.net/haber/pekin-abd-ile-anlasma-yapanlara-karsilik-verecek-617346",
    "source": "birgun",
    "genre": "haber",
    "article_date": "2025-04-22T12:18:31.534269",
    "request_date": "2025-04-22T12:18:31.534269",
    "is_empty": false
}