{
    "title": "Hatay'da Ahmet Sönmez isimli erkek, evli olduğu kadını baltayla katletti!",
    "content": "Hatay'ın Dörtyol ilçesinde bir erkek, evli olduğu kadını baltayla öldürdü.Altınçağ Mahallesi'nde yaşayan Hasan Ö, 112 Acil Çağrı Merkezi'ni arayarak, akrabası Ahmet Sönmez'in (61) tartıştığı evli olduğu Z.S'ye (57) zarar vermiş olabileceği ihbarında bulundu.İhbar üzerine adrese jandarma ve 112 Acil Sağlık ekipleri sevk edildi.Ekipler, evin oturma odasında Z.S'yi hareketsiz yatarken buldu. Sağlık ekipleri, yaptıkları kontrolde boğazından yaralanan kadının hayatını kaybettiğini belirledi.Jandarma, Ahmet Sönmez'i suç aleti baltayla evin bahçesinde buldu.Z.S'nin cansız bedeni, savcının incelemesinin ardından otopsi için Adana Adli Tıp Kurumu morguna gönderildi.Gözaltına alınan zanlının ifadesinde, tartıştığı Z.S'yi baltayla öldürdüğünü itiraf ettiği öğrenildi. Altınçağ Mahallesi'nde yaşayan Hasan Ö, 112 Acil Çağrı Merkezi'ni arayarak, akrabası Ahmet Sönmez'in (61) tartıştığı evli olduğu Z.S'ye (57) zarar vermiş olabileceği ihbarında bulundu.İhbar üzerine adrese jandarma ve 112 Acil Sağlık ekipleri sevk edildi.Ekipler, evin oturma odasında Z.S'yi hareketsiz yatarken buldu. Sağlık ekipleri, yaptıkları kontrolde boğazından yaralanan kadının hayatını kaybettiğini belirledi.Jandarma, Ahmet Sönmez'i suç aleti baltayla evin bahçesinde buldu.Z.S'nin cansız bedeni, savcının incelemesinin ardından otopsi için Adana Adli Tıp Kurumu morguna gönderildi.Gözaltına alınan zanlının ifadesinde, tartıştığı Z.S'yi baltayla öldürdüğünü itiraf ettiği öğrenildi. İhbar üzerine adrese jandarma ve 112 Acil Sağlık ekipleri sevk edildi.Ekipler, evin oturma odasında Z.S'yi hareketsiz yatarken buldu. Sağlık ekipleri, yaptıkları kontrolde boğazından yaralanan kadının hayatını kaybettiğini belirledi.Jandarma, Ahmet Sönmez'i suç aleti baltayla evin bahçesinde buldu.Z.S'nin cansız bedeni, savcının incelemesinin ardından otopsi için Adana Adli Tıp Kurumu morguna gönderildi.Gözaltına alınan zanlının ifadesinde, tartıştığı Z.S'yi baltayla öldürdüğünü itiraf ettiği öğrenildi. Ekipler, evin oturma odasında Z.S'yi hareketsiz yatarken buldu. Sağlık ekipleri, yaptıkları kontrolde boğazından yaralanan kadının hayatını kaybettiğini belirledi.Jandarma, Ahmet Sönmez'i suç aleti baltayla evin bahçesinde buldu.Z.S'nin cansız bedeni, savcının incelemesinin ardından otopsi için Adana Adli Tıp Kurumu morguna gönderildi.Gözaltına alınan zanlının ifadesinde, tartıştığı Z.S'yi baltayla öldürdüğünü itiraf ettiği öğrenildi. Jandarma, Ahmet Sönmez'i suç aleti baltayla evin bahçesinde buldu.Z.S'nin cansız bedeni, savcının incelemesinin ardından otopsi için Adana Adli Tıp Kurumu morguna gönderildi.Gözaltına alınan zanlının ifadesinde, tartıştığı Z.S'yi baltayla öldürdüğünü itiraf ettiği öğrenildi. Z.S'nin cansız bedeni, savcının incelemesinin ardından otopsi için Adana Adli Tıp Kurumu morguna gönderildi.Gözaltına alınan zanlının ifadesinde, tartıştığı Z.S'yi baltayla öldürdüğünü itiraf ettiği öğrenildi. Gözaltına alınan zanlının ifadesinde, tartıştığı Z.S'yi baltayla öldürdüğünü itiraf ettiği öğrenildi.",
    "url": "https://www.birgun.net/haber/hatay-da-ahmet-sonmez-isimli-erkek-evli-oldugu-kadini-baltayla-katletti-616648",
    "source": "birgun",
    "genre": "haber",
    "article_date": "2025-04-22T12:18:32.956535",
    "request_date": "2025-04-22T12:18:32.956535",
    "is_empty": false
}