{
    "title": "Altında yeni zirve: Neden yükseliyor?",
    "content": "ABD Başkanı Donald Trump'ın Çin başta olmak üzere tüm dünyaya uygulayacağını açıkladığı ek gümrük tarifelerinin etkisiyleons altın3500 dolarla tüm zamanların rekorunu kırdı.Bugün saat 09.18 itibariyle 3.500,2 dolarla tüm zamanların rekorunu kıran Ons altın, ardından ise kâr satışlarıyla 3.475 dolar seviyesine indi.ABD Başkanı Donald Trump'ın 2 Nisan'da açıkladığı gümrük tarifelerinin etkisiyle altın, bu süreçten günümüze yüzde 12'den fazla değer kazandı.GRAM ALTIN SERT YÜKSELDİOns altında yaşanan yükselişten gram altın da nasibini aldı. Gram altın yüzde 2 yükselişle 4.294 liradan işlem görüyor. Çeyrek altının alış fiyatı ise 6.947 lira seviyesinde.ALTIN NEDEN YÜKSELİYOR?ABD Başkanı Donald Trump'ın açıkladığı gümrük tarifelerinin etkisiyle ABD borsalarında sert düşüşler yaşanıyor. Öte yandan ABD Doları'nın dünyadaki hegemonyasına yönelik endişeler dolar endeksini de 98 seviyesinin altına indirmiş durumda. Kaotik ekonomik ortamda yatıırmcılar, 'güvenli liman' olarak gördükleri altına yönelmiş durumda. Bugün saat 09.18 itibariyle 3.500,2 dolarla tüm zamanların rekorunu kıran Ons altın, ardından ise kâr satışlarıyla 3.475 dolar seviyesine indi.ABD Başkanı Donald Trump'ın 2 Nisan'da açıkladığı gümrük tarifelerinin etkisiyle altın, bu süreçten günümüze yüzde 12'den fazla değer kazandı.GRAM ALTIN SERT YÜKSELDİOns altında yaşanan yükselişten gram altın da nasibini aldı. Gram altın yüzde 2 yükselişle 4.294 liradan işlem görüyor. Çeyrek altının alış fiyatı ise 6.947 lira seviyesinde.ALTIN NEDEN YÜKSELİYOR?ABD Başkanı Donald Trump'ın açıkladığı gümrük tarifelerinin etkisiyle ABD borsalarında sert düşüşler yaşanıyor. Öte yandan ABD Doları'nın dünyadaki hegemonyasına yönelik endişeler dolar endeksini de 98 seviyesinin altına indirmiş durumda. Kaotik ekonomik ortamda yatıırmcılar, 'güvenli liman' olarak gördükleri altına yönelmiş durumda. ABD Başkanı Donald Trump'ın 2 Nisan'da açıkladığı gümrük tarifelerinin etkisiyle altın, bu süreçten günümüze yüzde 12'den fazla değer kazandı.GRAM ALTIN SERT YÜKSELDİOns altında yaşanan yükselişten gram altın da nasibini aldı. Gram altın yüzde 2 yükselişle 4.294 liradan işlem görüyor. Çeyrek altının alış fiyatı ise 6.947 lira seviyesinde.ALTIN NEDEN YÜKSELİYOR?ABD Başkanı Donald Trump'ın açıkladığı gümrük tarifelerinin etkisiyle ABD borsalarında sert düşüşler yaşanıyor. Öte yandan ABD Doları'nın dünyadaki hegemonyasına yönelik endişeler dolar endeksini de 98 seviyesinin altına indirmiş durumda. Kaotik ekonomik ortamda yatıırmcılar, 'güvenli liman' olarak gördükleri altına yönelmiş durumda. Ons altında yaşanan yükselişten gram altın da nasibini aldı. Gram altın yüzde 2 yükselişle 4.294 liradan işlem görüyor. Çeyrek altının alış fiyatı ise 6.947 lira seviyesinde.ALTIN NEDEN YÜKSELİYOR?ABD Başkanı Donald Trump'ın açıkladığı gümrük tarifelerinin etkisiyle ABD borsalarında sert düşüşler yaşanıyor. Öte yandan ABD Doları'nın dünyadaki hegemonyasına yönelik endişeler dolar endeksini de 98 seviyesinin altına indirmiş durumda. Kaotik ekonomik ortamda yatıırmcılar, 'güvenli liman' olarak gördükleri altına yönelmiş durumda. ABD Başkanı Donald Trump'ın açıkladığı gümrük tarifelerinin etkisiyle ABD borsalarında sert düşüşler yaşanıyor. Öte yandan ABD Doları'nın dünyadaki hegemonyasına yönelik endişeler dolar endeksini de 98 seviyesinin altına indirmiş durumda. Kaotik ekonomik ortamda yatıırmcılar, 'güvenli liman' olarak gördükleri altına yönelmiş durumda.",
    "url": "https://www.birgun.net/haber/altinda-yeni-zirve-neden-yukseliyor-617385",
    "source": "birgun",
    "genre": "haber",
    "article_date": "2025-04-22T12:18:33.058629",
    "request_date": "2025-04-22T12:18:33.058629",
    "is_empty": false
}