{
    "title": "İBB Şehir Tiyatroları'nın 'Büyük Türkiye Turnesi', Diyarbakır'la devam etti",
    "content": "İstanbul Büyükşehir BelediyesiŞehir Tiyatroları’nın 110. yıl etkinliklerinin devamı olarak düzenlediği Büyük Türkiye Turnesi, Eskişehir ve Ankara’nın ardından Diyarbakır’la devam etti.Haldun Taner’in yazdığı, Yelda Baskın’ın yönettiği “Gözlerimi Kaparım Vazifemi Yaparım” 20 Nisan 2025 Pazar günü 15.00 ve 20.00’de Diyarbakır Sezai Karakoç Kültür MerkeziTiyatroSalonu’nda seyirciyle buluştu.Oyunun sonunda söz alan Genel Sanat Yönetmeni Ayşegül İşsever, şunları söyledi:“Darülbedayi Güzellikler Evi 110 yaşında. Ve biz 110. Yılımız kapsamında, gerçekleştireceğimiz turne programı kapsamında Türkiye ile kucaklaşmak ve bu özel günü birlikte kutlamak istedik. Yolumuz buraya düştü. Çok kıymetli buluyorum bu buluşmayı. Çok uzun zaman önce gelmiştik. Tekrar burada olmanın keyfini yaşıyoruz. Arkadaşlarıma huzurunuzda çok teşekkür etmek istiyorum. Burada olmayı tercih ettiğiniz için hepinize çok teşekkür ediyorum. Biz de sizi İstanbul’a bekliyoruz. Diyarbakır Şehir Tiyatrosu’na ve Diyarbakır Belediyesi’ne bu buluşmayı sağladıkları için çok teşekkür ediyorum. Eksik olmayın.”Büyük Türkiye Turnesi Eskişehir, Ankara ve Diyarbakır’ın ardından Antalya, Gaziantep, Van illerini kapsayacak şekilde devam edecek. Haldun Taner’in yazdığı, Yelda Baskın’ın yönettiği “Gözlerimi Kaparım Vazifemi Yaparım” 20 Nisan 2025 Pazar günü 15.00 ve 20.00’de Diyarbakır Sezai Karakoç Kültür MerkeziTiyatroSalonu’nda seyirciyle buluştu.Oyunun sonunda söz alan Genel Sanat Yönetmeni Ayşegül İşsever, şunları söyledi:“Darülbedayi Güzellikler Evi 110 yaşında. Ve biz 110. Yılımız kapsamında, gerçekleştireceğimiz turne programı kapsamında Türkiye ile kucaklaşmak ve bu özel günü birlikte kutlamak istedik. Yolumuz buraya düştü. Çok kıymetli buluyorum bu buluşmayı. Çok uzun zaman önce gelmiştik. Tekrar burada olmanın keyfini yaşıyoruz. Arkadaşlarıma huzurunuzda çok teşekkür etmek istiyorum. Burada olmayı tercih ettiğiniz için hepinize çok teşekkür ediyorum. Biz de sizi İstanbul’a bekliyoruz. Diyarbakır Şehir Tiyatrosu’na ve Diyarbakır Belediyesi’ne bu buluşmayı sağladıkları için çok teşekkür ediyorum. Eksik olmayın.”Büyük Türkiye Turnesi Eskişehir, Ankara ve Diyarbakır’ın ardından Antalya, Gaziantep, Van illerini kapsayacak şekilde devam edecek. Oyunun sonunda söz alan Genel Sanat Yönetmeni Ayşegül İşsever, şunları söyledi:“Darülbedayi Güzellikler Evi 110 yaşında. Ve biz 110. Yılımız kapsamında, gerçekleştireceğimiz turne programı kapsamında Türkiye ile kucaklaşmak ve bu özel günü birlikte kutlamak istedik. Yolumuz buraya düştü. Çok kıymetli buluyorum bu buluşmayı. Çok uzun zaman önce gelmiştik. Tekrar burada olmanın keyfini yaşıyoruz. Arkadaşlarıma huzurunuzda çok teşekkür etmek istiyorum. Burada olmayı tercih ettiğiniz için hepinize çok teşekkür ediyorum. Biz de sizi İstanbul’a bekliyoruz. Diyarbakır Şehir Tiyatrosu’na ve Diyarbakır Belediyesi’ne bu buluşmayı sağladıkları için çok teşekkür ediyorum. Eksik olmayın.”Büyük Türkiye Turnesi Eskişehir, Ankara ve Diyarbakır’ın ardından Antalya, Gaziantep, Van illerini kapsayacak şekilde devam edecek. “Darülbedayi Güzellikler Evi 110 yaşında. Ve biz 110. Yılımız kapsamında, gerçekleştireceğimiz turne programı kapsamında Türkiye ile kucaklaşmak ve bu özel günü birlikte kutlamak istedik. Yolumuz buraya düştü. Çok kıymetli buluyorum bu buluşmayı. Çok uzun zaman önce gelmiştik. Tekrar burada olmanın keyfini yaşıyoruz. Arkadaşlarıma huzurunuzda çok teşekkür etmek istiyorum. Burada olmayı tercih ettiğiniz için hepinize çok teşekkür ediyorum. Biz de sizi İstanbul’a bekliyoruz. Diyarbakır Şehir Tiyatrosu’na ve Diyarbakır Belediyesi’ne bu buluşmayı sağladıkları için çok teşekkür ediyorum. Eksik olmayın.”Büyük Türkiye Turnesi Eskişehir, Ankara ve Diyarbakır’ın ardından Antalya, Gaziantep, Van illerini kapsayacak şekilde devam edecek. Büyük Türkiye Turnesi Eskişehir, Ankara ve Diyarbakır’ın ardından Antalya, Gaziantep, Van illerini kapsayacak şekilde devam edecek.",
    "url": "https://www.birgun.net/haber/ibb-sehir-tiyatrolari-nin-buyuk-turkiye-turnesi-diyarbakir-la-devam-etti-617213",
    "source": "birgun",
    "genre": "haber",
    "article_date": "2025-04-22T12:18:33.024113",
    "request_date": "2025-04-22T12:18:33.024113",
    "is_empty": false
}