{
    "title": "Venezuela, Papa'nın ölümü nedeniyle 3 günlük yas ilan etti",
    "content": "Venezuela, Katoliklerin ruhani lideri ve Vatikan Devlet BaşkanıPapaFranciscus'un ölümü dolayısıyla 3 günlük ulusal yas ilan etti.Papa Franciscus'un ölümünün ardından Venezuela Devlet Başkanı Nicolas Maduro tarafından imzalanan 5121 sayılı Devlet Başkanlığı Kararnamesi ile yas süresi yürürlüğe girdi.Bu süre boyunca tüm kamu kurumları ile sivil ve askeri binalarda bayraklar yarıya indirilecek. Ayrıca ülkede halka açık şenlik ve kutlamalar yapılmayacak.ArjantinileBrezilyada Franciscus'un vefatı nedeniyle 7 günlük ulusal yas ilan etti. Papa Franciscus'un ölümünün ardından Venezuela Devlet Başkanı Nicolas Maduro tarafından imzalanan 5121 sayılı Devlet Başkanlığı Kararnamesi ile yas süresi yürürlüğe girdi.Bu süre boyunca tüm kamu kurumları ile sivil ve askeri binalarda bayraklar yarıya indirilecek. Ayrıca ülkede halka açık şenlik ve kutlamalar yapılmayacak.ArjantinileBrezilyada Franciscus'un vefatı nedeniyle 7 günlük ulusal yas ilan etti. Bu süre boyunca tüm kamu kurumları ile sivil ve askeri binalarda bayraklar yarıya indirilecek. Ayrıca ülkede halka açık şenlik ve kutlamalar yapılmayacak.ArjantinileBrezilyada Franciscus'un vefatı nedeniyle 7 günlük ulusal yas ilan etti. ArjantinileBrezilyada Franciscus'un vefatı nedeniyle 7 günlük ulusal yas ilan etti.",
    "url": "https://www.birgun.net/haber/venezuela-papa-nin-olumu-nedeniyle-3-gunluk-yas-ilan-etti-617386",
    "source": "birgun",
    "genre": "haber",
    "article_date": "2025-04-22T12:18:32.652900",
    "request_date": "2025-04-22T12:18:32.652900",
    "is_empty": false
}