{
    "title": "Rapçi 'Sansar Salvo' için istenen ceza belli oldu",
    "content": "\"Sansar Salvo\" sahne adıyla tanınan veaile içi şiddetsuçu kapsamında gözaltına alınıp tutuklanan rapçi Ekincan Arslan hakkında, \"üstsoya karşı kasten basit yaralama\" suçundan 1 yıl 6 aya kadar hapis cezası istemiyle dava açıldı.Anadolu Cumhuriyet Başsavcılığınca hazırlanan iddianamede, mağdur baba Gazi Arslan'ın öz oğlu Ekin Can Arslan tarafından darp edildiğini ileri sürerek şikayetçi olması üzerine soruşturma başlatıldığı belirtildi.İddianamede, Arslan'ın soruşturma aşamasında alınan savunmasında suçunu ikrar ettiği kaydedildi.Arslan'ın babasını göğüs bölgesine eliyle vurarak darp ettiği aktarılan iddianamede, Adli Tıp raporuna göre mağdurun basit tıbbi müdahaleyle giderilebilecek şekilde yaralandığı bilgisi verildi.İddianamede, Ekin Can Arslan'ın \"üstsoya karşı kasten basit yaralama\" suçundan 6 aydan 1 yıl 6 aya kadar hapisle cezalandırılması talep edildi.Hazırlanan iddianame, değerlendirilmek üzere gönderildiği Anadolu AsliyeCezaMahkemesince kabul edildi.Ekincan Arslan 7 Mayıs'ta hakim karşısına çıkacak.\"Sansar Salvo\" sahne adıyla tanınan rapçi Ekincan Arslan, 15 Nisan'da aile içi şiddet suçu kapsamında gözaltına alınmış, emniyetteki işlemlerinin ardından sevk edildiği adliyede çıkarıldığı hakimlikçe \"basit yaralama\" suçundan tutuklanmıştı. Anadolu Cumhuriyet Başsavcılığınca hazırlanan iddianamede, mağdur baba Gazi Arslan'ın öz oğlu Ekin Can Arslan tarafından darp edildiğini ileri sürerek şikayetçi olması üzerine soruşturma başlatıldığı belirtildi.İddianamede, Arslan'ın soruşturma aşamasında alınan savunmasında suçunu ikrar ettiği kaydedildi.Arslan'ın babasını göğüs bölgesine eliyle vurarak darp ettiği aktarılan iddianamede, Adli Tıp raporuna göre mağdurun basit tıbbi müdahaleyle giderilebilecek şekilde yaralandığı bilgisi verildi.İddianamede, Ekin Can Arslan'ın \"üstsoya karşı kasten basit yaralama\" suçundan 6 aydan 1 yıl 6 aya kadar hapisle cezalandırılması talep edildi.Hazırlanan iddianame, değerlendirilmek üzere gönderildiği Anadolu AsliyeCezaMahkemesince kabul edildi.Ekincan Arslan 7 Mayıs'ta hakim karşısına çıkacak.\"Sansar Salvo\" sahne adıyla tanınan rapçi Ekincan Arslan, 15 Nisan'da aile içi şiddet suçu kapsamında gözaltına alınmış, emniyetteki işlemlerinin ardından sevk edildiği adliyede çıkarıldığı hakimlikçe \"basit yaralama\" suçundan tutuklanmıştı. İddianamede, Arslan'ın soruşturma aşamasında alınan savunmasında suçunu ikrar ettiği kaydedildi.Arslan'ın babasını göğüs bölgesine eliyle vurarak darp ettiği aktarılan iddianamede, Adli Tıp raporuna göre mağdurun basit tıbbi müdahaleyle giderilebilecek şekilde yaralandığı bilgisi verildi.İddianamede, Ekin Can Arslan'ın \"üstsoya karşı kasten basit yaralama\" suçundan 6 aydan 1 yıl 6 aya kadar hapisle cezalandırılması talep edildi.Hazırlanan iddianame, değerlendirilmek üzere gönderildiği Anadolu AsliyeCezaMahkemesince kabul edildi.Ekincan Arslan 7 Mayıs'ta hakim karşısına çıkacak.\"Sansar Salvo\" sahne adıyla tanınan rapçi Ekincan Arslan, 15 Nisan'da aile içi şiddet suçu kapsamında gözaltına alınmış, emniyetteki işlemlerinin ardından sevk edildiği adliyede çıkarıldığı hakimlikçe \"basit yaralama\" suçundan tutuklanmıştı. Arslan'ın babasını göğüs bölgesine eliyle vurarak darp ettiği aktarılan iddianamede, Adli Tıp raporuna göre mağdurun basit tıbbi müdahaleyle giderilebilecek şekilde yaralandığı bilgisi verildi.İddianamede, Ekin Can Arslan'ın \"üstsoya karşı kasten basit yaralama\" suçundan 6 aydan 1 yıl 6 aya kadar hapisle cezalandırılması talep edildi.Hazırlanan iddianame, değerlendirilmek üzere gönderildiği Anadolu AsliyeCezaMahkemesince kabul edildi.Ekincan Arslan 7 Mayıs'ta hakim karşısına çıkacak.\"Sansar Salvo\" sahne adıyla tanınan rapçi Ekincan Arslan, 15 Nisan'da aile içi şiddet suçu kapsamında gözaltına alınmış, emniyetteki işlemlerinin ardından sevk edildiği adliyede çıkarıldığı hakimlikçe \"basit yaralama\" suçundan tutuklanmıştı. İddianamede, Ekin Can Arslan'ın \"üstsoya karşı kasten basit yaralama\" suçundan 6 aydan 1 yıl 6 aya kadar hapisle cezalandırılması talep edildi.Hazırlanan iddianame, değerlendirilmek üzere gönderildiği Anadolu AsliyeCezaMahkemesince kabul edildi.Ekincan Arslan 7 Mayıs'ta hakim karşısına çıkacak.\"Sansar Salvo\" sahne adıyla tanınan rapçi Ekincan Arslan, 15 Nisan'da aile içi şiddet suçu kapsamında gözaltına alınmış, emniyetteki işlemlerinin ardından sevk edildiği adliyede çıkarıldığı hakimlikçe \"basit yaralama\" suçundan tutuklanmıştı. Hazırlanan iddianame, değerlendirilmek üzere gönderildiği Anadolu AsliyeCezaMahkemesince kabul edildi.Ekincan Arslan 7 Mayıs'ta hakim karşısına çıkacak.\"Sansar Salvo\" sahne adıyla tanınan rapçi Ekincan Arslan, 15 Nisan'da aile içi şiddet suçu kapsamında gözaltına alınmış, emniyetteki işlemlerinin ardından sevk edildiği adliyede çıkarıldığı hakimlikçe \"basit yaralama\" suçundan tutuklanmıştı. Ekincan Arslan 7 Mayıs'ta hakim karşısına çıkacak.\"Sansar Salvo\" sahne adıyla tanınan rapçi Ekincan Arslan, 15 Nisan'da aile içi şiddet suçu kapsamında gözaltına alınmış, emniyetteki işlemlerinin ardından sevk edildiği adliyede çıkarıldığı hakimlikçe \"basit yaralama\" suçundan tutuklanmıştı. \"Sansar Salvo\" sahne adıyla tanınan rapçi Ekincan Arslan, 15 Nisan'da aile içi şiddet suçu kapsamında gözaltına alınmış, emniyetteki işlemlerinin ardından sevk edildiği adliyede çıkarıldığı hakimlikçe \"basit yaralama\" suçundan tutuklanmıştı.",
    "url": "https://www.birgun.net/haber/rapci-sansar-salvo-icin-istenen-ceza-belli-oldu-617358",
    "source": "birgun",
    "genre": "haber",
    "article_date": "2025-04-22T12:18:30.521818",
    "request_date": "2025-04-22T12:18:30.521818",
    "is_empty": false
}