{
    "title": "Kastamonu'da bir evde hamile kadının cesedine ulaşıldı",
    "content": "Kastamonu'da kötü koku ihbarı üzerine gidilen evde bıçaklanarak öldürülmüşhamile kadıncesedi bulundu.Arnavutoğlu Caddesi üzerindeki bir binadan kötü koku geldiğinin bildirilmesi üzerine bölgeye polis, sağlık ve itfaiye ekipleri sevk edildi.Eve giren ekipler, kadının kimliğinin E.C. (28) olduğunu, hamile olduğunu ve bir süre önce öldüğünü belirledi.Vücudunda bıçak darbeleri tespit edilen genç kadının cansız bedeni, otopsi işlemleri için Kastamonu Eğitim ve Araştırma Hastanesi'ne götürüldü.E.C'nin evli olduğu B.C. isimli erkek, Nasrullah Meydanı'nda polis ekiplerince gözaltına alındı. Arnavutoğlu Caddesi üzerindeki bir binadan kötü koku geldiğinin bildirilmesi üzerine bölgeye polis, sağlık ve itfaiye ekipleri sevk edildi.Eve giren ekipler, kadının kimliğinin E.C. (28) olduğunu, hamile olduğunu ve bir süre önce öldüğünü belirledi.Vücudunda bıçak darbeleri tespit edilen genç kadının cansız bedeni, otopsi işlemleri için Kastamonu Eğitim ve Araştırma Hastanesi'ne götürüldü.E.C'nin evli olduğu B.C. isimli erkek, Nasrullah Meydanı'nda polis ekiplerince gözaltına alındı. Eve giren ekipler, kadının kimliğinin E.C. (28) olduğunu, hamile olduğunu ve bir süre önce öldüğünü belirledi.Vücudunda bıçak darbeleri tespit edilen genç kadının cansız bedeni, otopsi işlemleri için Kastamonu Eğitim ve Araştırma Hastanesi'ne götürüldü.E.C'nin evli olduğu B.C. isimli erkek, Nasrullah Meydanı'nda polis ekiplerince gözaltına alındı. Vücudunda bıçak darbeleri tespit edilen genç kadının cansız bedeni, otopsi işlemleri için Kastamonu Eğitim ve Araştırma Hastanesi'ne götürüldü.E.C'nin evli olduğu B.C. isimli erkek, Nasrullah Meydanı'nda polis ekiplerince gözaltına alındı. E.C'nin evli olduğu B.C. isimli erkek, Nasrullah Meydanı'nda polis ekiplerince gözaltına alındı.",
    "url": "https://www.birgun.net/haber/kastamonu-da-bir-evde-hamile-kadinin-cesedine-ulasildi-617243",
    "source": "birgun",
    "genre": "haber",
    "article_date": "2025-04-22T12:18:31.853883",
    "request_date": "2025-04-22T12:18:31.853883",
    "is_empty": false
}