{
    "title": "Bukele’den tepki çeken tutuklu kararı",
    "content": "Dış HaberlerEl SalvadorDevlet BaşkanıNayib Bukele, ABD’den sınır dışı edilerek El Salvador’daki hapishaneye gönderilen Venezuelalıların iadesi karşılığında siyasi mahkûmların bırakılması çağrısında bulundu.VenezuelaDevlet Başkanı Maduro’ya seslenen Bukele, geçen yılki seçim baskınları sırasında tutuklanan muhalif liderlerin aile üyelerinin, gazetecilerin ve aktivistlerin adlarını paylaştı. Bukele, 252 Venezuelalı’nın iadesi karşılığında aynı sayıda siyasi tutuklunun serbest bırakılmasını önerdi. El SalvadorDevlet BaşkanıNayib Bukele, ABD’den sınır dışı edilerek El Salvador’daki hapishaneye gönderilen Venezuelalıların iadesi karşılığında siyasi mahkûmların bırakılması çağrısında bulundu.VenezuelaDevlet Başkanı Maduro’ya seslenen Bukele, geçen yılki seçim baskınları sırasında tutuklanan muhalif liderlerin aile üyelerinin, gazetecilerin ve aktivistlerin adlarını paylaştı. Bukele, 252 Venezuelalı’nın iadesi karşılığında aynı sayıda siyasi tutuklunun serbest bırakılmasını önerdi. VenezuelaDevlet Başkanı Maduro’ya seslenen Bukele, geçen yılki seçim baskınları sırasında tutuklanan muhalif liderlerin aile üyelerinin, gazetecilerin ve aktivistlerin adlarını paylaştı. Bukele, 252 Venezuelalı’nın iadesi karşılığında aynı sayıda siyasi tutuklunun serbest bırakılmasını önerdi.",
    "url": "https://www.birgun.net/haber/bukeleden-tepki-ceken-tutuklu-karari-617349",
    "source": "birgun",
    "genre": "haber",
    "article_date": "2025-04-22T12:18:32.541878",
    "request_date": "2025-04-22T12:18:32.541878",
    "is_empty": false
}