{
    "title": "Open AI, Twitter benzeri kendi sosyal ağını geliştiriyor",
    "content": "Proje henüz erken aşamada olsa da,ChatGPT’nin görsel oluşturmasına odaklanan ve ana sayfa akışı olan prototip mevcut durumda. Bu sosyal ağın ayrı bir uygulama mı olacağı yoksa ChatGPT’ye entegre mi edileceği henüz belli değil. Zaten OpenAI’dan konuyla ilgili çıt çıkmıyor. Şirketin sosyal ağ yayınlaması halinde Sam Altman ve Elon Musk arasındaki rekabet daha da kızışacaktır. Şubat ayında Musk, OpenAI’yı satın almak için 97,4 milyar dolarlık teklifte bulundu. Ancak Altman, “Hayır teşekkür ederim ama isterseniz Twitter’ı 9,74 milyar dolara satın alabiliriz” cevabını verdi. ELon Musk ve X haricinde, Mark Zuckerberg ve Meta da rekabetteki diğer önemli rakip olacak. Meta kendi yapay zekası için ayrı bir uygulama çıkarmayı ve bu uygulamaya da ana sayfa akışı eklemeyi planlıyor. Meta’nın ChatGPT’ye rakip bir uygulama geliştirdiğine dair haberler ilk ortaya çıktığında, Sam Altman “Tamam belki biz de sosyal uygulama yaparız” yorumunda bulunmuştu. Açık konuşmak gerekirse bir sosyal ağ, OpenAI’a aynı zamanda X ve Meta’nın sahip olduğu türden kendine ait anlık veri avantajı da sağlayacaktır. Bu durum yapay zeka modellerini (LLM) eğitmek için büyük bir fırsat sunuyor. Elon Musk, Grok’ta bunu yapıyor. Hatta Musk kısa süre önce Xve xAI’yı aynı şirket altında birleştirdi. Meta ise Llama modellerini geniş kullanıcı veri havuzuyla eğitiyor. OpenAI’ın sosyal ağ fikrinin nedenleri arasında yapay zekanın insanlara daha iyi içerik paylaşmaları için yardımcı olması da bulunuyor. Başka bir yapay zeka laboratuvarında çalışan bir uzman konuyla ilgili yaptığı yorumda, “Grok’un X’le olan entegrasyonu sektördeki tüm şirketleri kıskandırdı. Özellikle kullanıcıların Grok’u saçma şeyler söyletecek kadar yönlendirip, viral tweet’ler ürettirmesi bir hayli dikkat çekti” dedi. OpenAI’ın sosyal medya projesi için kat etmesi gereken daha çok yol var. Bu projenin son kullanıcıyla buluşup buluşmayacağı da belli değil. Yine de böyle bir gelişmenin olması California merkezli şirketin büyümeyi düşündüğü alanlara dair güçlü ipuçları veriyor.",
    "url": "https://www.cnnturk.com/teknoloji/open-ai-twitter-benzeri-kendi-sosyal-agini-gelistiriyor-2273482",
    "source": "cnnturk",
    "genre": "teknoloji",
    "article_date": "2025-04-22T12:17:37.151043",
    "request_date": "2025-04-22T12:17:37.151043",
    "is_empty": false
}