{
    "title": "İtalya Serie A maçları ertelendi",
    "content": "Ligin internet sitesinden yapılan açıklamada,Papa Franciscus'un vefatının ardındanSerie A'da bugün oynanması planlanan maçların sonradan belirlenecek bir tarihe ertelendiği duyuruldu. Serie A'nın 33. haftasında ertelenen müsabakalar Torino-Udinese, Cagliari-Fiorentina, Genoa-Lazio ve Parma-Juventus oldu.",
    "url": "https://www.cnnturk.com/spor/futbol/italya-serie-a-maclari-ertelendi-2273278",
    "source": "cnnturk",
    "genre": "spor",
    "article_date": "2025-04-22T12:17:35.553817",
    "request_date": "2025-04-22T12:17:35.553817",
    "is_empty": false
}