{
    "title": "Samsung, üst düzey izleme deneyimini ileri taşıyor",
    "content": "Samsung, 2025OLED TVserisini resmi olarak tanıttı. Yeni modeller, daha yüksek parlaklık, yansıma karşıtı ikinci nesil ekran kaplaması ve yapay zeka destekli görüntü işleme gibi dikkat çekici yeniliklerle geliyor. Serinin en üst modeli olan S95F, özellikle donanım ve yazılım tarafındaki gelişmeleriyle öne çıkıyor. Samsung’un geliştirdiği üçüncü nesil NQ4 AI video işlemcisi sayesinde S95F, düşük çözünürlüklü içeriklerde bile çok daha net ve akıcı bir görüntü sunuyor. S95F, serinin diğer üyeleri olan S90F ve S85F’ye kıyasla daha gelişmiş teknik özellikler taşıyor. Quantum Dot teknolojisine sahip paneli, 165Hz yenileme hızı ve yansıma önleyici mat yüzeyiyle özellikle oyunseverler ve sinema tutkunları için ideal bir seçenek olarak öne çıkıyor. Ayrıca bu model, Samsung’un One Connect Box sistemine uyumlu olan tek cihaz. Ekran boyutu seçenekleri de oldukça geniş: S95F, 55 ile 83 inç arasında sunulurken, S90F ayrıca 42 ve 48 inç gibi daha kompakt boyutlarda da mevcut. Parlaklık seviyesi, önceki yılın amiral gemisi modeli S95D’ye göre %22 artırılarak 2.000 nit değerine ulaşmış. Bu artış, özellikle aydınlık ortamlarda izleme deneyimini ciddi şekilde iyileştiriyor. Samsung’un yeni nesil yansıma karşıtı teknolojisi de ekran üzerindeki ışık yansımalarını büyük ölçüde ortadan kaldırıyor ve siyah tonların karanlık ortamlardaki derinliğini koruyor. Yeni seriyle birlikte gelen yapay zeka destekli özellikler de dikkat çekiyor. “Click to Search” ile izlenilen sahnelerdeki ürünleri tespit etmek mümkün hale gelirken, “Live Translate” özelliği, yabancı dildeki yayınları anlık olarak çeviriyor. Galaxy Watch kullanıcıları için geliştirilen “Universal Gestures” ise saatin fiziksel hareketleriyle televizyonu kontrol etme imkânı sunuyor. Samsung’un yeni OLED TV’leri, ayrıca ev içi güvenlik ve konforu destekleyen bazı akıllı servislerle geliyor. Ekrandaki yiyecekleri tanıyıp tarif öneren “Samsung Food”, ses ve hareket takibi yaparak güvenlik uyarıları gönderen “Home Insights” ve evdeki canlılara uygun ortam ayarlarını yöneten “Pet and Family Care” gibi hizmetler bu yenilikler arasında. Yeni OLED serisi için belirlenen başlangıç fiyatı 1.300 dolar seviyesinde. En üst segmentteki 77 inçlik S95F modelinin fiyatı ise 4.499 dolara kadar çıkıyor. 65 inçlik versiyon ise şu anda Samsung’da 3.399 dolardan satışta, bazı büyük perakendecilerde ise 100 dolara varan indirimlerle bulunabiliyor. Ayrıca şirket, bu modeller için yedi yıla kadar yazılım güncelleme garantisi de sunuyor.",
    "url": "https://www.cnnturk.com/teknoloji/samsung-ust-duzey-izleme-deneyimini-ileri-tasiyor-2273487",
    "source": "cnnturk",
    "genre": "teknoloji",
    "article_date": "2025-04-22T12:17:38.167235",
    "request_date": "2025-04-22T12:17:38.167235",
    "is_empty": false
}