{
    "title": "Gaziantep FK, Fenerbahçe maçının biletlerini satışa çıkardı",
    "content": "GaziantepFutbolKulübü'nün,Trendyol Süper Lig’in 33. haftasında 26 Nisan Cumartesi günü saat 19.00'daFenerbahçe'yi konuk edeceği maçın biletleri satışa çıktı. Gaziantep Büyükşehir Stadyumu'nda oynanacak karşılaşmanın bilet fiyatları ev sahibi takım için bin 950 TL ile 4 bin TL arasında, misafir tribün bilet fiyatları ise 2 bin 500 TL olarak belirlendi.Taraftarlarınpassoligkartlarına www.passo.com.tr adresinden ve Gaziantep Demokrasi Meydanı yanında bulunanGaziantep FKPassolig noktasından bilet dolumu yapabileceği belirtildi.",
    "url": "https://www.cnnturk.com/spor/futbol/gaziantep-fk-fenerbahce-macinin-biletlerini-satisa-cikardi-2273609",
    "source": "cnnturk",
    "genre": "spor",
    "article_date": "2025-04-22T12:17:37.089289",
    "request_date": "2025-04-22T12:17:37.089289",
    "is_empty": false
}