{
    "title": "TEMU için süre daralıyor! Erişim engeli kapıda...",
    "content": "1)BTK’nın başvurusu 24 saat içinde Sulh Ceza Hakimi’ne sunulacak.  2)Hakim, en geç 48 saat içinde kararını açıklayacak.  3)Erişim engeli kararı verildiği takdirde, platform Türkiye'den erişime kapatılacak.  4)Karar sonrası TEMU gibi şirketlerin 7 gün içinde itiraz hakkı bulunacak.",
    "url": "https://www.cnnturk.com/ekonomi/temu-icin-sure-daraliyor-erisim-engeli-kapida-2273528",
    "source": "cnnturk",
    "genre": "ekonomi",
    "article_date": "2025-04-22T12:17:36.198323",
    "request_date": "2025-04-22T12:17:36.198323",
    "is_empty": false
}