{
    "title": "Katlanabilir iPhone’un fiyat bilgisini ortaya çıktı",
    "content": "Samsung Galaxy Z Fold6, 1899 dolar başlangıç fiyatına sahip. Yani katlanabiliriPhone, 200 – 400 dolar daha yüksek fiyatla piyasaya sürülecek. iPhone 16 Pro Max da 1199 dolardan satılıyor. Karşılaştırma yaparsak katlanabilir iPhone, iPhone 16 Pro Max arasında 1000 dolarlık fark oynayacak. Analist Ming-Chi Kuo da mart ayı başlarında yayınladığı raporda katlanabilir ekranlı ilk iPhone’un 2000 doların üzerinde fiyatla geleceğini öngördü. Kuo’ya göre bu model, 2000 hatta 2500 dolar üzerindeki premium fiyatına rağmen Apple’ın sadık tüketici kitlesine hitap edebilir. Eğer telefon beklentileri karşılarsa markanın sadık tüketicileri telefonu ‘sahip olunması gereken bir cihaz’ olarak görebilir. Kuo’ya göre kitap gibi katlanacak olan telefon, 2026 sonu veya 2027 başında çıkacak. Ünlü analist cihazda 7.8 inç’lik ‘kırışıksız’ iç ekranın olacağını söylerken, dış kısımda yani kapakta da 5.5 inç’lik ekranın kullanılacağını ifade etti. Kuo, telefonun katlandığında 9 ila 9.5 mm arasında, açıldığında da 4.5 ila 4.8 mm kalınlığında olacağını söylüyor. Apple ilk katlanabilir iPhone’un teknik özelliklerini bu senenin 2. çeyreğinde netleştirmeyi ve projeyi resmi olarak 3. çeyrekte başlatmayı hedefliyor. Eğer herhangi bir aksilik olmazsa telefon 2026’nın 4. çeyreğinde seri üretime girecek. Bu yüzden cihazın 2026 sonu ve 2027 başını içeren zaman diliminde çıkması bekleniyor. İkinci nesil katlanabilir ekranlı iPhone’un da bir yıl sonrası için hazırlandığı söyleniyor.",
    "url": "https://www.cnnturk.com/teknoloji/katlanabilir-iphoneun-fiyat-bilgisini-ortaya-cikti-2273486",
    "source": "cnnturk",
    "genre": "teknoloji",
    "article_date": "2025-04-22T12:17:35.622693",
    "request_date": "2025-04-22T12:17:35.622693",
    "is_empty": false
}