{
    "title": "NECATİ ÖZKAN KİMDİR? Ekrem İmamoğlu'nun Danışmanı Necati Özkan Nereli, Kaç Yaşında?",
    "content": "Necati Özkankimdir sorgulanıyor. İstanbul Büyükşehir Belediyesi'ne yönelik başlatılan soruşturma kapsamında tutuklanan Necati Özkan'ın kim olduğu merak ediliyor. Reklam-pazarlamacılığın yanı sıra siyasi danışman olarak da hizmet veren Necati Özkan, bir süredir Kocaeli Cezaevi'nde tutuklu bulunuyor. İşteİBBBaşkanıEkrem İmamoğlu'nun danışmanı Necati Özkan ile ilgili bilgiler... NECATİ ÖZKAN KİMDİR? Necati Özkan 20 Mayıs 1960, Ankara doğumludur. Türk stratejist, reklamcı, siyasi danışman, kampanya yöneticisi ve yazardır. Kemal Kılıçdaroğlu ve Ekrem İmamoğlu'nun kampanyaları da dahil olmak üzere, Türkiye'de ve yurt dışında birçok siyasetçi ve siyasi parti için kampanyalar yönetmiştir. Kara Harp Okulu ve Ankara Hukuk Fakültesi’nde okudu, ODTÜ İşletme Bölümü’nde MBA eğitimi aldı.1985’de Öykü Ajans’ı kurdu. Çok sayıda ulusal ve uluslararası markanın, kamu kurumlarının ve sivil toplum kuruluşlarının, destinasyonların iletişim kampanyalarını yönetti. Liderlere, adaylara ve partilere iletişim danışmanlığı yaptı. Türkiye’nin yanı sıra Kazakistan, Kırgızistan, KKTC, Gürcistan ve Macaristan’da adaylara ve siyasi partilere danışmanlık yaptı. 25’ten fazla ülkede strateji veseçimkampanya yönetimi eğitimi ve seminerler verdi. 2012-2015 arasında Dialogue International Network Başkanlığı, 2014-2016 arasında Avrupa Siyasi Danışmanlar Derneği (EAPC) Başkanlığını üstlendi. 2010’da 10 kişilik “Dünya Rüya Takımı”na seçildi. Aynı yıl Aristotle uluslararası siyasi iletişim büyük ödülünü kazandı. Türkiye Turizm ve Kültür Bakanlığı’nın yurtdışı tanıtım kampanyasıyla kazandığı 2 Adrian Ödülü ve seçim kampanyalarıyla kazandığı, 16 Pollie, 10 Reed, 18 Polaris, 7 Felis ve 11 Golden Eagle Ödülü dahil olmak üzere ulusal ve uluslararası alanda 70’den fazla ödüle sahip. 2017’da Washington merkezli Compol dergisi tarafından alanında dünyanın en etkili 100 iletişim profesyoneli arasında gösterildi. 2014-2016 arasında Radikal gazetesinde köşe yazarlığı yaptı. Üçü telif, ikisi editörlük olmak üzere yayınlanmış 5 kitabı bulunuyor. Halen İstanbul Bilgi Üniversitesi Marka Okulu’nda “Strateji” dersleri veriyor. Uluslararası Siyasi Danışmanlar Derneği’nin (IAPC) İletişimden Sorumlu Başkan Yardımcısı ve Yönetim Kurulu üyesi olarak görev yapıyor. NECATİ ÖZKAN NEDEN TUTUKLANDI? 7 Mart 2025 tarihinde adına kayıtlı gayrimenkul ve banka hesabına el koyma kararı çıkarıldıktan sonra Özkan, 19 Mart 2025'te polis tarafından Ekrem İmamoğlu ile birlikte yolsuzluk iddialarıyla ilgili suçlamalarla 100'den fazla kişiyle beraber tutuklanan iş insanlarından biri oldu. Önce Silivri Cezaevi'nde tutulan Özkan,13 Nisan 2025'te Kocaeli Cezaevi'ne transfer edildi.",
    "url": "https://www.cnnturk.com/turkiye/necati-ozkan-kimdir-ekrem-imamoglunun-danismani-necati-ozkan-nereli-kac-yasinda-2273572",
    "source": "cnnturk",
    "genre": "turkiye",
    "article_date": "2025-04-22T12:17:37.208257",
    "request_date": "2025-04-22T12:17:37.208257",
    "is_empty": false
}