{
    "title": "Çin: Avrupa ile iş birliğimizi güçlendireceğiz",
    "content": "ÇinTicaret Bakan Yardımcısı ve Uluslararası Ticaret Müzakereci Yardımcısı Ling Ji, dün Çek Cumhuriyeti Sanayi ve Ticaret Bakan Yardımcısı Martin Frelich ile görüştü. Ling, son yıllarda Çin ile Çek Cumhuriyeti arasındaki ekonomik ve ticari ilişkilerinin istikrarlı şekilde geliştiğini kaydetti. Çin’in daha fazla Çek Cumhuriyeti ürünü ithal etmeye hazır olduğunu belirten Ling, iki tarafın yeşil ve dijitalekonomiile yapay zeka gibi alanlarda yatırım ve iş birliğini güçlendireceğini bildirdi. Çin’in Çek Cumhuriyeti dahil Avrupa ülkeleriyle diyalog, temas ve iş birliği genişleteceğini vurgulayan Lin, kurallar temelindeki çok taraflı ticari sistemi savunarak ticarette korumacılığa ve tek taraflılığa karşı çıkacaklarını ifade etti.",
    "url": "https://www.cnnturk.com/dunya/cin-avrupa-ile-is-birligimizi-guclendirecegiz-2273562",
    "source": "cnnturk",
    "genre": "dunya",
    "article_date": "2025-04-22T12:17:38.313376",
    "request_date": "2025-04-22T12:17:38.313376",
    "is_empty": false
}