{
    "title": "Project Moohan adlı XR başlığı gecikiyor mu?",
    "content": "Samsung’un artırılmış ve sanal gerçeklik teknolojilerine odaklanan yeni ürünleriyle ilgili detaylar netleşmeye başladı. Şirketin uzun süredir üzerinde çalıştığı XR (extended reality – genişletilmiş gerçeklik) başlığı olanProject Moohan’ın bu yıl piyasaya çıkması bekleniyor. Ancak kullanıcıların bir diğer merakla beklediği ürün olan akıllı gözlükler için bir süre daha sabretmeleri gerekebilir.  Güney Kore kaynaklı yeni bir rapora göre bu gözlüklerin tanıtımı 2026 yılına ertelenmiş olabilir. Şirket, bu projede yalnız değil. Google ve Qualcomm ile ortaklaşa yürütülen geliştirme sürecinde en dikkat çeken detaylardan biri, akıllı gözlüklerin Android XR adlı özel bir işletim sistemiyle çalışacak olması. Bu platform, Google’ın Android’i baştan aşağı XR deneyimlerine uyarlayarak sunduğu bir versiyon. Kullanıcılar gözlüğü kullandıklarında Google’ın gelişmiş yapay zeka asistanı Gemini’den doğrudan faydalanabilecek. Tek bir dokunuşla aktif hale gelen asistan, çeviri yapmaktan mesajları özetlemeye kadar birçok işlevi yerine getirecek ve kullanıcıyı telefonuna ihtiyaç duymadan bilgilendirecek. Gözlüklerle ilgili prototip testleri de hız kazanmış durumda. Google’ın AR ve XR bölümü başkan yardımcısı Shahram Izadi’nin geçtiğimiz günlerde TED2025 etkinliğinde bu prototipi kullanarak bazı özelliklerini sergilemesi, geliştirme sürecinin aktif biçimde sürdüğünü gösteriyor. Bu da Samsung’un cihazı geniş çaplı testlerden geçirdiği anlamına geliyor. Kod adı Project Haean olarak geçen akıllı gözlüklerin yanı sıra, Samsung’un başka bir XR projesi daha olduğu ve bunun da Project Jinju ismiyle geliştirildiği konuşuluyor. Şirketin bu alana ciddi yatırımlar yaptığı açıkça görülüyor. Google’ın da Ballie isimli ev robotuna Gemini entegrasyonu getirmesi, yapay zeka ve XR’ın Samsung cihazlarının merkezinde yer alacağını şimdiden ortaya koyuyor. Samsung’un XR başlığı bu yıl raflardaki yerini alabilirken, gözlükler için heyecan verici gelişmelerin 2026 yılına taşınması kuvvetle muhtemel görünüyor.",
    "url": "https://www.cnnturk.com/teknoloji/project-moohan-adli-xr-basligi-gecikiyor-mu-2272319",
    "source": "cnnturk",
    "genre": "teknoloji",
    "article_date": "2025-04-22T12:17:35.589220",
    "request_date": "2025-04-22T12:17:35.589220",
    "is_empty": false
}