{
    "title": "iPhone 17 serisindeki sızıntılar Pro Max modelinin tasarımına ışık tutuyor",
    "content": "Apple’ın eylül ayında tanıtması bekleneniPhone 17serisine dair detaylar netleşmeye başladı. Özellikle iPhone 17 Pro Max modeline ait maket ve kılıf görsellerinin bir araya gelmesiyle, cihazın tasarımına dair daha somut ipuçları ortaya çıktı. Yeni tasarımda en dikkat çeken detay ise, arka kısımda konumlanan ve önceki modellere kıyasla belirgin şekilde büyütülen kamera çıkıntısı oldu. iPhone 17 Pro ve Pro Max modellerinde kullanılacağı söylenen bu yeni kamera çıkıntısı, cihazın üst bölümünde yatay şekilde uzanıyor. Genişliği ve yüksekliği neredeyse iki katına çıkarılan bu kamera barı, Apple’ın kamera performansında iddialı bir sıçrama hedeflediğini gösteriyor. Tasarım değişikliği sadece profesyonel modellere özgü olmayacak. Seriye ekleneceği konuşulan iPhone 17 Air modeli de tek arka kameraya sahip olmasına rağmen aynı kamera barı tasarımını taşıyacak. Air modeli, iPhone 16 Plus’ın yerini alacak şekilde konumlandırılıyor ve şimdiye kadarki en ince iPhone olacağı ifade ediliyor. Ultra ince gövdesine rağmen kamera barının varlığı, cihazın üst kısmında ağırlık dengesini etkileyebilir. Bu da kullanıcıların eldeki hissiyat açısından farklı bir deneyim yaşamasına neden olabilir. Öte yandan iPhone 17’nin standart versiyonunda önemli bir tasarım değişikliği beklenmiyor. Bu modelin, iPhone 16’da olduğu gibi çift arka kamera düzenini koruyacağı ifade ediliyor. Tüm bu detayların ne kadarının gerçeğe dönüşeceğini görmek için gözler eylül ayındaki tanıtım etkinliğine çevrilmiş durumda. ",
    "url": "https://www.cnnturk.com/teknoloji/iphone-17-serisindeki-sizintilar-pro-max-modelinin-tasarimina-isik-tutuyor-2273483",
    "source": "cnnturk",
    "genre": "teknoloji",
    "article_date": "2025-04-22T12:17:38.681354",
    "request_date": "2025-04-22T12:17:38.681354",
    "is_empty": false
}