{
    "title": "iPhone 17 Air’ın bu sefer de şeffaf kılıfına ait fotoğraflar paylaşıldı",
    "content": "Kılıf telefonun çubuk şeklindeki arka kamera tasarımını yeniden onayladı. Cihaz ultra ince yapıda olacağı için 48 MP’lik tek kamerayla piyasaya sürülecek. Çift kamera kasa içinde yer kaplayacağından Apple’ın hedeflediği ince tasarımı da bozuyor. Şirketin bu yüzden tek arka kameraya yöneldiği belirtiliyor. Söylenenlere göre telefonun kalınlığı 5.5 mm. Ünlü sızıntı kaynağı Ice Universe’e göreiPhone 17 Air’ın kalınlığı kamera adası dahil edildiğinde 9.5 mm olacak. Bu iddiaları gerçek kabul edersek cihazın en kalın ve en ince noktası arasında 4 mm’lik bir fark bulunuyor. GF Securities’in tanınmış analisti Jeff Pu yakın zamanda yaptığı açıklamada; iPhone 17, iPhone 17 Air ve iPhone 17 Pro’ların 24 MP ön kameraya sahip olacağını tekrar vurguladı. Pu geçtiğimiz sene de 24 MP’lik kamerayı gündeme getirmişti. Şu anda piyasada olan iPhone 16 modellerinde 12 MP’lik ön kamera yer alıyor. Bir başka analist olan Ming-Chi Kuo da ocak ayında yayınladığı öngörü raporunda ön kamera yükseltmesinden söz etmişti. Kuo’ya göre de yeni iPhone’larda 6’lı lens sistemine sahip 24 MP selfie kamerası bulunacak. Böylece görüntü kalitesi de önemli derecede iyileşecek. 24 MP’lik kamera daha yüksek çözünürlük sunuyor. Yüksek çözünürlük sayesinde fotoğraflar kırpıldığında veya yakınlaştırıldığında bile kalitelerini koruyabilir. 6’lı lens sistemi ise görüntü kalitesini iyileştirir. Ayrıca her bir lens sapmaları ve bozulmaları minimize eden bir tasarıma sahiptir. Bu da daha net ve daha canlı fotoğraflar demek. Ek lens ışığın iletiminde verimliliği artırarak düşük ışıklı ortamlarda ve gece çekimlerinde performansı geliştirmeye imkan tanıyacaktır. Ultra ince tasarımlı Air modeli, Plus’ın yerine geçecek. Cihazın iPhone satışlarına hareketlilik sağlaması bekleniyor. Çünkü iPhone Plus modeli geçtiğimiz senelerde çıkan iPhone mini modeli gibi tüketicilerden pek fazla talep görmedi. Fakat iPhone 17 Air şık ve ince duruşuyla ilgiyi üstüne çekebilir.",
    "url": "https://www.cnnturk.com/teknoloji/iphone-17-airin-bu-sefer-de-seffaf-kilifina-ait-fotograflar-paylasildi-2272996",
    "source": "cnnturk",
    "genre": "teknoloji",
    "article_date": "2025-04-22T12:17:37.691277",
    "request_date": "2025-04-22T12:17:37.691277",
    "is_empty": false
}