{
    "title": "22 NİSAN DÖVİZ KURU: Bugün Dolar Kaç TL? Euro Kaç TL? 1 Dolar Kaç Lira, 1 Euro Kaç Lira? 22 Nisan Serbest Piyasa Döviz Kurları",
    "content": "Dolarkaç TL?Eurokaç TL? Euro ne kadar bugün? Dolar, Euro, Sterlin ve diğerdöviz kurufiyatları yakından takip ediliyor. Dolar euro paritesi de araştırılan bir diğer konu. Dolar veEuro kuruhaftanın dördüncü işlem gününde döviz piyasalarında işlem yapacak olan kişiler tarafından merak edildi. 22 Nisan 2025 Salı günü İstanbul serbest piyasada anlık Dolar 38,2622 liradan, Euro 44,0613 liradan alıcı buluyor. Küresel piyasalardaki dalgalanmalar, ABD Merkez Bankası’nın (Fed) faiz politikası ve Avrupa’daki ekonomik gelişmeler ve son dönem Türkiye gündemi döviz kurları üzerinde etkili olmaya devam ediyor. 22 NİSAN BUGÜN DOLAR KAÇ LİRA? 1 DOLAR KAÇ TL? 22 Nisan Salı dolar ve euro kurları yakından takip ediliyor. İşte 22 NisanDolar kuru 1 DOLAR ALIŞ: 38,2592 TL 1 DOLAR SATIŞ: 38,2622 TL 22 NİSAN BUGÜN EURO KAÇ LİRA? 1 EURO KAÇ TL? 22 Nisan Salı dolar ve euro kurları yakından takip ediliyor. İşte 22 Nisan Euro kuru 1 EURO ALIŞ: 44,0523 TL 1 EURO SATIŞ: 44,0613 TL CANLI DÖVİZ KURU EURO TL - DOLAR TL PARİTESİ İÇİN TIKLAYIN FED beklentiler dahilinde faizlerde değişikliğe gitmeyerek faizleri yüzde 4,25 - 4,50 aralığında sabit bıraktı. FED'in açıkladığı \"Ekonomik Projeksiyon Raporu\"na göre, büyüme verileri aşağı yönlü revize edildi. Buna göre, 2025 yılı için büyüme beklentisi yüzde 2,1'den yüzde 1,7'ye, 2025 yılı için yüzde 2,0'den yüzde 1,8'e ve 2027 yılı için yüzde 1,9'dan yüzde 1,8'e çekildi. FED yetkilileri, uzun dönem beklentisini yüzde 1,8 olarak korumaya devam etti. Güncel döviz fiyatları dünya ekonomisini takip etmek adına oldukça önemli. Ülkemizde ve dünyada doların ve euronun yükselmesi veya düşmesi, ülke ekonomilerini doğrudan etkiliyor 22 NİSAN 2025 SERBEST PİYASA DÖVİZ FİYATLARI   1000 TL NE OLDU?  22 NİSANEURO DOLAR PARİTESİ   ",
    "url": "https://www.cnnturk.com/ekonomi/22-nisan-doviz-kuru-bugun-dolar-kac-tl-euro-kac-tl-1-dolar-kac-lira-1-euro-kac-lira-22-nisan-serbest-piyasa-doviz-kurlari-2260064",
    "source": "cnnturk",
    "genre": "ekonomi",
    "article_date": "2025-04-22T12:17:36.109290",
    "request_date": "2025-04-22T12:17:36.109290",
    "is_empty": false
}