{
    "title": "Üst düzey donanımıyla satışa sunuldu",
    "content": "OPPO’nun yeni amiral gemisi Find X8s, güçlü donanımı, gelişmiş kamera sistemleri ve etkileyici ekranıyla dikkat çekiyor. Hem günlük kullanım hem de oyun ve fotoğrafçılık gibi daha yoğun performans gerektiren alanlar için tasarlanan model, estetik görünümüyle de üst segmentteki rakiplerine gözdağı veriyor. 699 dolardan başlayan fiyatıyla satışa sunulan cihaz, mavi, beyaz, pembe ve siyah olmak üzere dört farklı renk seçeneğiyle geliyor. Cihazda 6.32 inç büyüklüğünde LTPO AMOLED bir ekran yer alıyor. 2640 × 1216 piksel çözünürlük sunan bu panel, 120Hz yenileme hızıyla akıcı bir kullanım deneyimi sağlıyor. Renk doğruluğu konusunda da iddialı olan ekran, DCI-P3 renk gamutunun tamamını destekleyerek görüntülerin canlılığını artırıyor. Bu sayede film izlerken, oyun oynarken ya da sosyal medyada gezinirken fark edilir bir kalite sunuluyor. Oppo Find X8s’in kalbinde MediaTek’in en yeni üst düzey işlemcilerinden biri olan Dimensity 9400+ bulunuyor. Bu işlemci, 12 GB veya 16 GB kapasitesindeki LPDDR5X RAM ile destekleniyor. Günlük görevlerden oyunlara kadar tüm işlemlerde yüksek performans sağlayan donanım, takılma ya da gecikme yaşatmadan stabil bir deneyim sunuyor. Depolama seçenekleri ise 256 GB’tan başlayıp 1 TB’a kadar çıkıyor ve UFS 4.0 teknolojisiyle geliyor. Kamera tarafında ise üçlü bir arka kurulum dikkat çekiyor. Ana kamera 50 MP çözünürlüğünde Sony LYT-700 sensör kullanıyor. Bu sensöre 50 MP ultra geniş açılı ve 50 MP periskop telefoto lens eşlik ediyor. Üç kat optik yakınlaştırma yeteneğine sahip telefoto kamera, uzaktaki detayları kayıpsız yakalayabiliyor. Oppo modeli Ön tarafta ise 32 MP’lik bir kamera yer alıyor; bu kamera hem selfie çekimleri hem de video görüşmeler için yeterli kaliteyi sunuyor. 5700 mAh kapasiteli batarya, yoğun kullanımda bile gün boyunca şarj aramadan yetebiliyor. Ayrıca 80W kablolu, 50W kablosuz ve 10W ters kablosuz şarj desteğiyle birlikte geliyor. Yazılım tarafında ise cihaz Android 15 tabanlı ColorOS 15 ile çalışıyor. Kullanıcı dostu arayüzü ve Google Play erişimi sayesinde uygulama çeşitliliği konusunda da herhangi bir eksiklik yaşatmıyor. Find X8s, tasarımı, performansı, ekran kalitesi ve kamera özellikleriyle yüksek segmentte rekabeti kızıştıracak gibi görünüyor. ",
    "url": "https://www.cnnturk.com/teknoloji/ust-duzey-donanimiyla-satisa-sunuldu-2273489",
    "source": "cnnturk",
    "genre": "teknoloji",
    "article_date": "2025-04-22T12:17:37.742405",
    "request_date": "2025-04-22T12:17:37.742405",
    "is_empty": false
}