{
    "title": "FED FAİZ KARARI NE ZAMAN AÇIKLANACAK? FED faiz kararı ne olur? FED mayıs ayı faiz beklentisi!",
    "content": "2025 Mayıs ayı için geri sayım devam ederken,ekonomidünyasını yakından takip edenler gözleriniABD Merkez Bankası'nın (FED) faiz kararına çevirmiş durumda. Küresel piyasaların yönünü belirleyecek olan bu karar, yatırımcılar ve ekonomistler tarafından büyük bir dikkatle izleniyor. FED'in alacağı karar, sadece ABD ekonomisini değil, dünya çapında birçok finansal piyasa ve ekonomik gelişmeyi de etkileyebilecek nitelikte. Özellikle enflasyon oranları, işsizlik verileri ve ekonomik büyüme gibi göstergeler ışığında alınacak olan bu karar, piyasalarda ciddi hareketlilik yaratması bekleniyor. FED FAİZ KARARI NE ZAMAN AÇIKLANACAK? ABD Merkez Bankası (FED), bir sonraki toplantısını 6-7 Mayıs tarihlerindeki gerçekleştirecek.FED faiz kararı 7 Mayıs günü saat 22:00'debelli olacak. FED FAİZ KARARI NE OLUR? Ocak ve mart ayına düzenlenen toplantılardan faiz oranını sabit tutma kararı çıkmıştı. Gözler mayıs ayı FED faiz kararında. FED Başkanı Jerome Powell'ın,\"Görevimiz, uzun vadeli enflasyon beklentilerini sağlam bir şekilde çıpalı tutmak ve fiyatlardaki geçici artışların kalıcı enflasyona dönüşmesini engellemek.\"açıklaması dikkat çekti. ABD Bakanı Donald Trump da bir kez daha ABD Merkez Bankası (FED) Başkanı Jerome Powell'a \"faiz oranlarını düşürmesine yönelik\"çağrıda bulundu ve aksi halde ekonomide yavaşlama olabileceğini belirtti.",
    "url": "https://www.cnnturk.com/ekonomi/fed/fed-faiz-karari-ne-zaman-aciklanacak-fed-faiz-karari-ne-olur-fed-mayis-ayi-faiz-beklentisi-2273577",
    "source": "cnnturk",
    "genre": "ekonomi",
    "article_date": "2025-04-22T12:17:37.117809",
    "request_date": "2025-04-22T12:17:37.117809",
    "is_empty": false
}