{
    "title": "Samsung, Android 15 yarışında geride kaldı",
    "content": "Samsung’unAndroid 15tabanlı yeni işletim sistemi One UI 7, beklenmedik bir şekilde ertelendi. Özellikle Galaxy S24 serisi, Z Fold 6 ve Z Flip 6 gibi 2024 model amiral gemileri için planlanan güncelleme, yayınlandıktan sadece dört gün sonra durduruldu. Kullanıcıların yaşadığı çeşitli sorunlar, güncellemenin geri çekilmesine neden oldu. Samsung, yeni dağıtım takvimi için net bir tarih paylaşmasa da, sürecin yeniden düzenlendiğini duyurdu. Güncelleme sürecinde yaşanan aksaklıklar, ilk olarak çeşitli sızıntı kaynakları üzerinden gündeme geldi. Güney Kore’deki bazı kullanıcılar, güncelleme sonrasında cihazlarını kilit ekranından açmakta zorlandıklarını belirtirken, Samsung’un Güvenli Klasör (Secure Folder) özelliğinde yaşanan bir hata da dikkat çekti. Bu hata nedeniyle bazı özel görsellerin Galeri uygulaması üzerinden erişilebilir hale geldiği öne sürüldü. Sorunu test eden bağımsız kaynaklar da bu durumun doğruluğunu teyit etti. Hafta sonu boyunca kullanıcı şikayetleri artarken, şirket daha fazla sorun yaşanmaması adına güncellemeyi durdurma kararı aldı. Konuyla ilgili resmi bir açıklama yapılmazken, Samsung tarafından yapılan kısa bilgilendirmede, kullanıcı deneyiminin en iyi şekilde sağlanabilmesi adına takvimin yeniden gözden geçirildiği belirtildi. Güncellemenin durdurulmasıyla birlikte, bu modellerde kalan kullanıcılar One UI 6 ve Android 14 ile yola devam etmek zorunda kaldı. Bu da hem yapay zeka destekli çağrı transkriptleri ve ses temizleme gibi yeniliklerin hem de Android 15’in uygulama arşivleme ve bildirim sakinleştirme gibi özelliklerinin şimdilik ulaşılamaz olduğu anlamına geliyor. Üstelik tüm bunlar, Android 16’nın üçüncü beta sürümüne ulaştığı ve Android 15’in çıkışının üzerinden yedi ay geçtiği bir dönemde yaşanıyor. Android’in yıllardır süregelen sürüm parçalanması sorunu, bu son gelişmeyle yeniden gündeme gelmiş oldu. Her ne kadar Google ve Samsung daha uyumlu bir ekosistem oluşturma yolunda ilerlese de, farklı cihazlarda aynı deneyimi sunmak hâlâ bir sorun olarak karşımıza çıkıyor. Şu an itibarıyla, yeni yazılım yalnızca Galaxy S25 serisi cihazlara ulaşmış durumda. Diğer kullanıcılar ise Samsung’un yeni yol haritasını bekliyor.",
    "url": "https://www.cnnturk.com/teknoloji/samsung-android-15-yarisinda-geride-kaldi-2273484",
    "source": "cnnturk",
    "genre": "teknoloji",
    "article_date": "2025-04-22T12:17:36.722555",
    "request_date": "2025-04-22T12:17:36.722555",
    "is_empty": false
}