{
    "title": "23 NİSAN ŞİİRLERİ 2025: 2 kıtalık, 3 kıtalık, 4 kıtalık (1.2.3.4 sınıf) kısa, uzun Ulusal Egemenlik ve Çocuk Bayramı şiirleri!",
    "content": "23 NisanÇocuk Bayramı’na sayılı günler kala özellikle ilkokul ve ortaokul öğrencileri için23 Nisan şiirleribüyük ilgi görüyor. Öğrenciler, hem sınıf içi etkinliklerde hem de kutlama programlarında okumak üzere iki, üç ya da dört kıtalık anlamlı ve duygusal şiirler arıyor. Bu şiirler, bayramın ruhunu yansıtmanın yanı sıra çocuklara vatan, millet ve özgürlük gibi kavramların önemini anlatan güçlü bir araç oluyor. TBMM’nin 23 Nisan 1920’de açılmasıyla temelleri atılan bu anlamlı gün, Atatürk’ün vizyonuyla geleceğin teminatı olan çocuklara ithaf edilmiştir. O günden bu yana her yıl 23 Nisan'da Türkiye'nin dört bir yanında rengârenk törenler düzenlenir, çocuklara yönelik etkinlikler yapılır ve okullarda anlamlı gösteriler sahnelenir. 23 NİSAN ŞİİRLERİ 2025 23 NİSAN  Sevinçliyiz hepimiz, Taştı bugün neşemiz. Eğleniriz, güleriz, Geldi 23 Nisan.   Süsleriz biz her yanı, Geldi çocuk bayramı. Atatürk'ün armağanı, Yaşa 23 Nisan. HAKKI ERCAN  23 NİSAN BİR ARMAĞAN  Sanki her tarafta var bir düğün. Çünkü, en şerefli en mutlu gün. Bugün yirmi üç Nisan, Hep neşeyle doluyor insan.  İşte, bugün bir meclis kuruldu, Sonra hemen padişah kovuldu. Bugün yirmi üç Nisan, Hep neşeyle doluyor insan.  Bugün, Atatürk'ten bir armağan, Yoksa, tutsak olurduk sen inan. Bugün yirmi üç Nisan, Hep neşeyle doluyor insan. SAİP EGÜZ  DÜNYA ÇOCUK BAYRAMI Kiminin saçı siyah, Kiminin saçı sarı... Ankara'da buluştu, Dünyanın çocukları.  Her Yirmi Üç Nisan'da Tekrarlanır bu olay. Buluşma nedenini, Açıklamak çok kolay.  Bu kocaman dünyada Ülke sayısı çoktur. Oysaki hiç birinin Çocuk Bayramı yoktur.  Dünyanın çocukları Yurdumuza koşuyor, Her Yirmi Üç Nisan'da Cıvıldaşıp coşuyor.  Türkiye konuklarla, Kalpler sevgiyle dolsun. Dünya Çocuk Bayramı Herkese mutlu olsun! ALTAN ÖZYÜREK  ÇOCUK BAYRAMI Arkadaşlar, sevinelim, Hep gülelim, eğlenelim;  Sıkılmasın hiç canımız; Çünkü bugün bayramımız...  Oyun, alay, dernek düğün, Hepsi bizim işte bugün...  Çocuklara hor bakmayın; İncitmeyin, esirgeyin...  Ana yurdun oğlu, kızı, Umut veren şen yıldızı.  Yarınları parlatacak; Şenlenecek her bir ocak...  Korunacak Cumhuriyet, Yükselecek bu memleket... EKREM ŞENOZAN  23 NİSAN Egemenlik bizimdir, Düğün şenlik bizimdir, Bu esenlik bizimdir, Geldi 23 Nisan  Coşalım, sevinelim, Süslenip giyinelim, Coşkuyla övünelim, Geldi 23 Nisan  Bayrakları alalım, Alanlara dalalım, Hepimiz bir olalım, Geldi 23 Nisan. HADİ BESLEYİCİ  23 NİSAN GÜNÜ Bayram yapar çocuklar, 23 Nisan günü Büyük bir sevinç kaplar, Bütün yurdun üstünü  Bin dokuz yüz yirmide Duyuldu halkın sesi Açıldı bu tarihte Büyük Millet Meclisi  Bugün edildi ilan Yeni bir Türk devleti Bundan, 23 Nisan Sevindirir milleti İ. HAKKI SUNAT",
    "url": "https://www.cnnturk.com/yasam/23-nisan-siirleri-2025-2-kitalik-3-kitalik-4-kitalik-1-2-3-4-sinif-kisa-uzun-ulusal-egemenlik-ve-cocuk-bayrami-siirleri-2273078",
    "source": "cnnturk",
    "genre": "yasam",
    "article_date": "2025-04-22T12:17:35.935680",
    "request_date": "2025-04-22T12:17:35.935680",
    "is_empty": false
}