{
    "title": "BM: Haiti, geri dönüşü olmayan bir eşiğe yaklaşıyor",
    "content": "Birleşmiş Milletler (BM),Haiti’de artan şiddet ve zorunlu göç nedeniyle ülkenin kritik bir eşiğe geldiği uyarısında bulundu. BM Genel Sekreteri’nin Haiti Özel Temsilcisi Maria Isabel Salvador, Güvenlik Konseyi'nde yaptığı açıklamada, “Haiti, tarihi bir dönüm noktasındadır. Daha önce de belirttiğim gibi, geri dönüşü olmayan bir eşiğe yaklaşıyoruz” ifadelerini kullandı. Salvador, BM misyonunun sürdürülebilmesi için yeterli ve öngörülebilir fonlara ihtiyaç duyulduğunu aktararak, Güvenlik Konseyi’ne ‘silah ambargosunun uygulanması ve şiddete karışan kişilerin yaptırım listesine alınması’ çağrısı yaptı.  ",
    "url": "https://www.cnnturk.com/dunya/bm-haiti-geri-donusu-olmayan-bir-esige-yaklasiyor-2273573",
    "source": "cnnturk",
    "genre": "dunya",
    "article_date": "2025-04-22T12:17:37.951191",
    "request_date": "2025-04-22T12:17:37.951191",
    "is_empty": false
}