{
    "title": "SON DAKİKA | Borsa İstanbul güne yükselişle başladı: BIST 100 endeksi 9.378 puanı aştı",
    "content": "🔍 AÇILIŞTA SEKTÖREL PERFORMANS: İNŞAAT LİDER, FİNANSAL KİRALAMA ZAYIF Günün ilk verilerine göre: Bankacılık endeksi: %0,88 artış Holding endeksi: %0,28 artış En çok kazandıran sektör: İnşaat sektörü (%1,35 artış) En çok kaybettiren sektör: Finansal kiralama ve faktoring (%0,41 düşüş) Yatırımcıların, özellikle inşaat ve bankacılık hisselerine yoğun ilgi gösterdiği görülüyor. 🌍 KÜRESEL PİYASALARDA KARIŞIK SEYİR Uluslararası piyasalar ise yön arayışını sürdürüyor. ABD Başkanı Donald Trump’ın, Fed Başkanı Jerome Powell’a yönelik sert eleştirileri ve ABD’nin ticaret politikalarındaki belirsizlikler, yatırımcıları temkinli hareket etmeye zorluyor. 📊 GÖZLER EKONOMİK VERİLERDE: TÜKETİCİ GÜVENİ VE LAGARDE KONUŞMASI TAKİPTE Analistlerin değerlendirmelerine göre, piyasalar bugün hem yurt içi hem de yurt dışı ekonomik gelişmelere odaklanmış durumda: Yurt içinde: Tüketici güven endeksi ve finansal hizmetler güven endeksi açıklanacak. Yurt dışında: ABD'de Richmond Fed imalat sanayi endeksi ve Avrupa Merkez Bankası (ECB) Başkanı Christine Lagarde’ın konuşması izlenecek.🧭 TEKNİK ANALİZ: BIST 100’DE KRİTİK SEVİYELER Teknik açıdan bakıldığında: Direnç seviyeleri: 9.400 ve 9.500 puanDestek seviyeleri: 9.300 ve 9.200 puan Yatırımcılar, bu seviyelere göre alım-satım stratejilerini şekillendirmeye devam ediyor.",
    "url": "https://www.cnnturk.com/ekonomi/son-dakika-borsa-istanbul-gune-yukselisle-basladi-bist-100-endeksi-9-378-puani-asti-2273538",
    "source": "cnnturk",
    "genre": "ekonomi",
    "article_date": "2025-04-22T12:17:36.628937",
    "request_date": "2025-04-22T12:17:36.628937",
    "is_empty": false
}