{
    "title": "SON DAKİKA! İstanbul'da Uyuşturucu Operasyonu: 801,5 Kg Metamfetamin Ele Geçirildi",
    "content": "Gaziosmanpaşa Cumhuriyet Başsavcılığı'nın talimatı ve Emniyet Genel Müdürlüğü Narkotik Suçlarla Mücadele Başkanlığı'nın koordinesinde, İstanbul İl Emniyet Müdürlüğü Narkotik Suçlarla Mücadele Şube Müdürlüğü tarafından düzenlenen operasyon büyük bir başarıyla sonuçlandı.  İçişleri Bakanı Ali Yerlikaya, operasyonu koordine eden Gaziosmanpaşa Cumhuriyet Başsavcılığı'na ve İstanbul İl Emniyet Müdürlüğü'ne teşekkür ederek, \"Operasyonu gerçekleştiren kahraman polislerimizi tebrik ediyorum.Uyuşturucu, insanlığın en büyük düşmanıdır! Buna cüret eden zehir tacirleriyle ülkemiz ve insanlık adına mücadele etmeye devam edeceğiz.\" ifadelerini kullandı. “801,5 kg Metamfetamin Ele Geçirdik”İstanbul'un Arnavutköy ilçesinde düzenlediğimiz operasyonda;🔻29 parça halinde 773 kg sıvı metamfetamin ile🔻Kristal halde 28,5 kg metamfetamin uyuşturucu maddesi ele geçirdik.➡️ 2 şüpheli Zehir Taciri yakalandı.Gaziosmanpaşa…pic.twitter.com/cvTG6SmGWg",
    "url": "https://www.cnnturk.com/turkiye/son-dakika-istanbulda-uyusturucu-operasyonu-801-5-kg-metamfetamin-ele-gecirildi-2273481",
    "source": "cnnturk",
    "genre": "turkiye",
    "article_date": "2025-04-22T12:17:35.998025",
    "request_date": "2025-04-22T12:17:35.998025",
    "is_empty": false
}