{
    "title": "2025 KURBAN KESİM BEDELİ: Kurban Kesim Bedeli Ne Kadar Oldu? Diyanet İşleri Yurt İçi/Yurt Dışı Kurban Kesim Bedelini Açıkladı",
    "content": "2025 yılı kurban kesim bedeli ilekurban Bayramıtarihleri sorgulanıyor. 2025 Kurban Bayramı'na sayılı gün kala, dini vazifelerini yerine getirecek olan vatandaşlar için kurban kesim bedeli belli oldu. Kurban kesmek, Hanefi mezhebine göre mali durumu yerinde olan (nisap miktarı mala sahip) Müslümanlar için vacip bir ibadettir. Diğer mezheplerde ise sünnet-i müekkede olarak kabul edilir. Kurban ibadeti, Müslümanların Allah'a olan bağlılıklarını göstermelerine, O'nun emirlerine itaat etmelerine ve Hz. İbrahim ile İsmail'in teslimiyetini hatırlamalarına vesile olur. Kurban kesmek isteyen vatandaşlar kurban kesim bedeli ve kurbanlık fiyatlarını araştırıyor. İşte 2025 yılı kurban kesim bedeli detayları... 2025 KURBAN KESİM BEDELİ: KURBAN KESİM BEDELİ NE KADAR OLDU? Diyanet İşleriBaşkanı Ali Erbaş, 2025 vekalet yoluyla kurban kesim bedelinin yurt içinde 13 bin 500, yurt dışında 5 bin 450 lira olarak belirlendiğini açıkladı. Hayırseverlerin \"www.tdv.org\" ve \"bagis.tdv.org\" web adresleri, TDV mobil bağış uygulaması, il ve ilçe müftülükleri, TDV şubeleri, din görevlileri, PTT şubeleri ve anlaşmalı bankalar aracılığıyla bağışta bulunabileceklerini duyuran Erbaş, yurt dışında yaşayan vatandaşların ise din hizmetleri müşavirlikleri, ataşelikler, koordinatörlükler ve ülkelerdeki cami dernekleri ile din görevlileri vasıtasıyla vekaletlerini vakfa teslim edebileceklerini bildirdi. KURBAN EDİLECEK HAYVANLARDA ARANAN ŞARTLAR Kurban edilecek hayvanların belirli şartları taşıması gerekir. Bu şartlar fıkıh kitaplarında detaylı olarak belirtilmiştir. Genel olarak kurban edilebilecek hayvanlar şunlardır: Deve: En az beş yaşını doldurmuş olmalıdır.Sığır (İnek, Manda): En az iki yaşını doldurmuş olmalıdır.Koyun ve Keçi: En az bir yaşını doldurmuş olmalıdır. Ancak altı ayını doldurmuş olan koyun, bir yaşını doldurmuş gibi gösterişli ve iri ise kurban edilebilir.Bu hayvanların sağlıklı, kusursuz ve azaları tam olması da önemlidir. Kör, topal, aşırı zayıf, dişlerinin çoğu dökülmüş veya kuyruğunun, kulaklarının yarısından fazlası kesik olan hayvanlar kurban edilmeye uygun değildir. ",
    "url": "https://www.cnnturk.com/turkiye/2025-kurban-kesim-bedeli-kurban-kesim-bedeli-ne-kadar-oldu-diyanet-isleri-yurt-ici-yurt-disi-kurban-kesim-bedelini-acikladi-2273615",
    "source": "cnnturk",
    "genre": "turkiye",
    "article_date": "2025-04-22T12:17:36.859132",
    "request_date": "2025-04-22T12:17:36.859132",
    "is_empty": false
}