{
    "title": "PS5’in fiyatı küresel pazarda",
    "content": "Sony, PlayStation 5’in fiyatlarını bazı bölgelerde bir kez daha yukarı çekti. Şirket, bu kararı küresel ekonomik dalgalanmalar ve döviz kurlarındaki belirsizlik nedeniyle aldığını duyurdu. Yeni fiyat artışları Avrupa, Birleşik Krallık, Avustralya ve Yeni Zelanda gibi birçok ülkede geçerli hale geldi. ÖzelliklePS5Dijital Sürüm modelleri bu artıştan doğrudan etkileniyor. Avrupa’da konsolun fiyatı yaklaşık 570 dolara, Birleşik Krallık’ta ise 567 dolara yükseldi. Önceki fiyatlar sırasıyla 513 ve 514 dolar seviyesindeydi. Avustralya’da dijital modelin satış fiyatı artık 475 dolar civarında, önceki fiyatı ise 412 dolar seviyesindeydi. Yeni Zelanda’da disk sürücülü model yaklaşık 558 dolara çıktı. Bu da önceki fiyatına göre yaklaşık 30 dolarlık bir artış anlamına geliyor. Sony, bu fiyat değişimlerinin anında yürürlüğe girdiğini belirtti. Dolayısıyla, eğer PS5 alma planı yapanlar hafta sonunu alışverişle geçirmediyse, yeni fiyatlarla karşılaşacaklar. Bu durum, özellikle ekonomik koşullar nedeniyle konsol fiyatlarının düşmesini bekleyen kullanıcılar için hayal kırıklığı yaratabilir. Diğer yandan Sony, çıkarılabilir disk sürücüsü aksesuarının fiyatında indirime gitti. Avrupa’da bu aksesuarın yeni fiyatı 86 dolara, Birleşik Krallık’ta ise 85 dolara düşürüldü. Önceki fiyatlar yaklaşık olarak 129 ve 122 dolar düzeyindeydi. Bu adım, fiziksel oyun tercih eden kullanıcılar için nispeten olumlu bir gelişme olarak değerlendirilebilir. Sony’nin bu hamlesi, 2022 yılında yaptığı benzer bir fiyat artışının ardından geliyor. Bu da son üç yılda konsol fiyatlarının ikinci kez yükseldiği anlamına geliyor. Özellikle ekonomik baskılarınteknolojisektöründeki yansımaları giderek daha görünür hale gelirken, tüketicilerin cüzdanı bu tarz kararlarla bir kez daha sınanıyor.",
    "url": "https://www.cnnturk.com/teknoloji/ps5in-fiyati-kuresel-pazarda-2272995",
    "source": "cnnturk",
    "genre": "teknoloji",
    "article_date": "2025-04-22T12:17:38.266781",
    "request_date": "2025-04-22T12:17:38.266781",
    "is_empty": false
}