{
    "title": "Trabzon'da hava ulaşımına \"sis\" engel oldu",
    "content": "Kentte sabah saatlerinden itibaren etkisini sürdüren sis, hava ulaşımının aksamasına neden oldu. TrabzonHavalimanı'ndan Ankara, İstanbul ve İzmir'e karşılıklı yapılması planlanan bazı seferler iptal edildi, bazıları da ertelendi. Uçak seferlerinin, hava şartlarının düzelmesinin ardından yapılması planlanıyor.",
    "url": "https://www.cnnturk.com/turkiye/trabzonda-hava-ulasimina-sis-engel-oldu-2273525",
    "source": "cnnturk",
    "genre": "turkiye",
    "article_date": "2025-04-22T12:17:36.757281",
    "request_date": "2025-04-22T12:17:36.757281",
    "is_empty": false
}