{
    "title": "997 ekonomistten Trump'a çağrı: ''Derhal vazgeç!''",
    "content": "“VERGİ POLİTİKASINDAN DERHAL VAZGEÇ\" ABD Başkanı DonaldTrump, 2 Nisan'da ülkelere uygulayacağı gümrük vergilerini duyurmuş, tüm dünyada büyük bir yankı uyandırmıştı. Trump'ın aldığı bu karara tepkiler gelmeye devam ediyor. ABD’de 997 ekonomist, Başkan Donald Trump’a ortak bir deklarasyonla seslendi. Aralarında Nobel ödüllü isimlerin de bulunduğu ekonomistler, Trump’a “Vergi politikasından vazgeç” çağrısı yaptı. Ekonomistler 20 Nisan’da yayınladıkları açıklamada vergi uygulamalarının “yanlış yönlendirme” sonucunda atılan bir adım olduğuna değindi. Deklarasyonda, “Tarifeler ekonomik özgürlük değil, tam tersine Amerika’nın öncüsü olduğu serbest piyasa ilkelerini baltalıyor” ifadelerine yer verildi. Yayınlanan deklarasyonda ayrıca, Uygulamanın ABD’yi ekonomik durgunluğa sürükleyebileceği uyarısı yapıldı. Deklarasyona imza atan isimler arasında Nobel ödüllü ekonomistler James Heckman ve Vernon Smith ile eski Senatör Fil Grem de yer alıyor. Ayrıca eski Başkan George W. Bush dönemindeEkonomiDanışmanları Konseyi’ne başkanlık yapan Gregory Mankiw de bildiriyi destekleyenler arasında.",
    "url": "https://www.cnnturk.com/dunya/997-ekonomistten-trumpa-cagri-derhal-vazgec-2273475",
    "source": "cnnturk",
    "genre": "dunya",
    "article_date": "2025-04-22T12:17:36.824818",
    "request_date": "2025-04-22T12:17:36.824818",
    "is_empty": false
}