{
    "title": "Trabzonspor'da hedef, Türkiye Kupası'nı 10. kez müzeye götürmek!",
    "content": "Trabzonspor, ZiraatTürkiye Kupasıyarı finalinde 24 Nisan Perşembe günü sahasında oynayacağıGöztepe’yi mağlup ederek tarihindeki 17. finaline yükselmeyi hedefliyor. 1974-1975 sezonunda Süper Lig'e yükseldiği ilk yılında Türkiye Kupası’nda finale çıkan Karadeniz ekibi, bugüne kadar 16 finalin 9'unda mutlu sona ulaştı.İlk kupasını 1976-1977 sezonunda Beşiktaş’ı mağlup ederek kazanan bordo-mavililer; 1977-1978’de Adana Demirspor, 1983-1984’te Beşiktaş, 1991-1992’de Bursaspor, 1994-1995’te Galatasaray, 2002-2003 ve 2003-2004’te Gençlerbirliği, 2009-2010’da Fenerbahçe, 2019-2020’de ise Alanyaspor karşısında kupayı müzesine götürdü.Geçtiğimiz sezon finalde Beşiktaş ile Atatürk Olimpiyat Stadı’nda karşılaşan Trabzonspor, mücadeleden 3-2 mağlup ayrıldı. Fatih Tekke ilk kupasına uzanmak istiyorFutbolculuk kariyerinde UEFA Kupası, UEFA Süper Kupa, Rusya Premier Lig şampiyonluğu, Rusya Kupası, Türkiye Kupası ve TFF Süper Kupa gibi birçok önemli başarıya imza atanFatih Tekke, bu kez teknik direktör olarak kupa hedefliyor. Yarı finalde Göztepe engelini aşarak finale yükselmek isteyen Tekke, teknik adamlık kariyerindeki ilk kupasına bir adım daha yaklaşmak istiyor.Futbolculuk döneminde Trabzonspor formasıylaZiraat Türkiye Kupası’nı 3 kez kazanmanın sevincini yaşayan Tekke, aynı başarıyı teknik adam kimliğiyle yaşamanın peşinde.Fatih Tekke’nin göreve gelişiyle birlikte Trabzonspor’da başlayan çıkışın, Ziraat Türkiye Kupası’nda da sürmesi bekleniyor. Bordo-mavili takımın başında kısa sürede etkisini hissettiren genç teknik adam, bu sezon kupaya uzanarak hem takımı hem de kariyeri adına yeni bir döneme imza atmayı amaçlıyor.",
    "url": "https://www.cnnturk.com/spor/futbol/trabzonsporda-hedef-turkiye-kupasini-10-kez-muzeye-goturmek-2273604",
    "source": "cnnturk",
    "genre": "spor",
    "article_date": "2025-04-22T12:17:36.145878",
    "request_date": "2025-04-22T12:17:36.145878",
    "is_empty": false
}