{
    "title": "İzmir'de DEAŞ operasyonu; 13 gözaltı",
    "content": "İzmirCumhuriyet Başsavcılığı Terör Suçları Soruşturma Bürosu, terör örgütü DEAŞ adına faaliyet yürüttükleri tespit edilen şüphelilere yönelik soruşturma yürüttü. Geçmiş dönemde DEAŞ adına çatışma bölgelerinde faaliyet yürüten, sosyal medyadan örgüt propagandası yapan ve DEAŞ'a fon topladığı belirlenen 12'si Suriye, 3'ü Türk uyruklu 15 şüphelinin yakalanması için bu sabah harekete geçildi. Belirlenen adreslere yapılan baskılarda 13 şüpheli yakalandı. Adreslerde yapılan aramalarda; 1 milyon 316 bin 110 lira, bir miktar altın ile çok sayıda dijital materyal ele geçirildi. 2 şüphelinin yakalanması için çalışmalar sürüyor.",
    "url": "https://www.cnnturk.com/turkiye/izmirde-deas-operasyonu-13-gozalti-2273535",
    "source": "cnnturk",
    "genre": "turkiye",
    "article_date": "2025-04-22T12:17:37.764132",
    "request_date": "2025-04-22T12:17:37.764132",
    "is_empty": false
}