{
    "title": "CANLI ALTIN FİYATLARI BUGÜN: 22 Nisan Gram Altın Fiyatı Ne? Çeyrek Altın Ne Kadar? Gram, Çeyrek, Yarım, Cumhuriyet Altını Ne Kadar? 22 Nisan Altın Fiyatları Canlı Bugün!",
    "content": "Gram altınfiyatı ne? Çeyrek altın kaç lira? Tarım altın ne kadar?Cumhuriyet altınıne kadar?Altın fiyatlarıhemen her gün değişiklik gösteriyor. ABD Merkez Bankası'nın faiz kararıyla birlikte altının yönünü daha iyi belirlemesi bekleniyordu. 22 Nisan 2025 güncel verilere göre gram altın 4.298,46 lira, çeyrek altın ise 7.121,00 lira seviyesinde seyrediyor. Ekrem İmamoğlu'nun tutuklanması, Ramazan Bayramı'nın geçirilmiş olması ve ülke gündeminde yaşanan olaylar neticesinde altın ve para piyasalarında büyük dalgalanmalar devam ediyor.Dolarve Euro'da görülen rekor sonrası altın fiyatları da değişti. Rekor üstüne rekor kıran ons ve gram altın tarihi yüksek seviyelere tırmandı. Gram Altın güne 4.209,41 seviyesinden giriş yaparken anlık yüzde 2.13 yükselişle 4.298,94 liradan işlem görüyor. Gram Altın fiyatı bugün en yüksek 4.299,63 TL, en düşük ise 4.195,62 TL seviyesini gördü. İşte 22 Nisan gram altın, cumhuriyet altını, ons altın,yarım altınve reşat altın fiyatları... 22 NİSAN KAPALIÇARŞI'DA ALTIN FİYATLARI BUGÜN: 22 Nisan Salı günü Kapalıçarşı'da çeyrek altın 7.057,00 liradan alınırken, 7.121,00 liradan satılıyor. CANLI ALTIN KURU İÇİN TIKLAYIN Ons Altın Ne Kadar? Ons Altın Alış: 3.487,79 DolarOns Altın Satış: 3.488,17 Dolar Ons Altın güne 3.426,02 seviyesinden giriş yaparken anlık yüzde 1.66 yükselişle 3.482,99 liradan işlem görüyor. Ons Altın fiyatı bugün en yüksek 3.500,09 TL, en düşük ise 3.412,41 TL seviyesini gördü. Gram Altın Ne Kadar? Gram Altın Alış: 4.298,46 TL Gram Altın Satış: 4.298,94 TL Gram Altın güne 4.209,41 seviyesinden giriş yaparken anlık yüzde 2.13 yükselişle 4.298,94 liradan işlem görüyor. Gram Altın fiyatı bugün en yüksek 4.299,63 TL, en düşük ise 4.195,62 TL seviyesini gördü. Çeyrek Altın Ne Kadar? Çeyrek Altın Alış: 7.057,00 TL Çeyrek Altın Satış: 7.121,00 TL Çeyrek Altın güne 6.980,00 seviyesinden giriş yaparken anlık yüzde 2.09 yükselişle 7.126,00 liradan işlem görüyor. Çeyrek Altın fiyatı bugün en yüksek 7.128,00 TL, en düşük ise 6.962,00 TL seviyesini gördü. Yarım Altın Ne Kadar? Yarım Altın Alış: 14.110,00 TL Yarım Altın Satış: 14.239,00 TL Yarım Altın güne 13.959,00 seviyesinden giriş yaparken anlık yüzde 2.01 yükselişle 14.239,00 liradan işlem görüyor. Yarım Altın fiyatı bugün en yüksek 14.255,00 TL, en düşük ise 13.925,00 TL seviyesini gördü. Tam Altın Ne Kadar? Tam Altın Alış: 28.133,00 TL Tam Altın Satış: 28.370,00 TL Tam Altın güne 27.812,00 seviyesinden giriş yaparken anlık yüzde 2.01 yükselişle 28.370,00 liradan işlem görüyor. Tam Altın fiyatı bugün en yüksek 28.400,00 TL, en düşük ise 27.743,00 TL seviyesini gördü. Cumhuriyet Altını Ne Kadar? Cumhuriyet Altını Alış: 28.155,00 TL Cumhuriyet Altını Satış: 28.580,00 TL Cumhuriyet Altını güne 27.838,00 seviyesinden giriş yaparken anlık yüzde 1.81 yükselişle 28.342,00 liradan işlem görüyor. Cumhuriyet Altını fiyatı bugün en yüksek 28.580,00 TL, en düşük ise 28.334,00 TL seviyesini gördü. Ata Altın Ne Kadar? Ata Altın Alış: 28.017,26 TL Ata Altın Satış: 28.724,47 TL ATA Altın güne 28.724,47 seviyesinden giriş yaparken anlık yüzde 0.00 yükselişle 28.724,47 liradan işlem görüyor.  ",
    "url": "https://www.cnnturk.com/ekonomi/altin/canli-altin-fi-yatlari-bugun-22-nisan-gram-altin-fiyati-ne-ceyrek-altin-ne-kadar-gram-ceyrek-yarim-cumhuriyet-altini-ne-2257861",
    "source": "cnnturk",
    "genre": "ekonomi",
    "article_date": "2025-04-22T12:17:38.101297",
    "request_date": "2025-04-22T12:17:38.101297",
    "is_empty": false
}