{
    "title": "Volkswagen’den sürpriz iş birliği",
    "content": "Golf, Golf Variant, Passat, Tayron, Tiguan ve elektrikli ID.3, ID.4, ID.5, ID.7 gibi popüler modellerin sahipleri, AirConsole uygulamasını indirerek klasik arcade heyecanını direksiyon başına taşıyacak. Aracınızda Pac Man Macerası •Kolay Erişim:Volkswagen’in bilgi eğlence ekranında AirConsole uygulamasını başlatarak anında Pac Man’e dalabilirsiniz.•Ambiyans Işıkları: Aracınızın iç aydınlatmasınıoyunritmine göre özelleştirerek gerçek bir oyun stüdyosu atmosferi yaratabilirsiniz. Oyun İçindeki Volkswagen Dokunuşları Oyunun klasik güç peletleri, şimdi Volkswagen logosu şeklinde karşınıza çıkıyor. •Beetle ve VW Bus Silüetleri: Özel bonuslar için Pac Man’inizi bu ikonik araçların silüetlerine yönlendirebilirsiniz.•Golf 4 R32 ve GTI Rozetleri: Daha yüksek puanlar toplamak için GTI, GTX ve R amblemlerine dokunun.•Jant Koleksiyonu: Volkswagen’in en sevilen jant modelleri de puanların da bir parçası Bu eğlenceli entegrasyon, oyun serisinin 18 Temmuz’da çıkacak yeni oyunu Shadow Labyrinth’e hazırlık niteliğinde. Oyunun Metroidvania usulü 2D aksiyon-macera evreninde, büyüleyici grafikler ve Ori and the Blind Forest’i anımsatan atmosfer eşliğinde labirentleri keşfetme imkanı sunacak.",
    "url": "https://www.cnnturk.com/teknoloji/volkswagenden-surpriz-is-birligi-2273485",
    "source": "cnnturk",
    "genre": "teknoloji",
    "article_date": "2025-04-22T12:17:38.589376",
    "request_date": "2025-04-22T12:17:38.589376",
    "is_empty": false
}