{
    "title": "DEPREM Mİ OLDU? AFAD, Kandilli Rasathanesi Son Depremler 21 Nisan 2025",
    "content": "Az önce deprem mi oldu? Deprem nerede meydana geldi ve kaç şiddetindeydi? Türkiye, deprem kuşağında yer alması ve aktif fay hatlarının üzerinde bulunması nedeniyle sık sık bu aramalar yapılıyor. Özellikle deprem bölgesinde yaşayan vatandaşlar, bu duruma daha sık tanık oluyor. Bugün gerçekleşen depremler hakkında anlık bilgiler ve son gelişmeler için detaylı incelemeleri burada bulabilirsiniz. AFAD SON DEPREMLER LİSTESİ:  Güncel bilgilere erişmek için AFAD’ın resmi web sitesini ziyaret edebilirsiniz. KANDİLLİ RASATHANESİ SON DEPREMLER LİSTESİ:  Son depremlerle ilgili detayları öğrenmek için Kandilli Rasathanesi’nin resmi web sitesine göz atabilirsiniz.",
    "url": "https://www.cnnturk.com/turkiye/deprem-mi-oldu-afad-kandilli-rasathanesi-son-depremler-21-nisan-2025-2260472",
    "source": "cnnturk",
    "genre": "turkiye",
    "article_date": "2025-04-22T12:17:37.877763",
    "request_date": "2025-04-22T12:17:37.877763",
    "is_empty": false
}