{
    "title": "Erzurum’da yolcu otobüsünde 4 kilo sentetik uyuşturucu yakalandı: 1 kişi tutuklandı",
    "content": "Erzurum İl Emniyet Müdürlüğü Narkotik Suçlarla Mücadele Şubesiekipleri, kent genelindeki uyuşturucuyla mücadele çalışmaları kapsamında gerçekleştirdikleri bir yolcu otobüsü denetiminde 4 kilo 50 gramsentetik uyuşturucu maddeele geçirdi. Yapılan açıklamaya göre, durdurulan otobüstenarkotikdedektör köpeği “Hera”nın desteğiyle yapılan aramada, bagaj kısmındaki bir valizin alt bölümüne gizlenmiş uyuşturucu madde bulundu. Ayrıca valizde suç unsuru olabileceği değerlendirilen 2 bin 735 lira da ele geçirildi. Olayla bağlantılı olduğu belirlenen yolculardan G.M.K. (48), gözaltına alınarak emniyete götürüldü. Zanlı, işlemlerinin ardından sevk edildiği adliyede çıkarıldığı hakimlikçe tutuklandı.",
    "url": "https://www.dunya.com/gundem/erzurumda-yolcu-otobusunde-4-kilo-sentetik-uyusturucu-yakalandi-1-kisi-tutuklandi-haberi-773163",
    "source": "dunya",
    "genre": "gundem",
    "article_date": "2025-04-22T12:18:27.211580",
    "request_date": "2025-04-22T12:18:27.211580",
    "is_empty": false
}