{
    "title": "Beşiktaş’ta eşiyle kafeteryada oturan adama şok saldırı: Ensesinden silahla vurularak öldürüldü",
    "content": "Olay, 15 Nisan salı günü saat 23.30 sıralarında Beşiktaş Sinanpaşa Mahallesi'nde meydana geldi. Edinilen bilgiye göre, sokaktaki kafeteryada oturan Cengiz Ş. (44) eşiyle birlikte sohbet ettiği sırada arkasından gelen kapüşonlu saldırgan tarafından ensesinden vuruldu. Saldırgan olay yerinden kaçarken, Cengiz Ş ağır yaralandı. İhbar üzerine olay yerine sağlık ve polis ekibi sevk edildi. Ağır yaralı adamı ilk müdahalenin ardından hastaneye kaldırdı. Ameliyata alınan talihsiz adam, yapılan tüm müdahalelere rağmen hayatını kaybetti. Olayın ardından Asayiş Şube Müdürlüğü Cinayet Büro Amirliği ekipleri, şüpheliyi yakalamak için çalışma başlattı. Polis, şüphelinin olaydan sonra birkaç araç değiştirip Kağıthane'ye geldiğini tespit etti. Devam eden çalışmalarda şüphelinin suç kaydı bulunmayan Kadir N. (22) olduğu belirlendi. Edirne'den yurt dışına çıkmaya hazırlanan şüpheli, polis ekipleri tarafından kaçamadan Kağıthane’de yakalandı. Gözaltına alınan Kadir N. Asayiş Şube Müdürlüğüne götürüldü. Emniyette işlemleri tamamlanan şüpheli adliyeye sevk edildi.",
    "url": "https://www.dunya.com/video-galeri/gundem/besiktasta-esiyle-kafeteryada-oturan-adama-sok-saldiri-ensesinden-silahla-vurularak-olduruldu-video-772947",
    "source": "dunya",
    "genre": "video-galeri",
    "article_date": "2025-04-22T12:18:27.525705",
    "request_date": "2025-04-22T12:18:27.525705",
    "is_empty": false
}