{
    "title": "Kearney: Türkiye’ye yatırımcı ilgisi sürüyor",
    "content": "Uluslararası danışmanlık şirketiKearney’in Küresel İş Politikaları Konseyi tarafından hazırlanan2025 Doğrudan Yatırımcı Güven Endeksiyayınlandı. Kearney’in2025 Doğrudan Yatırımcı Güven Endeksi’nde Türkiye, gelişen pazarlar arasında iki basamak yükselerek14.sıraya yerleşti. Ancakenflasyon, kur oynaklığıvedijital altyapı eksiklikleriDYY için sınırlayıcı unsurlar olarak öne çıkıyor. Jeopolitik gerilimlerin ve ekonomik belirsizliklerin arttığı bir ortamda hazırlanan endekse göre yatırımcılar artık kararlarınıregülasyon verimliliği, makroekonomik istikrarvedijital altyapıgibi kriterlere göre şekillendiriyor. Bu yıl gelişmiş ekonomilerin çoğunlukta olduğu ilk25ülke listesinde Türkiye yer almasa da, Gelişen Pazarlar Endeksi’nde iki basamak yükselerek14.sıraya çıktı.  Kearney İstanbul Ofisi Kıdemli YöneticisiEmin Özuğur, Türkiye’nin yatırım potansiyelinin güçlü olduğunu vurgularken, “Yüksek enflasyon, kur oynaklığı ve dijital altyapı eksiklikleri gibi yapısal faktörler DYY girişini sınırlayan temel unsurlar” değerlendirmesinde bulundu. Rapora göre yatırımcıların öncelik verdiği faktörler arasındaşeffaf yönetişim, hukuki öngörülebilirlikveoperasyonel kolaylıköne çıkıyor. Türkiye’nin stratejik konumu ve geniş iç pazarı avantaj yaratmaya devam ederken, yatırımcıların uzun vadeli kararlarında makroekonomik göstergelerdeki gelişmeler belirleyici olacak.",
    "url": "https://www.dunya.com/ekonomi/kearney-turkiyeye-yatirimci-ilgisi-suruyor-haberi-773167",
    "source": "dunya",
    "genre": "ekonomi",
    "article_date": "2025-04-22T12:18:26.371725",
    "request_date": "2025-04-22T12:18:26.371725",
    "is_empty": false
}