{
    "title": "ECB Anketi: 2025 yılı enflasyon tahmini yükseltildi",
    "content": "Avrupa Merkez Bankası (ECB) Profesyonel Tahminciler Anketi'nde Euro Bölgesi'ne yönelikbu yıla ait enflasyon beklentileri açıklandı. Ankette, Euro Bölgesi enflasyonun tahminlerinin öncekilere göre daha yükseldiği görüldü. Ancak, ECB'nin yüzde 2 hedefinde sabitleneceği tahmin edildi. Politika müzakerelerinde önemli bir girdi olan ECB anketi, 2025 enflasyonunun üç ay önce tahmin edilen yüzde 2,1'in üzerinde ortalama yüzde 2,2 olacağını gösterdi. 2026 rakamı ise yüzde 1,9'dan yüzde 2,0'ye çıkarıldı. Ancak, ECB'nin projeksiyon toplama son tarihinin 4 Nisan olması ve ABD'nin düzensiz ticaret politikası nedeniyle o tarihten bu yana finansal piyasaların önemli ölçüde değişmesi nedeniyle bu rakamlar geçmişe göre daha az önemli olabilir. Anket, büyüme görünümünde yalnızca küçük bir revizyon gösterdi ve 2025 genişlemesini önceki yüzde 1,0 rakamına kıyasla yüzde 0,9 olarak belirledi. Bu da ticaret gerginliğinin tamamının henüz hesaba katılmadığını gösteriyor. ECB Başkanı Christine Lagarde daha önce tam bir ticaret savaşının büyümeden yğzde 0,5'e kadar bir düşüşe yol açabileceğini ileri sürmüştü. ECB, geçtğimiz hafta perşembe günü faiz oranlarını bir yılda yedinci kez düşürmüştü.",
    "url": "https://www.dunya.com/ekonomi/ecb-anketi-2025-yili-enflasyon-tahmini-yukseltildi-haberi-773178",
    "source": "dunya",
    "genre": "ekonomi",
    "article_date": "2025-04-22T12:18:26.224511",
    "request_date": "2025-04-22T12:18:26.224511",
    "is_empty": false
}