{
    "title": "Kocaeli'de dehşete düşüren kaza! Taksi ve motosiklet kafa kafaya çarpıştı",
    "content": "Kaza, dün Maşukiye Mahallesi Manavgat Caddesi'nde meydana geldi. Edinilen bilgiye göre, A.Ö. idaresindeki 41 AYG 989 plakalı motosiklet ile K.B'nin kullandığı 41 T 4070 plakalı taksi kafa kafaya çarpıştı. Çarpışmanın şiddetiyle motosiklet sürücüsü savruldu. Taksi sürücüsü K.B. ise kazayı yara almadan atlattı. 112 Acil Çağrı Merkezi'ne yapılan ihbar üzerine olay yerine sağlık ve polis ekipleri sevk edildi. Ağır yaralı sürücü, ilk müdahalesinin ardından hastaneye kaldırıldı. Kaza anı, çevredeki bir güvenlik kamerasına yansıdı. Görüntüde, çarpışmanın şiddetiyle motosiklet sürücüsünün savrulduğu, taksi sürücüsünün de araçtan inerek yaralının yardımına gittiği anlar yer aldı. Kaza ile ilgili inceleme başlatıldı.",
    "url": "https://www.dunya.com/video-galeri/gundem/kocaelide-dehsete-dusuren-kaza-taksi-ve-motosiklet-kafa-kafaya-carpisti-video-772709",
    "source": "dunya",
    "genre": "video-galeri",
    "article_date": "2025-04-22T12:18:27.324674",
    "request_date": "2025-04-22T12:18:27.324674",
    "is_empty": false
}