{
    "title": "Fatih Terim'li Al Shabab, Al Hilal'le yenişemedi",
    "content": "Suudi Arabistan'ın başkentiRiyad'daki Kingdom Arena'daAl Hilal,Al Shabab'ı ağırladı. Al Shabab, 7. dakikadaDaniel Podence'yle öne geçerken Al Hilal,Sergej Milinkovic-Savic'le 31. dakikada beraberliği yakaladı. Maçın 46. dakikasında Salim ed-Devseri'nin attığı golle Al Hilal, skoru yaptı 2-1 yaptı fakat Al Shabab, Mohammed Al Shwirekh ile bir gole daha bularak maçı 2-2'ye getirdi. Al Hilal, 62 puanla 2. sırada yer alırken Al Shabab, 51 puanla 6. sırada bulunuyor. Podence'in harika golüyle Al-Shabab öne geçti!pic.twitter.com/8DdJtbrYUR",
    "url": "https://www.cnnturk.com/spor/futbol/fatih-terimli-al-shabab-al-hilalle-yenisemedi-2273540",
    "source": "cnnturk",
    "genre": "spor",
    "article_date": "2025-04-22T12:17:38.042446",
    "request_date": "2025-04-22T12:17:38.042446",
    "is_empty": false
}