{
    "title": "Bakanlık Boğaz'da kaçak yapılara göz açtırmıyor! İBB uyarılara rağmen tepkisiz kaldı",
    "content": "İstanbul'unBeşiktaşilçesindekiBebek, Arnavutköy, Kuruçeşme veOrtaköymahallelerinde,Bebek Camii'nden başlayarak 15 Temmuz Şehitler Köprüsü yönüne uzanan kıyı boyunca bazı yapıların denize doğru izinsiz biçimde genişletildiği, kat ilaveleri yapıldığı ve cephe yenilemeleri gerçekleştirildiği yönünde Koruma Bölge Kurulu Müdürlüğü'ne çok sayıda ihbar ulaştı. ahaber.com.tr BAKANLIK EKİPLERİ SAHAYA YOLLADI Kültür ve Turizm Bakanlığıbu ihbarlar üzerine hızlıca harekete geçerek uzman ekiplerini sahaya gönderdi. ahaber.com.tr Uzmanlarca yapılan tespitlerin ardından, 2025 yılı başından itibaren gerçekleştirilenKoruma Kurulutoplantılarında toplam 106 taşınmaza ilişkin karar alındı. ahaber.com.tr Bu kapsamda, 49 taşınmazdaki kaçak müdahale için suç duyurusunda bulunuldu. Tescilsiz taşınmazlara ilişkin 42 dosyada bilgi ve belge talebinde bulunulurken, 15 taşınmazda daha önce alınmış kurul kararlarının uygulanması istendi. ahaber.com.tr Kurul kararlarının uygulanması için yasal olarak sorumlu olan belediye, yapılan tüm uyarılara rağmen harekete geçmedi. İlgili Koruma Bölge Kurulu Müdürlüğü tarafından defalarca yazılı bildirimde bulunulmasına karşın, belediye sadece bir taşınmazda işlem yaptı. Geriye kalan izinsiz uygulamaların kaldırılması yönünde hiçbir somut adım atılmadı. ahaber.com.tr İstanbul Büyükşehir Belediyesi Boğaziçi İmar Müdürlüğüne bugüne kadar tam 72 kez resmi tekit yazısı gönderilerek, kaçak yapılaşmaların durdurulması, mevcut müdahalelerin kaldırılması ve talep edilen belgelerin iletilmesi istendi. Ancak bu uyarılar büyük ölçüde cevapsız kaldı. ahaber.com.tr Kültür ve Turizm Bakanlığı, Boğaz'ın siluetini bozan izinsiz yapılaşmalara karşı denetimlerini aralıksız sürdürürken, sorumluluğunu yerine getirmeyen yerel yönetimlerin bu duyarsız tutumu nedeniyle koruma süreçleri sekteye uğruyor. ahaber.com.tr Bakanlık, kamu yararını önceleyerek Boğaz'daki tarihi ve kültürel mirası korumak için süreci kararlılıkla yürütmeye devam edecek. İşte o belgeler... ahaber.com.tr ahaber.com.tr ahaber.com.tr ahaber.com.tr ahaber.com.tr ahaber.com.tr ",
    "url": "https://www.ahaber.com.tr/gundem/2025/04/21/bakanlik-bogazda-kacak-yapilara-goz-actirmiyor",
    "source": "ahaber",
    "genre": "gundem",
    "article_date": "2025-04-22T12:17:21.142670",
    "request_date": "2025-04-22T12:17:21.142670",
    "is_empty": false
}