{
    "title": "İstanbul Boğazı’nda kaçak yapı avı",
    "content": "22.04.2025 - 07:01 |                                 Son Güncellenme:22.04.2025 - 07:02 İstanbul DHA Kültür ve Turizm Bakanlığı, ihbarlar üzerineİstanbul Boğazı’ndaki izinsiz yapılaşmalar içinincelemebaşlattı.BakanlıkBeşiktaş’taBebek, Arnavutköy, Kuruçeşme ve Ortaköy mahallelerinde, Bebek Camii’nden başlayarak 15 Temmuz Şehitler Köprüsü yönüne uzanan kıyı boyunca bazı yapıların denize doğru izinsiz biçimde genişletildiği, kat ilaveleri yapıldığı ve cephe yenilemeleri gerçekleştirildiği yönünde Koruma Bölge Kurulu Müdürlüğü’ne gelen ihbarlar üzerine inceleme başlattı. 106 yapıya kararUzman ekiplerin saha çalışmalarının ardından 2025 yılı başından itibaren gerçekleştirilenKoruma Kurulutoplantılarında toplam 106 taşınmaza ilişkin karar alındı. Bu kapsamda, 49 taşınmazdaki kaçak müdahale için suç duyurusunda bulunuldu. Tescilsiz taşınmazlara ilişkin 42 dosyadabilgive belge talebinde bulunulurken, 15 taşınmazda daha önce alınmış kurul kararlarının uygulanması istendi. 106 yapıya karar Uzman ekiplerin saha çalışmalarının ardından 2025 yılı başından itibaren gerçekleştirilenKoruma Kurulutoplantılarında toplam 106 taşınmaza ilişkin karar alındı. Bu kapsamda, 49 taşınmazdaki kaçak müdahale için suç duyurusunda bulunuldu. Tescilsiz taşınmazlara ilişkin 42 dosyadabilgive belge talebinde bulunulurken, 15 taşınmazda daha önce alınmış kurul kararlarının uygulanması istendi. Cadde| 22.04.2025 - 07:10 Son dönemin en popüler isimlerimden biri olan ünlü oyuncu Afra Saraçoğlu imaj değişikliğine gitti. Yeni saçlarını Instagram hesabından paylaşan Afra Saraçoğlu binlerce beğeni aldı. Türkiye'den ve Dünya’dan son dakika haberler, köşe yazıları, magazinden siyasete, spordan seyahate bütün konuların tek adresi milliyet.com.tr; Milliyet.com.tr haber içerikleri izin alınmadan, kaynak gösterilerek dahi iktibas edilemez, kanuna aykırı ve izinsiz olarak kopyalanamaz, başka yerde yayınlanamaz.",
    "url": "https://www.milliyet.com.tr/gundem/istanbul-bogazinda-kacak-yapi-avi-7355736",
    "source": "milliyet",
    "genre": "gundem",
    "article_date": "2025-04-22T12:16:45.755670",
    "request_date": "2025-04-22T12:16:45.755670",
    "is_empty": false
}