{
    "title": "Bu emojiler cinsel taciz sayıldı: Para cezası verildi",
    "content": "Diyarbakır'da yaşayan 32 yaşındaki ev hanımı Z.Y., geçen yılsosyal medyahesabına tanımadığı 69 yaşındaki H.T. isimli kişi tarafından gelen mesajlar üzerine Cumhuriyet Savcılığı'na başvurdu.Sabah gazetesinin haberine göre, yaşlı adamın genç kadına öpücük ve kalp emojisi ile \"Harikasın canım, çok tatlısın canım\" mesajları gönderdiği tespit edildi.DAVA AÇILDIH.T. hakkında Cumhuriyet Başsavcılığı'nca \"Cinsel taciz\" suçu işlediği gerekçesiyle dava açıldı.Diyarbakır 7'inci Asliye Ceza Mahkemesi'nde yapılan yargılamada, savcı, sanığın kullanmış olduğu Instagram hesabından müştekiye farklı zamanlarda, mesajlar attığı, kalp ve öpücük emojileri gönderdiğini belirtti.Sanığın çelişkili beyanlarının suçtan kurtulmaya yönelik olduğunu ve bu nedenle TCK'nın 105/1 1., 105/2-d, 43/1 ve 53 maddeleri gereğince cezalandırılmasına karar verilmesi istendi.MESAJLARI \"BEN ATMADIM\" DEDİ69 yaşındaki yaşlı adam iddiaları reddederek hesabının çalındığını, mesajları kendisinin atmadığını öne sürdü.2 BİN 800 LİRA İDARİ PARA CEZASIYapılan yargılama sonucu H.T. gönderdiği emojiler ve yazdığı mesaj nedeniyle para cezasına çarptırıldı.H.T., 2 bin 800 lira idari para cezasına çarptırıldı. Diyarbakır'da yaşayan 32 yaşındaki ev hanımı Z.Y., geçen yılsosyal medyahesabına tanımadığı 69 yaşındaki H.T. isimli kişi tarafından gelen mesajlar üzerine Cumhuriyet Savcılığı'na başvurdu.Sabah gazetesinin haberine göre, yaşlı adamın genç kadına öpücük ve kalp emojisi ile \"Harikasın canım, çok tatlısın canım\" mesajları gönderdiği tespit edildi. DAVA AÇILDIH.T. hakkında Cumhuriyet Başsavcılığı'nca \"Cinsel taciz\" suçu işlediği gerekçesiyle dava açıldı. Diyarbakır 7'inci Asliye Ceza Mahkemesi'nde yapılan yargılamada, savcı, sanığın kullanmış olduğu Instagram hesabından müştekiye farklı zamanlarda, mesajlar attığı, kalp ve öpücük emojileri gönderdiğini belirtti.Sanığın çelişkili beyanlarının suçtan kurtulmaya yönelik olduğunu ve bu nedenle TCK'nın 105/1 1., 105/2-d, 43/1 ve 53 maddeleri gereğince cezalandırılmasına karar verilmesi istendi. MESAJLARI \"BEN ATMADIM\" DEDİ69 yaşındaki yaşlı adam iddiaları reddederek hesabının çalındığını, mesajları kendisinin atmadığını öne sürdü.2 BİN 800 LİRA İDARİ PARA CEZASIYapılan yargılama sonucu H.T. gönderdiği emojiler ve yazdığı mesaj nedeniyle para cezasına çarptırıldı.H.T., 2 bin 800 lira idari para cezasına çarptırıldı.",
    "url": "https://www.ntv.com.tr/turkiye/bu-emojiler-cinsel-taciz-sayildi-para-cezasi-verildi,NqCxWet410OXtt2m4cI58Q",
    "source": "ntv",
    "genre": "turkiye",
    "article_date": "2025-04-22T12:17:13.271291",
    "request_date": "2025-04-22T12:17:13.271291",
    "is_empty": false
}