{
    "title": "Öpücükemojili mesajtaciz sayıldı",
    "content": "Diyarbakır'da yaşayan 32 yaşındaki ev hanımı Z.Y., geçen yıl sosyal medya hesabında tanımadığı 69 yaşındaki H.T. isimli kişi tarafından gelen mesajlar üzerine Cumhuriyet Savcılığı'na başvuru yaptı. Yapılan soruşturmada, öpücük ve kalp emojisi gönderen ve \"harikasın canım, çok tatlısın canım\" yazan H.T. hakkında Cumhuriyet Başsavcılığı'nca dava açıldı. \"Cinsel taciz\" suçunu işlediği gerekçesiyle hakkında ceza davası açılan H.T.'nin yargılaması sona erdi. Diyarbakır 7'inci Asliye Ceza Mahkemesi'nde yapılan yargılamada, cumhuriyet savcısı, esas hakkındaki mütalaasını verdi. ÇELİŞKİLİ İFADELER VERDİ Savcı, sanığın kullanmış olduğu İnstagram hesabından müştekiye farklı zamanlarda, \"harikasın canim, çok tatlısın canım\" seklinde mesajlar attığı, kalp ve öpücük emojileri gönderdiğini belirterek, sanığın çelişkili beyanlarının suçtan kurtulmaya yönelik olduğunu ve bu nedenle TCK'nin 105/1 1., 105/2-d, 43/1 ve 53 maddeleri gereğince cezalandırılmasına karar verilmesini istedi. Z.Y.'nin avukatı Doğan İpek, mütalaaya katıldıklarını belirterek, sanığın cezalandırılmasını istediklerini ifade etti. 69 yaşındaki H.T.'nin \"Hesabım çalındı, farklı hesaplar kullanıyorum\" gibi çelişkili ifadeler verdiği öğrenildi. 2 BİN 800 LİRA İDARİ PARA CEZASINA ÇARPTIRILDI Yapılan yargılama sonucu H.T. gönderdiği emojiler ve yazdığı mesaj nedeniyle para cezasına çarptırıldı. 2 bin 800 lira idari para cezasına çarptırılan H.T. Denetimli serbestlik kapsamında 5 yıl içerisinde suç işlemesi durumunda para cezasını ödeyecek.",
    "url": "https://www.sabah.com.tr/yasam/opucuk-emojili-mesaj-taciz-sayildi-7338738",
    "source": "sabah",
    "genre": "yasam",
    "article_date": "2025-04-22T12:17:42.729972",
    "request_date": "2025-04-22T12:17:42.729972",
    "is_empty": false
}