{
    "title": "O emojileri göndermeden önce 2 kez düşünün! Hakkında cinsel taciz davası açıldı",
    "content": "Diyarbakır'da ilginç bir olay meydana geldi. Kentte yaşayan 32 yaşındaki ev hanımı Z.Y., sosyal medya üzerinden kendisine mesajlar gönderen 69 yaşındaki H.T.'yi savcılığa şikayet etti. İlgili HaberİBB'nin Tuzla hali projesinde skandal! 8 milyar liralık ihaleyle ilgili iddialar vahim Sabah'ın haberine göre şahıs genç kadına öpücük ve kalp emojisi gönderip\"Harikasın canım, çok tatlısın canım\"yazdı. \"Cinsel taciz\" suçlamasıyla yargılanan H.T. hakkında karar çıktı. Şahsın çelişkili beyanlarda bulunduğu, bu çelişkili beyanlarının suçtan kurtulmaya yönelik olduğu ve bu nedenle TCK'nin 105/1 1., 105/2-d, 43/1 ve 53 maddeleri gereğince cezalandırılmasına karar verilmesini istedi. 69 yaşındaki adam ise kendisini\"Hesabım çalındı, farklı hesaplar kullanıyorum\"diyerek savundu.  Mahkeme H.T.'nin gönderdiği emojiler ve yazdığı mesaj nedeniyle 2 bin 800 lira para cezası ödemesine karar verdi. Şahıs aynı suçu 5 yıl içerisinde tekrarlaması durumunda para cezasını ödeyecek.",
    "url": "https://www.turkiyegazetesi.com.tr/gundem/o-emojileri-gondermeden-once-2-kez-dusunun-hakkinda-cinsel-taciz-davasi-acildi-1110471",
    "source": "turkiye_gazetesi",
    "genre": "gundem",
    "article_date": "2025-04-22T12:18:21.061488",
    "request_date": "2025-04-22T12:18:21.061488",
    "is_empty": false
}