{
  "id": null,
  "articleId": "ef194c68-af6d-42fa-ac7b-6f8aa01a56e5",
  "title": "Motosikletli Genç Kaza Sonucu Hayatını Kaybetti",
  "content": "",
  "summary": "Motosikletli genç, otomobil çarpması sonucu hayatını kaybetti. Sürücü yakalandı.",
  "longerSummary": "1 Mayıs 2024 tarihinde, saat 02.00 sıralarında Sakarya'nın Karasu-Kocaali yolu Küçük Karasu mevkisinde bir trafik kazası meydana geldi.  Kimliği daha sonra H.B. olarak tespit edilen ve plakası bilinmeyen bir otomobil, Kocaali yönüne giden 21 yaşındaki Ercüment Solmaz'ın yeni aldığı plakasız motosiklete çarptı.  Çarpmanın şiddetiyle Solmaz, otomobilin altında yaklaşık 85 metre sürüklendi.  Otomobil sürücüsü olay yerinden kaçarken, diğer sürücülerin ihbarı üzerine sağlık ekipleri olay yerine geldi.\n\nSağlık ekiplerinin yaptığı kontrolde, Denizcilik Meslek Yüksek Okulu Sivil Savunma ve İtfaiyecilik Bölümü öğrencisi ve Sakarya İtfaiyesi stajyeri olan Ercüment Solmaz'ın hayatını kaybettiği belirlendi.  Solmaz'ın cenazesi, Karasu Devlet Hastanesi morguna, ardından otopsi için Adapazarı Adli Tıp Kurumu'na gönderildi.\n\nKazayı öğrenip olay yerine gelen Solmaz'ın kız arkadaşı Sude, gözyaşları içinde \"Telefonla konuştuk, 3 dakika sonra kazayı öğrendim. Benim yüzümden öldü,\" dedi. Solmaz'ın Kocaali'deki kız arkadaşını ziyarete giderken kaza yaptığı öğrenildi.\n\nKaçan otomobil sürücüsü H.B., Düzce'de yakalanarak gözaltına alındı.  Sakarya Büyükşehir Belediyesi İtfaiye Dairesi Başkanlığı, Solmaz'ın ölümüne ilişkin başsağlığı mesajı yayınladı. Solmaz'ın kazadan önce sosyal medya hesaplarında yaptığı paylaşımlar da kamuoyunda yer aldı.",
  "category": "Suç",
  "tags": [],
  "source": [
    "https://www.posta.com.tr/gundem/stajyer-itfaiyecinin-kahreden-olumu-2853168",
    "https://www.ntv.com.tr/turkiye/ercument-oldu-sude-gozyaslarina-boguldu-benim-yuzumden-oldu,ZDFHa6yu2Ea0meTNAmfkkA"
  ],
  "location": null,
  "popularityScore": 0,
  "createdAt": null,
  "image": "image.jpg",
  "priority": null
}