{
    "title": "İsrail'den \"halifelik\" açıklaması: \"İzin vermeyeceğiz\"",
    "content": "İsrailBaşbakanı Binyamin Netanyahu, Yafa kentinde bir anma töreninde konuştu.Gazze'de henüz yapacakları çok şey olduğunu ileri süren İsrail Başbakanı, \"Ne için savaştığımızı biliyoruz, kiminle karşı karşıya olduğumuzu biliyoruz, birkaç kilometre ötemizdeAkdenizkıyılarında bir halifelik kurulmasına izin vermeyeceğiz\" dedi.Netanyahu, İsrail'in varlığını sürdürebilmek için \"görevi tamamlamaları\" gerektiğini söyledi.Gazze Şeridi'ne yönelik saldırıları sürdüreceklerine işaret eden Netanyahu, \"Hamas'ı çökerteceklerini, İsrailli esirleri geri getireceklerini ve Gazze'den İsrail'e yeni bir tehdit gelmesini engelleyeceklerini\" savundu.Netanyahu, Ortadoğu'nun çehresini değiştirdiklerini öne sürerek Gazze, Lübnan ve Suriye'de \"İran eksenine büyük darbe vurduklarını\" belirtti.ABD ile birlikte Yemen'de Husilere saldırılar düzenlediklerini de hatırlatan Netanyahu, İsrail iç siyasetindeki tartışmalara da değinerek \"İsrail'de iç savaş olmayacak\" diye konuştu. İsrailBaşbakanı Binyamin Netanyahu, Yafa kentinde bir anma töreninde konuştu.Gazze'de henüz yapacakları çok şey olduğunu ileri süren İsrail Başbakanı, \"Ne için savaştığımızı biliyoruz, kiminle karşı karşıya olduğumuzu biliyoruz, birkaç kilometre ötemizdeAkdenizkıyılarında bir halifelik kurulmasına izin vermeyeceğiz\" dedi. Netanyahu, İsrail'in varlığını sürdürebilmek için \"görevi tamamlamaları\" gerektiğini söyledi.Gazze Şeridi'ne yönelik saldırıları sürdüreceklerine işaret eden Netanyahu, \"Hamas'ı çökerteceklerini, İsrailli esirleri geri getireceklerini ve Gazze'den İsrail'e yeni bir tehdit gelmesini engelleyeceklerini\" savundu.Netanyahu, Ortadoğu'nun çehresini değiştirdiklerini öne sürerek Gazze, Lübnan ve Suriye'de \"İran eksenine büyük darbe vurduklarını\" belirtti.ABD ile birlikte Yemen'de Husilere saldırılar düzenlediklerini de hatırlatan Netanyahu, İsrail iç siyasetindeki tartışmalara da değinerek \"İsrail'de iç savaş olmayacak\" diye konuştu.",
    "url": "https://www.ntv.com.tr/dunya/israilden-halifelik-aciklamasi-izin-vermeyecegiz,Uld65noick-QcdTVPqAouw",
    "source": "ntv",
    "genre": "dunya",
    "article_date": "2025-04-22T12:17:11.723242",
    "request_date": "2025-04-22T12:17:11.723242",
    "is_empty": false
}