{
    "title": "Netanayahu katliama devam mesajını yineledi: Akdeniz kıyılarında halifelik kurulmasına izin vermeyeceğiz",
    "content": "SİYONİSTLER SALDIRILARINI SÜRDÜRECEK Gazze'ye yönelik saldırıları sürdüreceklerine işaret eden Netanyahu, \"Hamas'ı çökerteceklerini, İsrailli esirleri geri getireceklerini ve Gazze'den İsrail'e yeni bir tehdit gelmesini engelleyeceklerini\" savundu. Netanyahu, Orta Doğu'nun çehresini değiştirdiklerini öne sürerek Gazze, Lübnan ve Suriye'de \"İran eksenine büyük darbe vurduklarını\" söyledi. ABD ile birlikte Yemen'de Husilere saldırılar düzenlediklerini de hatırlatan Netanyahu, İsrail iç siyasetindeki tartışmalara da değinerek \"İsrail'de iç savaş olmayacak.\" dedi.",
    "url": "https://www.sabah.com.tr/dunya/netanayahu-katliama-devam-mesajini-yineledi-akdeniz-kiyilarinda-halifelik-kurulmasina-izin-vermeyecegiz-7339111",
    "source": "sabah",
    "genre": "dunya",
    "article_date": "2025-04-22T12:17:42.695375",
    "request_date": "2025-04-22T12:17:42.695375",
    "is_empty": false
}