{
    "title": "Elektrik ve elektronik sektörünün ihracatı 4 milyar doları aştı",
    "content": "22.04.2025 - 11:38 |                                 Son Güncellenme:22.04.2025 - 11:38 AA muhabirininTürkiyeİhracatçılar Meclisi (TİM) verilerinden derlediği bilgilere göre, Türkiye'nin ihracatı ocak-mart döneminde 2024'ün aynı dönemine göreyüzde2,5 artarak 65 milyar 305 milyon 586 bindolaroldu. Geçen yılın ilk çeyreğinde 3 milyar 953,8 milyon dolarlık dış satım yapan elektrik ve elektronik sektörü, bu yılın ilk çeyreğinde ihracatını yüzde 1,2 artırdı, 4 milyar 791 bin dolarlık dış satım yaptı. Türkiye'nin en fazlaihracatyapılan 5 sektöründen biri olan elektrik ve elektronik sektörünün, \"tarife\" kaynaklı endişelere rağmen yılın ilk çeyreğinde yüzde 41,5 ve 62,6 milyon dolar artışla ihracatını en fazla artırdığı ülkeABDoldu. Sektörün ocak-mart döneminde gerçekleştirdiği dış satım, aynı dönemde Türkiye'nin ihracatının yüzde 6,1'ine karşılık geldi. Yılın ilk çeyreğinde, 2 milyon 32 bin dolarlık diğer yan sanayi ürünleri, oyuncaklar,oyunve spor malzemeleri, 1 milyar 734,6 milyon dolarlık elektrik elektronik makinaları elektrik ve enerji üretim, 939,1 milyon dolarlık makinaların elektrik ve parçaları, 908 milyon dolarlık makina, 417,2 milyon dolarlık diğer alet ve cihazlar ve 11,2 bin dolarlık savunma ve havacılık sanayi ihracatı yapıldı. En fazla ihracat 2,1 milyar dolarla İstanbul'dan gerçekleşti Elektrik ve elektronik sektöründe yılın ilk çeyreğinde en fazla ihracat 386,3 milyon dolarla Birleşik Krallık'a yapılırken, bu ülkeyi 318,1 milyon dolarla Almanya, 226,9 milyon dolarla Irak, 213,3 milyon dolarla ABD ve 186,1 milyon dolarla Fransa takip etti. Ocak-mart döneminde sektörün değer bazında ihracatını artığı ülkeler sıralamasında, ilk sırada yüzde 41,5 ve 62,6 milyon dolar artışla ABD yer aldı. ABD'yi 38,2 milyon dolarla Irak, 36,6 milyon dolarla Yunanistan, 34,4 milyon dolarla Libya ve 22,6 milyon dolarla Ukrayna izledi. Söz konusu dönemde, elektrik ve elektronik sektöründe en fazla ihracat 2,1 milyar dolarla İstanbul'dan gerçekleşti. Yılın ilk çeyreğinde Manisa'dan 390,9 milyon dolarlık, Ankara'dan 291,7 milyon dolarlık, Denizli'den 249,3 milyon dolarlık, Kocaeli'nden 221,5 milyon dolarlık, İzmir'den 157 milyon dolarlık elektrik ve elektronik ihracatı yapıldı. Cadde| 22.04.2025 - 07:10 Son dönemin en popüler isimlerimden biri olan ünlü oyuncu Afra Saraçoğlu imaj değişikliğine gitti. Yeni saçlarını Instagram hesabından paylaşan Afra Saraçoğlu binlerce beğeni aldı. Türkiye'den ve Dünya’dan son dakika haberler, köşe yazıları, magazinden siyasete, spordan seyahate bütün konuların tek adresi milliyet.com.tr; Milliyet.com.tr haber içerikleri izin alınmadan, kaynak gösterilerek dahi iktibas edilemez, kanuna aykırı ve izinsiz olarak kopyalanamaz, başka yerde yayınlanamaz.",
    "url": "https://www.milliyet.com.tr/ekonomi/elektrik-ve-elektronik-sektorunun-ihracati-4-milyar-dolari-asti-7355982",
    "source": "milliyet",
    "genre": "ekonomi",
    "article_date": "2025-04-22T12:16:44.724387",
    "request_date": "2025-04-22T12:16:44.724387",
    "is_empty": false
}