{
    "title": "ABD'de uçağın motoru alev aldı: 282 yolcu tahliye edildi",
    "content": "ABD'nin Florida eyaletindeki Orlando Uluslararası Havalimanından kalkmak üzere olan uçağın motorunun alev alması sonucu 282 yolcununtahliyeedildiği bildirildi.Federal Havacılık İdaresi (FAA) ve Delta Hava Yolu şirketi, 'Airbus A330' model uçağın motorunun alev almasına ilişkin açıklama yaptı.Açıklamada, 282 yolcunun bulunduğu uçağın, Orlando Uluslararası Havalimanı'ndan Georgia eyaletindeki Hartsfield-Jackson Atlanta Uluslararası Havalimanı seferi için kapıdan ayrılmasından kısa süre sonra iki motorundan birinin alev aldığı kaydedildi.Havalimanındaki ilk yardım ve itfaiye ekiplerinin, motorun, egzoz borusundan alev almasının ardından yangına müdahale ettiği ifade edilen açıklamada, 282 yolcunun acil durum kaydıraklarıyla tahliye edildiği belirtildi.FAA, ölen ya da yaralananın olmadığı olaya ilişkin soruşturma başlattı. Federal Havacılık İdaresi (FAA) ve Delta Hava Yolu şirketi, 'Airbus A330' model uçağın motorunun alev almasına ilişkin açıklama yaptı.Açıklamada, 282 yolcunun bulunduğu uçağın, Orlando Uluslararası Havalimanı'ndan Georgia eyaletindeki Hartsfield-Jackson Atlanta Uluslararası Havalimanı seferi için kapıdan ayrılmasından kısa süre sonra iki motorundan birinin alev aldığı kaydedildi.Havalimanındaki ilk yardım ve itfaiye ekiplerinin, motorun, egzoz borusundan alev almasının ardından yangına müdahale ettiği ifade edilen açıklamada, 282 yolcunun acil durum kaydıraklarıyla tahliye edildiği belirtildi.FAA, ölen ya da yaralananın olmadığı olaya ilişkin soruşturma başlattı. Açıklamada, 282 yolcunun bulunduğu uçağın, Orlando Uluslararası Havalimanı'ndan Georgia eyaletindeki Hartsfield-Jackson Atlanta Uluslararası Havalimanı seferi için kapıdan ayrılmasından kısa süre sonra iki motorundan birinin alev aldığı kaydedildi.Havalimanındaki ilk yardım ve itfaiye ekiplerinin, motorun, egzoz borusundan alev almasının ardından yangına müdahale ettiği ifade edilen açıklamada, 282 yolcunun acil durum kaydıraklarıyla tahliye edildiği belirtildi.FAA, ölen ya da yaralananın olmadığı olaya ilişkin soruşturma başlattı. Havalimanındaki ilk yardım ve itfaiye ekiplerinin, motorun, egzoz borusundan alev almasının ardından yangına müdahale ettiği ifade edilen açıklamada, 282 yolcunun acil durum kaydıraklarıyla tahliye edildiği belirtildi.FAA, ölen ya da yaralananın olmadığı olaya ilişkin soruşturma başlattı. FAA, ölen ya da yaralananın olmadığı olaya ilişkin soruşturma başlattı.",
    "url": "https://www.birgun.net/haber/abd-de-ucagin-motoru-alev-aldi-282-yolcu-tahliye-edildi-617383",
    "source": "birgun",
    "genre": "haber",
    "article_date": "2025-04-22T12:18:32.818643",
    "request_date": "2025-04-22T12:18:32.818643",
    "is_empty": false
}