{
    "title": "HABER... ABD'de panik anları! Uçak alev aldı: Yolcular böyle tahliye edildi | Video",
    "content": "Federal Havacılık İdaresi (FAA) ve Delta Hava Yolu şirketi, 'Airbus A330' model uçağın motorunun alev almasına ilişkin açıklama yaptı. Açıklamada, 282 yolcunun bulunduğu uçağın, Orlando Uluslararası Havalimanı'ndan Georgia eyaletindeki Hartsfield-Jackson Atlanta Uluslararası Havalimanı seferi için kapıdan ayrılmasından kısa süre sonra iki motorundan birinin alev aldığı kaydedildi.  Havalimanındaki ilk yardım ve itfaiye ekiplerinin, motorun, egzoz borusundan alev almasının ardından yangına müdahale ettiği ifade edilen açıklamada, 282 yolcunun acil durum kaydıraklarıyla tahliye edildiği belirtildi. FAA, ölen ya da yaralananın olmadığı olaya ilişkin soruşturma başlattı.",
    "url": "https://www.cnnturk.com/dunya/haber-abdde-panik-anlari-ucak-alev-aldi-yolcular-boyle-tahliye-edildi-2273536",
    "source": "cnnturk",
    "genre": "dunya",
    "article_date": "2025-04-22T12:17:37.855116",
    "request_date": "2025-04-22T12:17:37.855116",
    "is_empty": false
}