{
    "title": "ABD'de uçağın motoru alev aldı",
    "content": "Bu videoyu izlemek için lütfen JavaScript'i etkinleştirin ABD'de korkutan uçak kazası.. CNN'in haberine göre, Federal Havacılık İdaresi (FAA) ve Delta hava yolu şirketi, \"Airbus A330\" model uçağın motorunun alev almasına ilişkin açıklama yaptı. Açıklamalarda, 282 yolcunun bulunduğu uçağın, Orlando Uluslararası Havalimanı'ndan Georgia eyaletindeki Hartsfield-Jackson Atlanta Uluslararası Havalimanı seferi için kapıdan ayrılmasından kısa süre sonra iki motorundan birinin alev aldığı ifade edildi. 282 YOLCU TAHLİYE EDİLDİ Havalimanındaki ilk yardım ve itfaiye ekiplerinin, motorun, egzoz borusundan alev almasının ardından yangına müdahale ettiği kaydedilen açıklamada, 282 yolcunun acil durum kaydıraklarıyla tahliye edildiği belirtildi. Delta hava yolu firması, tahliye edilen yolcuların başka bir uçakla Atlanta'ya götürüleceğini duyurdu. Bu arada FAA, ölen ya da yaralananın olmadığı olaya ilişkin soruşturma başlattı. ABD'DEKİ UÇAK KAZALARINDA ARTIŞ FAA, 29 Ocak'ta Ronald Reagan Havalimanı yakınlarında American Airlines'a ait bir yolcu uçağıyla \"Black Hawk\" tipi bir askeri helikopterin çarpıştığını duyurmuş, kazada 67 kişi hayatını kaybetmişti. 1 Şubat'ta Philadelphia kentinde hava ambulansının bir alışveriş merkezi yakınına düşmesi sonucu uçaktaki 6 kişi hayatını kaybetmişti. Ayrıca 17 Şubat'ta da yine Delta Hava Yollarına ait bir yolcu uçağı, Kanada'nın Ontario eyaletindeki bir havalimanına inişi sırasında ters dönmüş, 80 kişi taşıyan uçaktaki yolculardan 18'i yaralanmıştı.",
    "url": "https://www.ensonhaber.com/dunya/abdde-ucagin-motoru-alev-aldi",
    "source": "ensonhaber",
    "genre": "dunya",
    "article_date": "2025-04-22T12:17:56.127973",
    "request_date": "2025-04-22T12:17:56.127973",
    "is_empty": false
}