{
    "title": "ABD bir facianın daha eşiğinden döndü! 282 yolcu son anda kurtuldu",
    "content": "ABD bir uçak faciasının daha eşiğinden döndü. Delta Air Lines'a ait Airbus A330 tipi bir yolcu uçağı, Florida'daki Orlando Uluslararası Havalimanı'ndan Atlanta'ya kalkışa hazırlanırken motorlarından birinde yangın çıktı.  UÇAĞIN MOTORU ALEV ALDI YOLCULAR TAHLİYE EDİLDİ Olay, uçağın kapıdan ayrılmasından kısa bir süre sonra, yerel saatle 11:15 civarında meydana geldi. Uçakta bulunan 282 yolcu ve 12 mürettebat, acil durum kaydırakları kullanılarak tahliye edildi ve herhangi bir yaralanma bildirilmedi. ABD'de uçak faciası, Takvim.com.tr Ekran Görüntüsü BU KAÇINCI KAZA? Federal Havacılık İdaresi (FAA), yangının nedenini araştırmak üzere inceleme başlattı. Delta Havayolları, bakım ekiplerinin uçağı inceleyeceğini ve etkilenen yolcuların varış noktalarına ulaşabilmeleri için ek uçaklar tahsis edileceğini açıkladı. ABD'de uçak faciası, Takvim.com.tr Ekran Görüntüsü Orlando Havalimanı yetkilileri, yangının apron alanında meydana geldiğini ve havaalanının kurtarma ve yangınla mücadele biriminin hızla müdahale ettiğini belirtti. Bu olay, ABD'de son dönemde yaşanan bir dizi havacılık güvenliği vakasının sonuncusu olarak dikkat çekiyor. ABD’de feci kaza! Uçak nehre düştü: 3 kişi hayatını kaybettiTAKVİM UYGULAMASINI İNDİRMEK İÇİN TIKLAYIN ",
    "url": "https://www.takvim.com.tr/dunya/abd-bir-facianin-daha-esiginden-dondu-282-yolcu-son-anda-kurtuldu-6122491",
    "source": "takvim",
    "genre": "dunya",
    "article_date": "2025-04-22T12:18:12.134709",
    "request_date": "2025-04-22T12:18:12.134709",
    "is_empty": false
}