{
  "id": null,
  "articleId": "169ac01d-94ff-407d-8b1d-4ed0402f2db8",
  "title": "Hegseth'in Gizli Bilgi Sızdırması Soruşturması",
  "content": "",
  "summary": "Hegseth'in Yemen saldırısıyla ilgili gizli bilgileri Signal üzerinden paylaştığı iddiaları sonrası görevden alınması tartışılıyor.  Soruşturma devam ederken, Trump Hegseth'e destek veriyor. Harvard, fonların dondurulmasına yasal itirazda bulundu.",
  "longerSummary": "ABD Savunma Bakanı Pete Hegseth'in, eşi, kardeşi ve avukatının da yer aldığı bir Signal grubunda Yemen'deki Husilere yönelik askeri operasyonlara dair gizli bilgileri paylaştığı iddialarıyla ilgili çok sayıda haber ve açıklama yapıldı.  Bu bilgiler arasında F/A-18 Hornet uçaklarının kalkış saatleri gibi kritik detaylar da yer alıyordu.  Atlantic dergisi editörü Jeffrey Goldberg'in yanlışlıkla bu gruba eklenmesiyle bilgi sızıntısı riski ortaya çıktı.\n\nHegseth'in bu davranışı, Pentagon'da \"tam bir iç çekişme krizi\" olarak tanımlanan bir ortam yarattı.  Üç üst düzey Pentagon yetkilisi, Dan Caldwell, Colin Carroll ve Darin Selnick, Hegseth'in liderlik tarzı ve yetkinliğine yönelik eleştiriler sonucu görevlerinden alındılar.  Bu üç yetkili, Hegseth'in yönetimiyle ilgili \"kırmızı bayrak\" çektikleri için açığa alındıklarını iddia ettiler.\n\nHegseth'in görevden alınmasıyla ilgili karışık sinyaller verildi.  Bir Trump danışmanı, Hegseth'in görevden alınmasının gündemde olmadığını, ancak yöneticilik yeteneğinin yetersiz olduğunu belirtti.  Öte yandan, Beyaz Saray'ın yeni bir savunma bakanı aradığı yönünde haberler çıktı, ancak Beyaz Saray Sözcüsü bu haberleri yalanladı.  CNN, Hegseth'in görevden alınmasının Başkan Trump'ı hata yaptığını kabul ettirme riski taşıdığı için  şu an için güvenli olduğunu öne sürdü.\n\nHarvard Üniversitesi, Trump yönetiminin üniversiteye sağlanan federal fonları dondurma kararına yasal olarak itiraz etti.  Üniversite, bu kararı akademik özgürlüklere müdahale olarak nitelendirdi.\n\nHegseth, medyanın haberleri \"yalan haber\" olarak nitelendirerek  saldırıda bulundu ve Başkan Trump da medyayı \"yalan habercilik\" yapmakla suçlayarak Hegseth'e desteğini yineledi. Pentagon sözcüsü de medyanın Trump düşmanlığıyla hareket ettiğini iddia etti.  Ancak,  soruşturma, Başmüfettiş Vekili Steven Stebbins tarafından başlatıldı.  Olayla ilgili haberler, ABD ordusunun Yemen'deki operasyonlarına ilişkin hassas bilgilerin sızdırılması riskini de ortaya koydu.",
  "category": "Siyaset",
  "tags": [],
  "source": [
    "https://www.hurriyet.com.tr/dunya/live-abdde-bilgi-sizdirma-krizi-buyuyor-savunma-bakani-beyaz-sarayi-karistirdi-trump-direniyor-42772925",
    "https://www.takvim.com.tr/dunya/abddeki-signalgate-skandali-buyuyor-savunma-bakani-pete-hegsethin-saldiri-bilgilerini-aile-grubunda-paylastigi-iddia-edildi-6121653"
  ],
  "location": null,
  "popularityScore": 0,
  "createdAt": null,
  "image": "image.jpg",
  "priority": null
}