{
  "id": null,
  "articleId": "5d153198-c571-4f23-a315-ecb89224e9cb",
  "title": "Konyaspor-Galatasaray Türkiye Kupası Yarı Finali",
  "content": "",
  "summary": "22 Nisan'da, saat 20:30'da Konya'da Konyaspor-Galatasaray Türkiye Kupası yarı final maçı ATV'den yayınlanacak.  Tek maç elemeli olup, eşitlik halinde uzatmalar ve penaltılar uygulanacak.",
  "longerSummary": "Ziraat Türkiye Kupası yarı finalinde Galatasaray, 22 Nisan Salı günü saat 20:30'da Konya Büyükşehir Stadyumu'nda Konyaspor ile karşı karşıya gelecek. Maç ATV'den canlı yayınlanacak.\n\n**Maç Formatı:** Tek maç eleme usulü. 90 dakika sonunda eşitlik devam ederse 2x15 dakikalık uzatmalar oynanacak, eşitlik yine devam ederse penaltı atışları yapılacak.\n\n**Takımların Kupa Yolculuğu:**\n\n* **Galatasaray:** Gruplardan çıktı (1 galibiyet, 2 beraberlik). Çeyrek finalde Fenerbahçe'yi 2-1 yendi.\n* **Konyaspor:** 3. turdan itibaren kupada yer aldı ve 7 maçta 21 gol atıp sadece 1 gol yedi. Gruplardan lider çıktı (2 galibiyet, 1 beraberlik). Çeyrek finalde İskenderunspor'u 3-0 yendi.\n\n**İki Takım Arasındaki Geçmiş Karşılaşmalar:**\n\n* Türkiye Kupası'nda 5 önceki maçta Galatasaray 3 galibiyet, 2 beraberlik aldı.\n* Bu sezon 3 kez karşılaştılar: Süper Lig'de Galatasaray 2-1 ve 1-0 kazandı, kupa maçında 0-0 berabere kaldılar.\n\n**Muhtemel 11'ler:**\n\n* **Konyaspor:** Deniz, Yasir, Adil, Uğurcan, Bazoer, Pedrinho, Yusuf, Jevtovic, Melih, Ndao, Kramer (farklı kaynaklarda bazı değişiklikler var).\n* **Galatasaray:** Günay, Frankowski, Sanchez, Abdülkerim, Eren, Torreira, Lemina, Sallai/Sara, Sara/Sallai, Yunus, Osimhen (farklı kaynaklarda bazı değişiklikler, Mertens ve Kutucu'nun da ilk 11'de yer alma ihtimali var).  Barış Alper Yılmaz ve Kerem Demirbay cezalı.  Elias Jelert, Kaan Ayhan ve Alvaro Morata sakatlıkları nedeniyle kadroda yok.\n\n**Diğer Bilgiler:**\n\n* Galatasaray Türkiye Kupası'nda 23 kez finale çıktı ve 18'ini kazandı. Son final 2018-2019 sezonunda Akhisarspor'a karşıydı. Konyaspor ise 1 kez final oynadı ve 2016-2017 sezonunda kupayı kazandı.\n* Galatasaray Teknik Direktörü Okan Buruk ile Konyaspor Teknik Direktörü Recep Uçar 5 kez daha karşı karşıya geldi. 4 maçını Okan Buruk'un takımı kazandı, 1 maç berabere bitti.\n* Maçı Abdullah Buğra Taşkınsoy yönetecek.\n* Konyaspor Başkanı Ömer Korkmaz, maçı final maçı gibi gördüklerini ve taraftar desteğiyle finale çıkmayı hedeflediklerini belirtti.  Ligde ise 50 puan hedefliyorlar.",
  "category": "Spor",
  "tags": [],
  "source": [
    "https://www.ahaber.com.tr/spor/galatasaray/2025/04/22/galatasaray-ztkda-final-pesinde-iste-konyaspor-macinin-muhtemel-11i",
    "https://www.takvim.com.tr/spor/2025/04/22/galatasaray-kupa-mesaisinde-okan-buruk-11i-belirledi",
    "https://www.cnnturk.com/spor/futbol/konyaspor-galatasaray-maci-hangi-kanalda-sifresiz-mi-konyaspor-galatasaray-maci-ne-zaman-saat-kacta-ziraat-turkiye-kupasi-2273560",
    "https://www.sabah.com.tr/spor/futbol/2025/04/21/galatasarayda-sakatlik-soku-yildiz-oyuncu-mra-girecek",
    "https://www.sabah.com.tr/spor/futbol/2025/04/21/konyasporda-hedef-turkiye-kupasi-finali",
    "https://www.takvim.com.tr/spor/2025/04/21/ziraat-turkiye-kupasinda-hakemler-belli-oldu",
    "https://www.sabah.com.tr/spor/futbol/2025/04/21/ziraat-turkiye-kupasinda-yari-final-heyecani-basliyor-iste-program",
    "https://www.cnnturk.com/spor/futbol/live-konyaspor-evinde-galatasarayi-agirliyor-kupa-yari-finalinde-muhtemel-11ler-belli-oldu-2273627"
  ],
  "location": null,
  "popularityScore": 0,
  "createdAt": null,
  "image": "image.jpg",
  "priority": null
}