{
  "id": null,
  "articleId": "49b1dcb8-a8c8-4c37-bac7-561223cbf36c",
  "title": "İşte, sağlanan haber makalelerine dayanarak oluşturulan 3-4 kelimelik nesnel bir başlık:\n\n**Kanal İstanbul: Çevresel Etki Değerlendirmesi**",
  "content": "",
  "summary": "Kanal İstanbul projesi, 136 milyon m² tarım arazisi yok edecek, 30 bin istihdam kaybına yol açacak ve 200 bin ton buğday üretimini ortadan kaldıracak.  ÇED raporuna olumlu karar verilmesine rağmen davalar sürüyor.",
  "longerSummary": "Kanal İstanbul projesi, İstanbul'un su kaynaklarını azaltacak, tarım arazilerini yok edecek ve ekolojik dengeyi bozacak bir proje olarak eleştiriliyor.  İstanbul Planlama Ajansı (İPA) verilerine göre, proje 350 milyon metrekarelik bir alanı (İstanbul'un %6,4'ü) kapsıyor; bu alanın %51'i tarım arazisi, %13'ü çayır ve fundalık, %5'i orman, %4'ü yerleşim, %11'i göl ve %8'i kıyı kumullarından oluşuyor.\n\nProjenin olumsuz etkileri şöyle özetlenebilir:\n\n* **Tarım:** 136 milyon metrekare tarım arazisi yok olacak, 30.000 tarım işçisi işsiz kalacak ve 200.000 ton buğday üretimi kaybedilecek.\n* **Ekosistem:** 394.000 ağaç kesilecek, 1.2 milyon kişinin oksijen kaynağı azalacak, Terkos Barajı tuzlanma riskiyle karşı karşıya kalacak, Marmara Denizi'ndeki kirlilik ve müsilaj problemi artacak, 2.000 bitki türü ve 15 endemik bitki türü tehdit altında olacak. Sazlıdere Barajı (55 milyon metreküp içme suyu deposu) yıkılacak. Karadeniz kıyılarına 38 km boyunca 53 milyon metreküp dolgu malzemesi dökülecek. Şantiye ve yeni yapılaşma hava kirliliğine yol açacak. 14 milyon metrekare arkeolojik sit alanı ve 850 bin metrekare doğal sit alanı yok olacak.\n* **Deprem Riski:** İstanbul'u bekleyen büyük deprem riskini artıracak ve 9 milyon İstanbulluyu bir adaya haps edecek.\n* **Ekonomi:** 65 milyar dolarlık maliyetiyle ekonomiye büyük yük getirecek ve rantı yalnızca yandaşlara sağlayacak.\n* **Gemi Trafiği:** İktidarın iddiasının aksine, 2006-2020 yılları arasında İstanbul Boğazı'ndaki gemi trafiği %30 azalmış olup, Kanal İstanbul'un bu konuda bir avantaj sağlamayacağı belirtiliyor.\n\n\nProje, 27 Nisan 2011'de kamuoyuna açıklandı ve çeşitli aşamalardan (rezerv alan belirlenmesi, ÇED raporu vb.) geçti.  ÇED raporuna on binlerce itiraz olmasına rağmen, 17 Ocak 2020'de olumlu karar verildi.  Ancak ÇED davası ve Çevre Düzeni Planı, İmar ve Uygulama Planlarına ilişkin iptal kararları halen devam ediyor.  İmamoğlu'nun tutuklanması, süreci etkileyen bir faktör olarak gösteriliyor.  Bilirkişi raporları da projenin kamu yararına uygun olmadığı ve ciddi çevresel riskler taşıdığı sonucuna varmıştır.",
  "category": "Çevre",
  "tags": [],
  "source": [
    "https://t24.com.tr/haber/bilirkisi-raporu-tamamlandi-kanal-istanbul-da-kamu-yarari-yok,1234286",
    "https://www.birgun.net/haber/kanal-kente-ihanettir-617354"
  ],
  "location": null,
  "popularityScore": 0,
  "createdAt": null,
  "image": "image.jpg",
  "priority": null
}