{
    "title": "Trump'tan Fed'e faiz uyarısı! Enflasyon olmadığını iddia etti Powell'ı hedef aldı: Büyük bir ezik",
    "content": "ABD BaşkanıDonald Trump, ABD Merkez Bankası (Fed) BaşkanıJerome Powell'ın faiz oranlarını düşürmemesi halinde ekonomide yavaşlama olabileceğini belirtti. Trump'ın paylaşımı (Ekran görüntüsü) Trump,Truth Socialsosyal medya hesabından yaptığı paylaşımda Fed Başkanı Powell'ı hedef aldı. ABD Başkanı Trump (AA) Faiz oranlarında\"önleyici indirimler\" yapılmasının birçok kişi tarafından talep edildiğini belirten Trump, enerji maliyetlerinin ve gıda fiyatlarının önemli ölçüde düştüğünü, diğer pek çok\"şey\"aşağı yönlü seyrederken\"neredeyse hiç enflasyon olmadığını\"kaydetti. Trump,\"Bu maliyetler tam da öngördüğüm şekilde güzel bir şekilde düşüş eğilimindeyken enflasyon neredeyse olamaz, ama bay çok geç kalan, büyük bir ezik, faiz oranlarını şimdi düşürmezse ekonomide bir yavaşlama olabilir.\"ifadelerini kullandı. ABD Merkez Bankası (Fed) Başkanı Jerome Powell (AA) Avrupa'nın 7 kez faiz indirimi yaptığına işaret eden Trump,\"Powell, seçim döneminde uykucu Joe Biden'a, ardından Kamala'ya yardım etmek için faiz indirmek dışında her zaman çok geç kaldı.\"değerlendirmesinde bulundu. ABD Başkanı Trump, geçen hafta da Fed Başkanı Powell'ı faiz oranını düşürmede\"geç kalmakla\" eleştirmişti. Powell'dan memnun olmadığını belirten Trump, eğer görevden ayrılmasını isterse Powell'ın hemen ayrılacağını ifade etmişti. ABD Merkez Bankası (Fed) Başkanı Jerome Powell (AA) Powell'ın siyaset yaptığı değerlendirmesinde bulunan Trump, faiz oranlarının düşmesi gerektiğini belirtmişti.      ",
    "url": "https://www.takvim.com.tr/dunya/trumptan-fede-faiz-uyarisi-enflasyon-olmadigini-iddia-etti-powelli-hedef-aldi-buyuk-bir-ezik-6122069",
    "source": "takvim",
    "genre": "dunya",
    "article_date": "2025-04-22T12:18:12.947528",
    "request_date": "2025-04-22T12:18:12.947528",
    "is_empty": false
}