{
  "id": null,
  "articleId": "4ac798db-b9fe-443f-9760-be338979f1ab",
  "title": "İstanbul'da arkadaşını öldüren oyuncu tutuklandı.",
  "content": "",
  "summary": "Oyuncu Sevil Akdağ, arkadaşı Elif Kırav'ı bıçaklayarak öldürdü.  Akdağ tutuklandı.  Kırav'ın vücudunda çok sayıda bıçak darbesi vardı.",
  "longerSummary": "İstanbul'da 29 yaşındaki sosyal medya fenomeni Elif Kırav'ın 19 Nisan 2025 tarihinde oyuncu Sevil Akdağ tarafından bıçaklanarak öldürülmesi olayına ilişkin ayrıntılar ortaya çıktı.  İki arkadaş, akşam alkol aldıktan sonra Kırav'ın Fatih'teki evine geçti.  Aralarında, Akdağ'ın televizyonu düşürmesi üzerine çıkan tartışma sonucu Akdağ, Kırav'ı 30'un üzerinde (bazı kaynaklar 53 olarak belirtmektedir) bıçak darbesiyle öldürdü.  Akdağ, olay yerinden kaçtı ancak güvenlik kameraları sayesinde yakalandı.\n\nAkdağ'ın ifadesinde, aşırı alkol aldığını, Kırav ile tartıştıklarını ve kendisine vurulduğunu, kendini savunmak için boğuştuklarını ve Kırav'ın hareketsiz kaldığını gördükten sonra korkup kaçtığını, bıçaklayıp bıçaklamadığını hatırlamadığını belirtti.  Kırav'ın ailesi ise Akdağ'ın Kırav'a takıntılı olduğunu, kıskanç ve agresif davrandığını, Kırav'ın ilişkiyi sonlandırmak istemesine rağmen Akdağ'ın ısrarcı olduğunu ifade etti.  Kırav'ın erkek kardeşi, Akdağ'ın cinayeti planlamış olabileceğini ve bileklerini kesmesinin bir numara olduğunu öne sürdü.  Olay yerinde yapılan incelemede, boğuşma izleri ve duvarlarda kan izleri bulundu.  Sevil Akdağ tutuklandı.  Olayın yaşanmadan önce 4 arkadaşın birlikte eğlendiği bir video da ortaya çıktı.  Kırav'ın bir arkadaşı ise Kırav'ın vücudunda 35-40 bıçak darbesi olduğunu belirtti.",
  "category": "Suç",
  "tags": [],
  "source": [
    "https://www.milliyet.com.tr/gundem/dizi-oyuncusu-fenomen-arkadasini-oldurmustu-katiliyle-yan-yana-7355989",
    "https://t24.com.tr/haber/oyuncu-sevil-akdag-kendimi-savundum-dedi-oldurdugu-elif-kirav-in-kardesi-30-degil-53-bicak-darbesiyle-katletti,1234297",
    "https://www.hurriyet.com.tr/gundem/53-bicak-darbesini-hatirlamadi-42772873",
    "https://www.ensonhaber.com/gundem/sevil-akdagin-elif-kiravi-oldurme-nedeni-ortaya-cikti"
  ],
  "location": null,
  "popularityScore": 0,
  "createdAt": null,
  "image": "image.jpg",
  "priority": null
}