{
    "title": "22 Nisan Yarım Gün Mü? 22 Nisan Resmi Tatil Mi? 22 Nisan Okullar Tatil Mi?",
    "content": "23 Nisan'ın resmi tatil olmasıyla birlikte22 Nisanda resmi tatil mi merak ediliyor. Türkiye Büyük Millet Meclisinin açılış yıldönümü olan 23 Nisan 1920'de Türkiye Büyük millet Meclisi açılmış, Atatürk, 23 Nisan 1924'te '23 Nisan' günününUlusal Egemenlik ve Çocuk Bayramıolarak kutlanmasına karar vermiştir. 23 Nisan, Türkiye Büyük Millet Meclisi'nin (TBMM) açılışının 105. yıl dönümü olmasının yanı sıra, Gazi Mustafa Kemal Atatürk tarafından çocuklara armağan edilen eşsiz bir bayramdır. Bu anlamlı gün, hem ulusal egemenliğimizin simgesi hem de geleceğimiz olan çocuklara duyulan sevgi ve güvenin ifadesidir. Vatandaşlar, 22 Nisan'ın yarım gün olup olmadığını ve kamu kurumlarının Salı günü açık olup olmadığını arama motorlarında sorguluyor. İşte22 Nisan resmi tatil mideğil mi konusuna dair tüm detaylar... 22 NİSAN YARIM GÜN MÜ? 23 Nisan Ulusal Egemenlik ve Çocuk Bayramı resmi tatil olsa da, 22 Nisan Salı günü tüm kamu kurumları, bankalar, özel sektör ve eğitim kurumları normal çalışma düzenlerine devam edecektir. Çalışanların ve öğrencilerin bu durumu göz önünde bulundurarak planlarını yapmaları önem taşımaktadır. 22 NİSAN RESMİ TATİL Mİ? 22 Nisan yarım gün değildir. Ulusal Bayram ve Genel Tatilleri Kanunu'na göre 22 Nisan resmi tatil olmadığı gibi yarım gün de değildir. Bu nedenle okullar, bankalar ve diğer kamu kurumları normal çalışma saatlerine devam etmektedir. 22 NİSAN OKULLAR TATİL Mİ? 22 Nisan'da okullar tatil değildir. Ulusal Bayram ve Genel Tatilleri Kanunu'na göre 22 Nisan resmi tatil olarak belirlenmemiştir. Bu nedenle, okullarda 23 Nisan Ulusal Egemenlik ve Çocuk Bayramı öncesinde normal eğitim ve öğretim faaliyetleri devam edecektir. Ancak, bazı okullarda 23 Nisan kutlamalarıyla ilgili hazırlıklar nedeniyle farklı düzenlemeler yapılabilir.",
    "url": "https://www.cnnturk.com/turkiye/22-nisan-yarim-gun-mu-22-nisan-resmi-tatil-mi-22-nisan-okullar-tatil-mi-2273504",
    "source": "cnnturk",
    "genre": "turkiye",
    "article_date": "2025-04-22T12:17:36.308311",
    "request_date": "2025-04-22T12:17:36.308311",
    "is_empty": false
}