{
    "title": "23 NİSAN'DA ÜNİVERSİTELER TATİL Mİ? 23 Nisan resmi tatil mi? 23 Nisan Ulusal Egemenlik ve Çocuk Bayramı'nda okullar tatil mi?",
    "content": "23 Nisanresmi tatil mi araştırılıyor. Türkiye Büyük Millet Meclisi'nin açılışının 105. yıl dönümü ve Gazi Mustafa Kemal Atatürk'ün çocuklara armağan ettiği23 Nisan Ulusal Egemenlik ve Çocuk Bayramı, her yıl coşkuyla kutlanıyor. Bu özel günün resmi tatil olup olmadığı ise merak konusu oldu. Nisan ayının gelmesiyle çalışanların ve öğrencilerin en çok araştırdığı konulardan biri 23 Nisan Ulusal Egemenlik ve Çocuk Bayramı oldu.23 Nisan resmi tatil mi, 23 Nisan yarım gün mü tam gün mü tatil, 23 nisan 2025 hangi gün gibi konulara yanıt aranıyor. Merak edilen bir diğer konu ise 23 Nisan üniversiteler tatil mi oldu. 23 NİSAN RESMİ TATİL Mİ? 23 Nisan Ulusal Egemenlik ve Çocuk Bayramı, resmi tatil olarak kabul edilmektedir. Bu nedenle, 23 Nisan 2025 Çarşamba günü okullar, üniversiteler, kamu kurum ve kuruluşları ile bankalar kapalı olacaktır. Özel sektörde ise durum farklılık gösterebilir. Bazı özel sektör kuruluşları 23 Nisan'da çalışmaya devam ederken, bazıları ise çalışanlarına izin verebilmektedir.23 Nisan 2025 Çarşamba gününe denk gelmektedir. Bu nedenle, hafta sonu ile birleşmemektedir. 23 NİSAN'DA OKULLAR, ÜNİVERSİTELER TATİL Mİ? Gazi Mustafa Kemal Atatürk'ün dünya çocuklarına armağan ettiği 23 Nisan Ulusal Egemenlik ve Çocuk Bayramı, ülkemizde resmi tatil olarak kabul edilmektedir. Bu nedenle, 23 Nisan 2025 Çarşamba günü okullar, üniversiteler, kamu kurum ve kuruluşları ile bankalar kapalı olacak. 23 NİSAN KAMU KURUMLARI, BANKALAR, ECANELER AÇIK MI? 23 Nisan'da resmi tatil uygulaması kapsamında; bankalar, kamu kurumları ve PTT şubeleri hizmet vermeyecek. Ancak AVM'ler, restoranlar ve turistik tesisler genellikle açık olacak. Özel sektör çalışanları için tatil uygulaması işyeri politikasına göre değişiklik gösterebilir. 23 NİSAN TOPLU TAŞIMA ÜCRETSİZ Mİ? 23 Nisan'da toplu taşıma hizmetleri genellikle ücretsiz olup, birçok şehirde çocuklar için özel ulaşım kolaylıkları sağlanmaktadır. Milli bayramımızın coşkusunu yaşamak isteyenler için tüm yurtta resmi törenler, okul gösterileri ve çocuk şenlikleri düzenlenecektir.",
    "url": "https://www.cnnturk.com/turkiye/23-nisanda-universiteler-tatil-mi-23-nisan-resmi-tatil-mi-23-nisan-ulusal-egemenlik-ve-cocuk-bayraminda-okullar-tatil-mi-2267432",
    "source": "cnnturk",
    "genre": "turkiye",
    "article_date": "2025-04-22T12:17:36.891208",
    "request_date": "2025-04-22T12:17:36.891208",
    "is_empty": false
}