{
  "id": null,
  "articleId": "6364514f-a7ec-4d58-bb92-b13838e397c6",
  "title": "Dinozor Genç, Kaza, Hastanede, Fenerbahçe",
  "content": "",
  "summary": "Isparta'da dinozor kostümüyle ünlenen 17 yaşındaki genç, trafik kazasında ağır yaralandı.",
  "longerSummary": "17 yaşındaki Berkay Başa, yaklaşık iki ay boyunca Isparta sokaklarında dinozor kostümü giyerek tanınırlık kazandı.  Sosyal medyada ve şehirde büyük ilgi gören Başa, bir gün polis tarafından GBT kontrolüne tabi tutuldu. Bu olay eğlenceli bir şekilde medyaya yansıdı. Ancak 17 Nisan 2025'te motosikletiyle seyir halindeyken önüne çıkan bir araca çarpmamak için fren yapınca düştü ve ağır yaralandı.  Kazada altı kaburgası ve omurga kemiği kırılan Başa, Isparta Şehir Hastanesi'nde tedavi altına alındı.  Kaza yapan araç olay yerinden kaçtı ve hala tespit edilemedi. Polis soruşturma yürütüyor.\n\nHastanede tedavi gören Başa, kazanın ardından \"nazar değdiğini\" düşündüğünü söyledi ve iyileştikten sonra dinozor kostümünü tekrar giyip sokaklara döneceğini belirtti.  Ailesi, büyük bir Fenerbahçe taraftarı olan Başa'ya hastane odasında Fenerbahçe formalarıyla sürpriz yaptı.  Başa, bu sürpriz sayesinde moral bulduğunu ve ilk kez yataktan kalktığını ifade etti.  Fenerbahçe'nin şampiyonluklarından mahrum kaldığına ve takımın kaybetmesinin ağrılarını arttırdığına değinen Başa, Fenerbahçe başkanı Ali Koç'tan kendisine Fenerbahçeli bir dinozor kostümü yaptırılmasını rica etti.",
  "category": "Magazin",
  "tags": [],
  "source": [
    "https://www.turkiyegazetesi.com.tr/gundem/dinozor-kostumuyle-taninmisti-trafik-kazasinda-agir-yaralanan-ispartali-genc-sampiyonluk-gelmedi-fenerbahceli-kostum-gelsin-1110493",
    "https://www.dunya.com/gundem/turkiye-onu-dinozor-kostumuyle-tanidi-trafik-kazasinda-agir-yaralandi-haberi-773165"
  ],
  "location": null,
  "popularityScore": 0,
  "createdAt": null,
  "image": "image.jpg",
  "priority": null
}