{
    "title": "Altın seriye bağladı: Rekor üstüne rekor kırıyor",
    "content": "Altın fiyatları, ABD BaşkanıDonald Trump’ın Fed BaşkanıJerome Powell’a yönelik eleştirilerinin ardından artan ekonomik belirsizlik endişeleriyle bugün rekor seviyelere ulaştı. 3 bin 500 doları gördü ve tüm zamanların en yüksek seviyesine ulaştı. Gram altın da 4 bin 305 liraya ulaştı. Altın fiyatları, ABD Başkanı Donald Trump’ın Fed Başkanı Jerome Powell’a yönelik eleştirilerinin ardından artan ekonomik belirsizlik endişeleriyle bugün rekor seviyelere ulaştı. Yatırımcıların riskten kaçınarak güvenli liman olan altına yönelmesi, değerli metalin yükselişini destekledi. Spot altının ons fiyatı, yüzde 2'yi aşkın artışla 3 bin 500 doları gördü ve tüm zamanların en yüksek seviyesine ulaştı. Ons altın şu sıralar 3 bin 494 dolardan işlem görüyor. ABD altın vadeli işlemleri ise yüzde 1,7 değer kazanarak 3 bin 482,40 dolara çıktı. ABD'de ticari belirsizliklerin ardından yükselişe geçen ons altın, gram altın fiyatlarına da pozitif yönlü etki sağlıyor. Gram altın yüzde 2'lik yükselişin ardından 4 bin 305 liraya kadar ulaştı ve yeni bir rekor kırdı. Altının gram fiyatı şu sıralar 4 bin 300 lira seviyesinde seyrini sürdürüyor.   ",
    "url": "https://t24.com.tr/haber/altin-seriye-bagladi-rekor-ustune-rekor-kiriyor,1234308",
    "source": "t24",
    "genre": "haber",
    "article_date": "2025-04-22T12:18:36.801675",
    "request_date": "2025-04-22T12:18:36.801675",
    "is_empty": false
}