{
    "title": "Dolar endeksi de 3 yılın en düşük seviyesini gördü: Gözler onsta!",
    "content": "Altın, küresel ekonomik endişelerin ve jeopolitik gerilimlerin etkisiyle yeni rekorunu kırdı. Yeni haftaya yükselişle başlayan altının ons fiyatı yüzde 2 artışla 3 bin 400 doları geçerek tarihindeki en yüksek seviyeye ulaştı. Ons altında yılbaşından bu yana yüzde 29'u aşan yükseliş kaydedildi. İçeride de gram altın yeni zirvesini gördü.ARTIŞ YÜZDE 40'I AŞTI4 bin 185 liraya çıkarak rekor kıran gram altının yılbaşından bu yana kaydettiği yükseliş yüzde 40'ı aştı. ABD Başkanı Donald Trump'ın etkisiyle değer kaybeden dolar endeksi 97,9 ile Mart 2022'den bu yana en düşük seviyesini görürken, euro/dolar paritesi de 1,1573 ile Kasım 2021'den bu yana en yüksek seviyesine çıktı.'ALTINI OLAN KURALI KOYAR'ABDBaşkanı Trump, pazarlıkta başarı elde etmekle altına sahip olmak arasındaki bağa işaret etti. Trump, yaptığı paylaşımda \"Müzakere ve başarının altın kuralları: Altını olan kuralları koyar. Teşekkürler\" ifadelerine yer verdi. Ayrıca, ABD ile ticaret yapan ülkelere uygulanan vergiler yüzünden kendisini eleştiren işadamlarını hedef alan Trump, onların politika bilmediğini söyledi. Trump, \"Benim, Amerikan kapitalizminin şimdiye kadar sahip olduğu en büyük dost olduğumu anlamıyorlar veya farkında değiller\" dedi. ",
    "url": "https://www.takvim.com.tr/ekonomi/2025/04/22/dolar-endeksi-de-3-yilin-en-dusuk-seviyesini-gordu-gozler-onsta",
    "source": "takvim",
    "genre": "ekonomi",
    "article_date": "2025-04-22T12:18:11.634672",
    "request_date": "2025-04-22T12:18:11.634672",
    "is_empty": false
}