{
    "title": "Van’da 4.0 büyüklüğünde deprem",
    "content": "AFET ve Acil Durum BaşkanlığıDepremDairesi verilerine göre saat 03.39’da merkez üssüVan’ınBaşkaleilçesinde Richter ölçeğine göre 4.0 büyüklüğünde deprem kaydedildi. Zeminden 6,95 kilometre derinlikte meydana gelen deprem Van ve ilçelerinde hissedildi. Kısa süreli endişe yaratan deremde ilk belirlemelere göre herhangi bir olumsuzluk yaşanmadı.",
    "url": "https://www.cnnturk.com/turkiye/vanda-4-0-buyuklugunde-deprem-2273462",
    "source": "cnnturk",
    "genre": "turkiye",
    "article_date": "2025-04-22T12:17:35.756459",
    "request_date": "2025-04-22T12:17:35.756459",
    "is_empty": false
}