{
    "title": "Van'da deprem: İlçelerde de hissedildi!",
    "content": "T24 Haber Merkezi Van’ın Başkale ilçesinde 4.0 büyüklüğünde deprem bir meydana geldi. Depremde ilk belirlemelere göre herhangi bir olumsuzluk yaşanmadı. Afet ve Acil Durum Başkanlığı Deprem Dairesi verilerine göre saat 03.39’da merkez üssü Van’ın Başkale ilçesinde Richter ölçeğine göre 4.0 büyüklüğünde deprem kaydedildi. Zeminden 6,95 kilometre derinlikte meydana gelen deprem Van ve ilçelerinde hissedildi. İlk belirlemelere göre herhangi bir olumsuzluk yaşanmadı.    ",
    "url": "https://t24.com.tr/haber/van-da-deprem-ilcelerde-de-hissedildi,1234265",
    "source": "t24",
    "genre": "haber",
    "article_date": "2025-04-22T12:18:37.337763",
    "request_date": "2025-04-22T12:18:37.337763",
    "is_empty": false
}