{
    "title": "EuroLeague'de sezonun MVP'si Kendrick Nunn oldu",
    "content": "Organizasyonun internet sitesinde yer alan açıklamaya göre Nunn, taraftar, medya, başantrenör ve takım kaptanları tarafından yapılan oylama sonucu 2024-2025 sezonununMVP'si oldu. Kariyerinde ilk kez bu ünvana layık görülen 29 yaşındaki Nunn, normal sezonda 21,1 sayı, 3,6 ribaunt, 4,3 asist ve 1 top çalma ortalamalarıyla oynadı. Ergin Ataman'ın başantrenörlüğünde normal sezonu üçüncü sırada bitirerek play-off'larda Anadolu Efes ile eşleşen Panathinaikos'un skoreri Nunn, maç başına 20,3 verimlilik puanı üretti. Nunn, sayı kralı olduğu sezonun en iyi 5'ine de girdi.",
    "url": "https://www.cnnturk.com/spor/basketbol/euroleaguede-sezonun-mvpsi-kendrick-nunn-oldu-2273355",
    "source": "cnnturk",
    "genre": "spor",
    "article_date": "2025-04-22T12:17:36.273780",
    "request_date": "2025-04-22T12:17:36.273780",
    "is_empty": false
}