{
    "title": "Kendrick Nunn,THY Avrupa Ligi'nde sezonun MVP'si oldu!",
    "content": "Euroleague takımlarından Panathinaikos AKTOR'da forma giyen Kendrick Nunn, taraftar, medya, başantrenör ve takım kaptanları tarafından yapılan oylama sonucu 2024-2025 sezonunun MVP'si oldu. Kariyerinde ilk kez bu ünvana layık görülen 29 yaşındaki Nunn, normal sezonda 21,1 sayı, 3,6 ribaunt, 4,3 asist ve 1 top çalma ortalamalarıyla oynadı. Ergin Ataman'ın başantrenörlüğünde normal sezonu üçüncü sırada bitirerek play-off'larda Anadolu Efes ile eşleşen Panathinaikos'un skoreri Nunn, maç başına 20,3 verimlilik puanı üretti. Nunn, sayı kralı olduğu sezonun en iyi 5'ine de girdi.",
    "url": "https://www.sabah.com.tr/spor/basketbol/2025/04/21/kendrick-nunn-thy-avrupa-liginde-sezonun-mvpsi-oldu",
    "source": "sabah",
    "genre": "spor",
    "article_date": "2025-04-22T12:17:44.012069",
    "request_date": "2025-04-22T12:17:44.012069",
    "is_empty": false
}