{
    "title": "Bakan Yerlikaya'dan uyuşturucu operasyonu açıklaması",
    "content": "Bakan Yerlikaya, İstanbul'da düzenlenen uyuşturucu operasyonları hakkında bilgi verdi. Yerlikaya sosyal medya hesabından yaptığı paylaşımında,\"801,5 kilogram metamfetamin ele geçirdik. İstanbul'un Arnavutköy ilçesinde düzenlediğimiz operasyonda, 29 parça halinde 773 kilogram metamfetamin ile kristal halde 28,5 kilogram metamfetamin uyuşturucu maddesi ele geçirdik. 2 şüpheli zehir taciri yakalandı. Gaziosmanpaşa Cumhuriyet Başsavcılığı ile Emniyet Genel Müdürlüğü Narkotik Suçlarla Mücadele Başkanlığı koordinesinde, İstanbul İl Emniyet Müdürlüğü Narkotik Suçlarla Mücadele Şube Müdürlüğünce yapılan çalışmalar sonucu Arnavutköy ilçesinde operasyon düzenledik\"ifadelerini kullandı. Operasyonu düzenleyen Başsavcılık ve İstanbul İl Emniyet Müdürlüğünü tebrik eden Bakan Yerlikaya,\"Operasyonu koordine eden Gaziosmanpaşa Cumhuriyet Başsavcılığımızı ve operasyonu gerçekleştiren İstanbul İl Emniyet Müdürlüğümüz ile kahraman polislerimizi tebrik ediyorum. Uyuşturucu, insanlığın en büyük düşmanıdır. Buna cüret eden zehir tacirleriyle ülkemiz ve insanlık adına mücadele etmeye devam edeceğiz\"dedi.",
    "url": "https://www.ahaber.com.tr/gundem/2025/04/22/bakan-yerlikayadan-uyusturucu-operasyonu-aciklamasi",
    "source": "ahaber",
    "genre": "gundem",
    "article_date": "2025-04-22T12:17:20.102938",
    "request_date": "2025-04-22T12:17:20.102938",
    "is_empty": false
}