{
    "title": "İstanbul'da zehir tacirlerine operasyon! 2 kişi yakalandı",
    "content": "22.04.2025 - 08:05 |                                 Son Güncellenme:22.04.2025 - 08:29 AA Bakan Yerlikaya, sosyal medya hesabından yaptığı paylaşımda, operasyonun, Gaziosmanpaşa Cumhuriyet Başsavcılığı ileEmniyetGenel MüdürlüğüNarkotikSuçlarla Mücadele Başkanlığı koordinesinde, İstanbul İl Emniyet Müdürlüğü Narkotik Suçlarla Mücadele Şube Müdürlüğünce gerçekleştirildiğini kaydetti. Bakan Yerlikaya, Arnavutköy'de düzenlenen operasyonda, 29 parça halinde 773 kilogram sıvı metamfetamin ile kristal halde 28,5 kilogram metamfetamin uyuşturucu maddesi ele geçirildiğini ve zehir taciri 2 şüphelinin yakalandığını belirtti. Operasyonu koordine eden Gaziosmanpaşa Cumhuriyet Başsavcılığını ve görev alan polisleri tebrik eden Yerlikaya, \"Uyuşturucu, insanlığın en büyük düşmanıdır. Buna cüret eden zehir tacirleriyle ülkemiz ve insanlık adına mücadele etmeye devam edeceğiz.\" ifadesini kullandı. “801,5 kg Metamfetamin Ele Geçirdik”İstanbul'un Arnavutköy ilçesinde düzenlediğimiz operasyonda;🔻29 parça halinde 773 kg sıvı metamfetamin ile🔻Kristal halde 28,5 kg metamfetamin uyuşturucu maddesi ele geçirdik.➡️ 2 şüpheli Zehir Taciri yakalandı.Gaziosmanpaşa…pic.twitter.com/cvTG6SmGWg— Ali Yerlikaya (@AliYerlikaya)April 22, 2025İLGİNİZİ ÇEKEBİLİRTürkiye F-35'e mi dönüyor? 2 iddia gündemde: 'Uçaklar kısa sürede katılabilir'Haberi GörüntüleİLGİNİZİ ÇEKEBİLİRBankada parası olanlar dikkat! Faizde dengeler değişiyor: İşte yeni oranlarHaberi Görüntüle “801,5 kg Metamfetamin Ele Geçirdik”İstanbul'un Arnavutköy ilçesinde düzenlediğimiz operasyonda;🔻29 parça halinde 773 kg sıvı metamfetamin ile🔻Kristal halde 28,5 kg metamfetamin uyuşturucu maddesi ele geçirdik.➡️ 2 şüpheli Zehir Taciri yakalandı.Gaziosmanpaşa…pic.twitter.com/cvTG6SmGWg Cadde| 22.04.2025 - 07:10 Son dönemin en popüler isimlerimden biri olan ünlü oyuncu Afra Saraçoğlu imaj değişikliğine gitti. Yeni saçlarını Instagram hesabından paylaşan Afra Saraçoğlu binlerce beğeni aldı. Türkiye'den ve Dünya’dan son dakika haberler, köşe yazıları, magazinden siyasete, spordan seyahate bütün konuların tek adresi milliyet.com.tr; Milliyet.com.tr haber içerikleri izin alınmadan, kaynak gösterilerek dahi iktibas edilemez, kanuna aykırı ve izinsiz olarak kopyalanamaz, başka yerde yayınlanamaz.",
    "url": "https://www.milliyet.com.tr/gundem/istanbulda-zehir-tacirlerine-operasyon-2-kisi-yakalandi-7355825",
    "source": "milliyet",
    "genre": "gundem",
    "article_date": "2025-04-22T12:16:45.333761",
    "request_date": "2025-04-22T12:16:45.333761",
    "is_empty": false
}