{
    "title": "İstanbul'da uyuşturucu operasyonu: 801 kilogram metamfetamin yakalandı",
    "content": "İçişleri Bakanı Ali Yerlikaya sosyal medyadan yaptığı paylaşımda, \"İstanbul'un Arnavutköy ilçesinde düzenlediğimiz operasyonda;29 parça halinde 773 kg sıvı metamfetamin ile kristal halde 28,5 kg metamfetaminuyuşturucumaddesi ele geçirdik.\" dedi.Yerlikaya operasyonda 2 şüphelinin yakalandığını belirtti.",
    "url": "https://www.ntv.com.tr/turkiye/istanbulda-uyusturucu-operasyonu-801-kilogrammetamfetamin-yakalandi,Hc3b9dTqmkegsEEKVTT-XA",
    "source": "ntv",
    "genre": "turkiye",
    "article_date": "2025-04-22T12:17:12.723321",
    "request_date": "2025-04-22T12:17:12.724322",
    "is_empty": false
}