{
    "title": "İstanbul'da 801 kilogram uyuşturucu ele geçirildi!",
    "content": "İçişleri BakanıAli Yerlikaya, İstanbul'da düzenlenen operasyonda 801,5 kilogram \"metamfetamin\"in ele geçirildiğini, zehir taciri 2 şüphelinin yakalandığını bildirdi. Yerlikaya, sosyal medya hesabından yaptığı paylaşımda, operasyonun, Gaziosmanpaşa Cumhuriyet Başsavcılığı ile Emniyet Genel Müdürlüğü Narkotik Suçlarla Mücadele Başkanlığı koordinesinde, İstanbul İl Emniyet Müdürlüğü Narkotik Suçlarla Mücadele Şube Müdürlüğünce gerçekleştirildiğini kaydetti. Bakan Yerlikaya, Arnavutköy'de düzenlenen operasyonda, 29 parça halinde 773 kilogram sıvı metamfetamin ile kristal halde 28,5 kilogram metamfetamin uyuşturucu maddesi ele geçirildiğini ve zehir taciri 2 şüphelinin yakalandığını belirtti. Operasyonu koordine eden Gaziosmanpaşa Cumhuriyet Başsavcılığını ve görev alan polisleri tebrik eden Yerlikaya, \"Uyuşturucu, insanlığın en büyük düşmanıdır. Buna cüret eden zehir tacirleriyle ülkemiz ve insanlık adına mücadele etmeye devam edeceğiz\" ifadesini kullandı.  ",
    "url": "https://t24.com.tr/haber/istanbul-da-801-kilogram-uyusturucu-ele-gecirildi,1234285",
    "source": "t24",
    "genre": "haber",
    "article_date": "2025-04-22T12:18:37.529252",
    "request_date": "2025-04-22T12:18:37.529252",
    "is_empty": false
}