{
    "title": "İmamoğlu'ndan Almanya hükûmetine Eurofighter tepkisi: Türkiye Erdoğan'dan büyüktür, bu kararı geri almanızı istirham ediyorum",
    "content": "T24 Haber CHP'nin Cumhurbaşkanı adayı ve İBB'ye yönelik operasyonda tutuklanıp görevinden alınan İstanbul Büyükşehir Belediye BaşkanıEkrem İmamoğlu, Türkiye'ye Eurofighter savaş uçağı satışını veto eden Almanya hükümetine seslenerek,\"Türkiye Erdoğan’dan ibaret değildir, Türkiye Erdoğan’dan büyüktür. Hükümetler gelip geçicidir. Türkiye’nin ulusal çıkarları Erdoğan’dan da İmamoğlu’ndan da daha değerlidir. Bu kararınızı geri almanızı istirham ediyorum\"dedi. TIKLAYIN - Alman basını: Hükûmet, İmamoğlu'nun tutuklanması gerekçesiyle Türkiye'ye Eurofighter satışını engelledi Almanya'da yayın yapan Handelsblatt, görevini yeni hükûmete devretmeye hazırlanan Sosyal Demokrat Parti (SPD)-Yeşiller koalisyonunun Türkiye'ye Eurofighter Typoon tipi savaş uçaklarının satışını engellediğini yazdı. Habere göre; Alman hükûmetine yakın kaynaklar, veto kararının nedeni olarak İstanbul Büyükşehir Belediye (İBB) Başkanı Ekrem İmamoğlu'nun tutuklanmasını gösterdi. Silivri Cezaevi'nde tutuklu bulunan İBB Başkanı ve CHP'nin cumhurbaşkanı adayı Ekrem İmamoğlu ise sosyal medya hesabından Almanya hükümetine seslenen bir paylaşım yaptı. İmamoğlu, yaptığı paylaşımda şu ifadeleri kullandı: \"Basından öğrendiğim kadarıyla, Silivri’ye hapsedilmemiz üzerine, Alman Hükümeti hava kuvvetlerimizin büyük ihtiyacı olan ve uzun zamandır beklediğimiz Eurofighter savaş uçağının Türkiye’ye satışını veto etmiş. Almanya’da görevi devralmaya hazırlanan yeni hükümete seslenmek istiyorum: Türkiye Erdoğan’dan ibaret değildir, Türkiye Erdoğan’dan büyüktür. Hükümetler gelip geçicidir. Türkiye’nin ulusal çıkarları Erdoğan’dan da İmamoğlu’ndan da daha değerlidir. Bu kararınızı geri almanızı istirham ediyorum. Erdoğan iktidarının sonu göründü. Türkiye’nin yeni iktidarı, Avrupa Birliğiyle ve Almanya dahil bütün müttefiklerimizle, karşılıklı menfaatlerimiz, hukukun üstünlüğü ve insan haklarına dayalı demokrasi ilkeleri çerçevesinde çalışacaktır. Bizim iktidarımızda Türkiye’nin AB’ye tam üye olacağına dair en ufak bir şüphemiz yoktur.\" ",
    "url": "https://t24.com.tr/haber/imamoglu-almanya-hukumetine-seslendi-turkiye-erdogan-dan-buyuktur-bu-karari-geri-almanizi-istirham-ediyorum-,1234247",
    "source": "t24",
    "genre": "haber",
    "article_date": "2025-04-22T12:18:36.831713",
    "request_date": "2025-04-22T12:18:36.831713",
    "is_empty": false
}