{
    "title": "Almanya, 'İmamoğlu' gerekçesiyle Eurofighter satışını veto etti; CHP devreye girdi: \"Siyaset üstü bir konu\"",
    "content": "Alman hükümetinin Türkiye’ye Eurofighter satışına İBB Başkanı ve CHP'nin ‘Ekrem İmamoğlu’nun tutuklanması’ sebebiyle veto etmesi yönündeki iddialar gündemde yerini korurken CHP'liYankı Bağcıoğlukonuyu değerlendirdi. Bağcıoğlu, bunun 'siyaset üstü' bir mesele olduğunu belirterek; \"Eurofighter tedariğine ilişkin, başta CHP Genel Başkanı Özgür Özel ve özellikle AB ile yakın temasta olan parlamenterler tarafından sürecin hızlandırılarak tamamlanmasına yönelik girişim ve çabalarımız devam etmektedir” dedi. Almanya’nın önde gelen gazetelerinden Handelsblatt, Alman hükümetinin Türkiye’ye ‘Eurofighter satışına izin vermeme’ kararı aldığını ve gerekçesinin de ‘İstanbul Büyükşehir Belediyesi Başkanı ve CHP’nin cumhurbaşkanı adayı Ekrem İmamoğlu’nun tutuklanması olduğunu’ öne sürdü. Cumhuriyet'inhaberinegöre; CHP’nin Milli Savunma Politikalarından Sorumlu Genel Başkan Yardımcısı Yankı Bağcıoğlu ise güçlü bir milli savunma sanayinin milli güvenlik açısından vazgeçilmez temel unsur olduğunu belirterek konunun ‘siyaset dışı’ tutulması gerektiğini söyledi. Bağcıoğlu, “Onlarca yılın ürünü olan başarılı projeler siyasi görüş farkı olmaksızın her Türk vatandaşının ortak gururudur. Elde edilen başarıların yanı sıra yönetim zafiyetinden oluşan eksiklikler için gerekli tedbirlerin alınması da önemli bir zorunluluktur. Değişik strateji, politika ve yönetimsel hatalar nedeni ile Hava Kuvvetleri Komutanlığı envanterine son 20 yılda sadece 30 F16 uçağının katılabilmesi bu çerçevede irdelenmelidir” dedi. ‘F-35 tedariğinin akamete uğraması’ ve ‘Kaan MMU uçak projesinin olması gerekenden daha geç başlamasının’ bu zafiyetlerin bir sonucu olduğunu vurgulayan Bağcıoğlu, “Son dönemde Eurofighter tedarikine Almanya’nın karşı çıktığı, nihai kararın yeni hükümet tarafından verileceği iddiaları mevcuttur. Eurofighter tedariğine ilişkin, başta CHP Genel Başkanı Özgür Özel ve özellikle AB ile yakın temasta olan parlamenterler tarafından son ana kadar sürecin hızlandırılarak tamamlanmasına yönelik girişim ve çabalarımız devam etmektedir. Milli hak ve menfaatlerimize yönelik her konuda olduğu gibi savunma sanayi konusunda da her türlü desteğe devam edeceğiz” ifadelerini kullandı.   ",
    "url": "https://t24.com.tr/haber/almanya-imamoglu-gerekcesiyle-eurofighter-satisini-veto-etti-chp-devreye-girdi-siyaset-ustu-bir-konu,1234345",
    "source": "t24",
    "genre": "haber",
    "article_date": "2025-04-22T12:18:36.343510",
    "request_date": "2025-04-22T12:18:36.343510",
    "is_empty": false
}