{
  "id": null,
  "articleId": "e81219e9-e903-48d3-a23b-aa2212dacb15",
  "title": "Amenerrasulü: Okunuşu, Anlamı, Faziletleri",
  "content": "",
  "summary": "Amenerrasulü, Bakara Suresi'nin son iki ayetidir.  Okunmasının faziletleri hadislerde belirtilmiştir. İnşirah Suresi'nin de okunması tavsiye edilir.",
  "longerSummary": "Bu metinler, Kur'an'ın Bakara suresinin son iki ayeti olan \"Âmenerrasûlü\" (285-286) ve İnşirah suresinin (94) anlamı, faziletleri ve tefsirleriyle ilgili detaylı bilgi sunmaktadır.\n\n**Âmenerrasûlü (Bakara 285-286):**\n\n* **Anlamı:**  Bu ayetler, Peygamber Muhammed'in (sav) Allah'tan gelen vahiye olan imanını, müminlerin de Allah'a, meleklerine, kitaplarına ve peygamberlerine olan imanını ve aralarında ayırım yapmamalarını anlatır. İkinci ayet ise, Allah'ın kimseye gücünün yetmediği bir yük yüklemeyeceğini, her kişinin kendi amellerinin sonuçlarına katlanacağını belirtir. Müminlerin, unutma veya hata durumunda Allah'tan af diledikleri bir dua da yer alır.\n\n* **Faziletleri:**  Hadisler ve sahabelerin sözlerine göre, Âmenerrasûlü'nün geceleyin okunmasının birçok faydası vardır. Bunlar arasında gece ibadetinin sevabını kazanmak, kötülüklerden korunmak,  ruhsal ferahlık ve huzur bulmak sayılabilir.  Bazı rivayetlerde,  Peygamber Efendimizin (sav) Miraç'ta bu ayetleri almış olduğu ve Osmanlı Şeyhülislamı Muhammed Ebussuud Efendi'nin de bu ayetleri tefsir ettiği belirtilmiştir.  Hadisler, bu ayetlerin okunmasının birçok dünya ve ahiret faydası olduğundan bahsetmektedir.  Hz. Ömer ve Hz. Ali gibi sahabeler de bu ayetlerin okunmasını tavsiye etmişlerdir. Cenaze namazından sonra da okunmasının müstehap olduğuna dair rivayetler vardır.\n\n* **Okunuşu (Latin Alfabesiyle):** Metinde ayetlerin Arapça yazılışı ve Türkçe meali verilmiştir.\n\n**İnşirah Suresi (94):**\n\n* **Anlamı:**  Arapçada \"genişleme, açılma\" anlamına gelen İnşirah suresi, sekiz ayetten oluşur.  Peygamber Muhammed'in (sav) \"şakk-ı sadr\" (göğsünün yarılması) hadisesine işaret eder. Bu olayda, Peygamberin (sav) kalbi açılmış,  ihtilaf ve zorluklar giderilmiştir. Sure, zorluklardan sonra kolaylığın, sıkıntıdan sonra ferahlığın geleceğine işaret eder ve  Allah'a yönelmeyi tavsiye eder.\n\n* **Faziletleri:**  Hadislerde, İnşirah suresinin okunmasının ruhsal ferahlık, sıkıntıların giderilmesi ve gönül huzuru sağladığı belirtilmiştir.  Peygamber Efendimizin (sav) yaşadığı şakk-ı sadr hadisesi,  bu surenin faziletine  önemini vurgulamaktadır.\n\n* **Okunuşu (Latin Alfabesiyle):** Metinde ayetlerin Arapça yazılışı ve Türkçe meali verilmiştir.\n\n* **Şakk-ı Sadr Hadisesi:** Metinde, Peygamber Efendimizin (sav) çocukluğunda yaşadığı ve göğsünün açılıp temizlendiğini anlatan detaylı bir rivayet yer almaktadır.  Bu rivayet, Halime Hatun'un anlatımıyla aktarılmıştır.\n\n\nHer iki sure için de metin, farklı tefsir kitaplarından alıntılar sunarak farklı alimlerin yorumlarını da içermektedir.  Metnin genel amacı, bu iki surenin önemini, faziletlerini ve tefsirlerini geniş bir şekilde açıklamak ve okuyucuyu bilgilendirmektir.",
  "category": "Din",
  "tags": [],
  "source": [
    "https://www.turkiyegazetesi.com.tr/yasam/amenerrasulu-turkce-anlami-okunusu-ve-faziletleri-bakara-suresinin-bu-ayetlerini-ne-zaman-okumaliyiz-1063910",
    "https://www.turkiyegazetesi.com.tr/yasam/insirah-suresi-okunusu-ve-faziletleri-derin-anlamiyla-birlikte-bu-sure-ne-zaman-okunmali-1064742"
  ],
  "location": null,
  "popularityScore": 0,
  "createdAt": null,
  "image": "image.jpg",
  "priority": null
}