{
  "id": null,
  "articleId": "9e06ec2f-44b2-4a7d-8dba-284d60a9741e",
  "title": "Türkiye Enerji Üretimi Arttırıyor",
  "content": "",
  "summary": "Türkiye, enerji ithalatını azaltmak için yurt içi üretimi artırıyor.  Sakarya Gaz Sahası'nın ilk fazı tamamlandı, yeni sahalarda arama çalışmaları sürüyor.  Diyarbakır ve Trakya'da yeni sondajlar planlanıyor.  Yurtdışı arama faaliyetleri de genişliyor.",
  "longerSummary": "Türkiye, enerji bağımsızlığı hedefiyle petrol ve doğalgaz ithalatını azaltmaya yönelik kapsamlı bir strateji uyguluyor.  Enerji ve Tabii Kaynaklar Bakanı Alparslan Bayraktar'ın açıklamalarına göre;\n\n**Yerli Üretim:**\n\n* **Gabar Sahası:** Günlük 80.000 varil petrol üretimi gerçekleştiriliyor.\n* **Sakarya Gaz Sahası:** Birinci faz tamamlandı ve günlük 9,5 milyon metreküp doğalgaz üretimi sağlanıyor. İkinci faz ile üretimin iki katına çıkarılması hedefleniyor (2028 hedefi: günlük 40 milyon metreküp).  Bu miktar, 4 milyondan fazla hanenin doğalgaz ihtiyacını karşılayabiliyor.\n* **Diyarbakır:** 4 sahada konvansiyonel olmayan petrol ve doğalgaz üretimi için ABD'li bir şirketle ortaklık kuruldu. 2025 yılında sondaj çalışmalarına başlanması planlanıyor.\n* **Trakya:** Doğalgaz potansiyeli olan bir arama programı başlatıldı.\n\n**Yurtdışı Faaliyetler:**\n\n* **Azerbaycan/Hazar Havzası:** İki yeni açık deniz sahasında faaliyet gösteriliyor.\n* **Irak (Kuzey ve Güney Basra):** Petrol ve doğalgaz arama çalışmaları devam ediyor.\n* **Rusya:** Mevcut faaliyetlerin artırılması hedefleniyor.\n* **Somali:** Karada 3, açık denizde 3 blok olmak üzere toplam 6 blokta arama izni alındı.  Açık denizdeki sismik çalışmalar Mayıs sonu tamamlanacak, yıl sonuna kadar sondaj kararı verilecek.\n* **Pakistan:** Pakistan açık denizlerinde arama yapmak için anlaşma imzalandı.\n* **Bulgaristan:** Bulgaristan ekonomik bölgesinde bir blok için yabancı bir şirketle ortaklık kurulacak (anlaşma önümüzdeki ay tamamlanacak).\n* **Macaristan:** MOL şirketi ile stratejik bir ortaklık anlaşması imzalandı.\n* **Türkmenistan:** 1 Mart'tan itibaren doğalgaz ithalatı başladı ve petrol ve doğalgaz sahalarıyla ilgili çalışmalar devam ediyor.\n* **Libya:** Yeni anlaşmaların kısa süre içinde duyurulması bekleniyor.\n\n**Genel Strateji:**  Türkiye, hem yerli üretimi artırmayı hem de ithalat kaynaklarını çeşitlendirmeyi ve maliyetleri düşürmeyi hedefliyor.  Özellikle LNG (sıvılaştırılmış doğalgaz) alanında işbirliklerinin ve ticaretin artması bekleniyor.  Türk petrol ve doğalgaz arama kapasitesindeki gelişmeler, yurtdışı işbirliklerinde önemli bir rol oynuyor.",
  "category": "Ekonomi",
  "tags": [],
  "source": [
    "https://www.sabah.com.tr/ekonomi/diyarbakirda-petrol-trakyada-gaz-7338722",
    "https://www.ahaber.com.tr/ekonomi/2025/04/21/diyarbakirda-petrol-trakyada-dogal-gaz-yeni-kesif-icin-arama-calismasi"
  ],
  "location": null,
  "popularityScore": 0,
  "createdAt": null,
  "image": "image.jpg",
  "priority": null
}